Entity,Code,Year,Renewables (% equivalent primary energy),Geo Biomass Other - TWh,Solar Generation - TWh,Wind Generation - TWh,Hydro Generation - TWh,Electricity from wind (TWh)_x,Electricity from hydro (TWh)_x,Electricity from solar (TWh)_x,Other renewables including bioenergy (TWh),Renewables (% electricity),Electricity from hydro (TWh)_y,Hydro (% equivalent primary energy),Hydro (% electricity),Electricity from wind (TWh)_y,Wind (% equivalent primary energy),Wind (% electricity),Electricity from solar (TWh)_y,Solar (% equivalent primary energy),Solar (% electricity),Biofuels Production - TWh - Total
Algeria,DZA,1965,4.7630677,0.0,0.0,0.0,0.4,0.0,0.4,0.0,0.0,,0.4,4.7630677,,0.0,0.0,,0.0,0.0,,
Algeria,DZA,1966,3.518747,0.0,0.0,0.0,355,0.0,355,0.0,0.0,,355,3.518747,,0.0,0.0,,0.0,0.0,,
Algeria,DZA,1967,4.2919536,0.0,0.0,0.0,0.41,0.0,0.41,0.0,0.0,,0.41,4.2919536,,0.0,0.0,,0.0,0.0,,
Algeria,DZA,1968,5.4861946,0.0,0.0,0.0,563,0.0,563,0.0,0.0,,563,5.4861946,,0.0,0.0,,0.0,0.0,,
Algeria,DZA,1969,3.1827636,0.0,0.0,0.0,361,0.0,361,0.0,0.0,,361,3.1827636,,0.0,0.0,,0.0,0.0,,
Algeria,DZA,1970,4.6656837,0.0,0.0,0.0,0.58,0.0,0.58,0.0,0.0,,0.58,4.6656837,,0.0,0.0,,0.0,0.0,,
Algeria,DZA,1971,2.4559188,0.0,0.0,0.0,0.33,0.0,0.33,0.0,0.0,,0.33,2.4559188,,0.0,0.0,,0.0,0.0,,
Algeria,DZA,1972,3.2783434,0.0,0.0,0.0,495,0.0,495,0.0,0.0,,495,3.2783434,,0.0,0.0,,0.0,0.0,,
Algeria,DZA,1973,4.175826,0.0,0.0,0.0,752,0.0,752,0.0,0.0,,752,4.175826,,0.0,0.0,,0.0,0.0,,
Algeria,DZA,1974,2.494738,0.0,0.0,0.0,497,0.0,497,0.0,0.0,,497,2.494738,,0.0,0.0,,0.0,0.0,,
Algeria,DZA,1975,1.3782818,0.0,0.0,0.0,328,0.0,328,0.0,0.0,,328,1.3782818,,0.0,0.0,,0.0,0.0,,
Algeria,DZA,1976,1.4010223,0.0,0.0,0.0,389,0.0,389,0.0,0.0,,389,1.4010223,,0.0,0.0,,0.0,0.0,,
Algeria,DZA,1977,0.88172823,0.0,0.0,0.0,269,0.0,269,0.0,0.0,,269,0.88172823,,0.0,0.0,,0.0,0.0,,
Algeria,DZA,1978,0.6521151,0.0,0.0,0.0,0.25,0.0,0.25,0.0,0.0,,0.25,0.6521151,,0.0,0.0,,0.0,0.0,,
Algeria,DZA,1979,0.5792936,0.0,0.0,0.0,291,0.0,291,0.0,0.0,,291,0.5792936,,0.0,0.0,,0.0,0.0,,
Algeria,DZA,1980,0.4290016,0.0,0.0,0.0,257,0.0,257,0.0,0.0,,257,0.4290016,,0.0,0.0,,0.0,0.0,,
Algeria,DZA,1981,0.5029403,0.0,0.0,0.0,366,0.0,366,0.0,0.0,,366,0.5029403,,0.0,0.0,,0.0,0.0,,
Algeria,DZA,1982,0.57087004,0.0,0.0,0.0,479,0.0,479,0.0,0.0,,479,0.57087004,,0.0,0.0,,0.0,0.0,,
Algeria,DZA,1983,0.25644946,0.0,0.0,0.0,235,0.0,235,0.0,0.0,,235,0.25644946,,0.0,0.0,,0.0,0.0,,
Algeria,DZA,1984,0.51367354,0.0,0.0,0.0,452,0.0,452,0.0,0.0,,452,0.51367354,,0.0,0.0,,0.0,0.0,,
Algeria,DZA,1985,0.72826535,0.0,0.0,0.0,646,0.0,646,0.0,0.0,5.2631583,646,0.72826535,5.2631583,0.0,0.0,0.0,0.0,0.0,0.0,
Algeria,DZA,1986,0.26640448,0.0,0.0,0.0,0.25,0.0,0.25,0.0,0.0,1.9258916,0.25,0.26640448,1.9258916,0.0,0.0,0.0,0.0,0.0,0.0,
Algeria,DZA,1987,0.5174273,0.0,0.0,0.0,499,0.0,499,0.0,0.0,3.9223394,499,0.5174273,3.9223394,0.0,0.0,0.0,0.0,0.0,0.0,
Algeria,DZA,1988,0.17717436,0.0,0.0,0.0,183,0.0,183,0.0,0.0,1.310325,183,0.17717436,1.310325,0.0,0.0,0.0,0.0,0.0,0.0,
Algeria,DZA,1989,0.22495823,0.0,0.0,0.0,226,0.0,226,0.0,0.0,1.4748107,226,0.22495823,1.4748107,0.0,0.0,0.0,0.0,0.0,0.0,
Algeria,DZA,1990,0.1267387,0.0,0.0,0.0,135,0.0,135,0.0,0.0,0.8383011,135,0.1267387,0.8383011,0.0,0.0,0.0,0.0,0.0,0.0,
Algeria,DZA,1991,0.277607,0.0,0.0,0.0,293,0.0,293,0.0,0.0,1.6892477,293,0.277607,1.6892477,0.0,0.0,0.0,0.0,0.0,0.0,
Algeria,DZA,1992,0.18375747,0.0,0.0,0.0,199,0.0,199,0.0,0.0,1.0882642,199,0.18375747,1.0882642,0.0,0.0,0.0,0.0,0.0,0.0,
Algeria,DZA,1993,0.35028014,0.0,0.0,0.0,353,0.0,353,0.0,0.0,1.8182755,353,0.35028014,1.8182755,0.0,0.0,0.0,0.0,0.0,0.0,
Algeria,DZA,1994,0.16257899,0.0,0.0,0.0,166,0.0,166,0.0,0.0,0.83488405,166,0.16257899,0.83488405,0.0,0.0,0.0,0.0,0.0,0.0,
Algeria,DZA,1995,0.1822476,0.0,0.0,0.0,193,0.0,193,0.0,0.0,0.9789501,193,0.1822476,0.9789501,0.0,0.0,0.0,0.0,0.0,0.0,
Algeria,DZA,1996,0.1288034,0.0,0.0,0.0,135,0.0,135,0.0,0.0,0.6536265,135,0.1288034,0.6536265,0.0,0.0,0.0,0.0,0.0,0.0,
Algeria,DZA,1997,0.0744559,0.0,0.0,0.0,75,0.0,75,0.0,0.0,0.34888592,75,0.0744559,0.34888592,0.0,0.0,0.0,0.0,0.0,0.0,
Algeria,DZA,1998,0.20617962,0.0,0.0,0.0,215,0.0,215,0.0,0.0,0.9242542,215,0.20617962,0.9242542,0.0,0.0,0.0,0.0,0.0,0.0,
Algeria,DZA,1999,0.19274342,0.0,0.0,0.0,203,0.0,203,0.0,0.0,0.8199701,203,0.19274342,0.8199701,0.0,0.0,0.0,0.0,0.0,0.0,
Algeria,DZA,2000,0.053235482,0.0,0.0,0.0,54,0.0,0.05,0.0,0.0,0.20929259,0.05,0.053235482,0.20929259,0.0,0.0,0.0,0.0,0.0,0.0,
Algeria,DZA,2001,0.065218486,0.0,0.0,0.0,69,0.0,0.07,0.0,0.0,0.2796644,0.07,0.065218486,0.2796644,0.0,0.0,0.0,0.0,0.0,0.0,
Algeria,DZA,2002,0.05167677,0.0,0.0,0.0,57,0.0,0.06,0.0,0.0,0.23085803,0.06,0.05167677,0.23085803,0.0,0.0,0.0,0.0,0.0,0.0,
Algeria,DZA,2003,0.228104,0.0,0.0,0.0,265,0.0,0.26,0.0,0.0,0.93491554,0.26,0.228104,0.93491554,0.0,0.0,0.0,0.0,0.0,0.0,
Algeria,DZA,2004,0.2067869,0.0,0.0,0.0,251,0.0,0.25,0.0,0.0,0.8506295,0.25,0.2067869,0.8506295,0.0,0.0,0.0,0.0,0.0,0.0,
Algeria,DZA,2005,0.43411878,0.0,0.0,0.0,0.5553,0.0,0.55,0.0,0.0,1.7235976,0.55,0.43411878,1.7235976,0.0,0.0,0.0,0.0,0.0,0.0,
Algeria,DZA,2006,0.16327195,0.0,0.0,0.0,0.2176,0.0,0.22,0.0,0.0,0.6640507,0.22,0.16327195,0.6640507,0.0,0.0,0.0,0.0,0.0,0.0,
Algeria,DZA,2007,0.15990457,0.0,0.0,0.0,226,0.0,0.22,0.0,0.0,0.6289308,0.22,0.15990457,0.6289308,0.0,0.0,0.0,0.0,0.0,0.0,
Algeria,DZA,2008,0.1877543,0.0,0.0,0.0,283,0.0,0.28,0.0,0.0,0.74015325,0.28,0.1877543,0.74015325,0.0,0.0,0.0,0.0,0.0,0.0,
Algeria,DZA,2009,0.21278548,0.0,0.0,0.0,342,0.0,0.3,0.0,0.0,0.8285005,0.3,0.21278548,0.8285005,0.0,0.0,0.0,0.0,0.0,0.0,
Algeria,DZA,2010,0.11513238,0.0,0.0091,0.0,173,0.0,0.17,0.0,0.0,0.39534885,0.17,0.1093806,0.39534885,0.0,0.0,0.0,0.0,0.0057517756,0.0,
Algeria,DZA,2011,0.2352599,0.0,0.01811875,0.0,378,0.0,0.5,0.0,0.0,1.0379905,0.5,0.22449896,1.0379905,0.0,0.0,0.0,0.0,0.010760946,0.0,
Algeria,DZA,2012,0.22453195,0.0,0.026723014,0.0,389,0.0,0.62,0.0,0.0,1.1483607,0.62,0.21009885,1.1483607,0.0,0.0,0.0,0.0,0.014433099,0.0,
Algeria,DZA,2013,0.064763196,0.0,0.0286,0.0,99,0.0,0.33,0.0,0.0,0.58604157,0.33,0.050247308,0.58604157,0.0,0.0,0.0,0.0,0.014515886,0.0,
Algeria,DZA,2014,0.117502466,0.0,0.06,1,193,0.0,0.25,0.0,0.0,0.41390726,0.25,0.089283474,0.41390726,0.0,0.00046247814,0.0,0.0,0.027756516,0.0,
Algeria,DZA,2015,0.096813366,0.0,58,19,145,0.02,0.14,0.06,0.0,0.34013605,0.14,0.06323396,0.21645021,0.02,0.008285812,0.03092146,0.06,0.025293589,0.09276438,
Algeria,DZA,2016,0.14580712,0.0,245,0.019052055,72,0.03,0.22,0.09,0.0,0.509287,0.22,0.031239543,0.32953864,0.03,0.008266354,0.044937085,0.09,0.106301226,0.13481127,
Algeria,DZA,2017,0.24701829,0.0,504,19,56,0.01,0.06,0.57,0.0,0.8951049,0.06,0.023891231,0.08391608,0.01,0.008105944,0.013986014,0.57,0.21502112,0.7972028,
Algeria,DZA,2018,0.28767928,0.0,603,0.01,117,0.01,0.12,0.65,0.0,1.0816808,0.12,0.046107795,0.16641243,0.01,0.003938928,0.013867702,0.65,0.23763257,0.9014006,
Algeria,DZA,2019,0.29474697,0.0,615,0.01,152,0.01,0.15,0.68,0.0,1.0953188,0.15,0.0576596,0.19559266,0.01,0.0037935944,0.013039509,0.68,0.23329379,0.8866866,
Algeria,DZA,2020,0.29789943,0.0,685,0.0077,0.0496,0.01,0.05,0.66,0.0,0.9898268,0.05,0.01990544,0.068737976,0.01,0.003090129,0.013747594,0.66,0.27490386,0.90734124,
Algeria,DZA,2021,0.26136735,0.0,664,0.0105,0.0093,0.01,0.09,0.81,0.0,1.1735878,0.09,0.0035544697,0.11606912,0.01,0.00401298,0.012896569,0.81,0.2537999,1.0446221,
Argentina,ARG,1965,1.1027236,0.0,0.0,0.0,1.2251163,0.0,1.2251163,0.0,0.0,,1.2251163,1.1027236,,0.0,0.0,,0.0,0.0,,
Argentina,ARG,1966,1.0818976,0.0,0.0,0.0,1.2409302,0.0,1.2409302,0.0,0.0,,1.2409302,1.0818976,,0.0,0.0,,0.0,0.0,,
Argentina,ARG,1967,1.0765653,0.0,0.0,0.0,1.2706977,0.0,1.2706977,0.0,0.0,,1.2706977,1.0765653,,0.0,0.0,,0.0,0.0,,
Argentina,ARG,1968,1.2273394,0.0,0.0,0.0,1.4976745,0.0,1.4976745,0.0,0.0,,1.4976745,1.2273394,,0.0,0.0,,0.0,0.0,,
Argentina,ARG,1969,1.0651699,0.0,0.0,0.0,1.3432558,0.0,1.3432558,0.0,0.0,,1.3432558,1.0651699,,0.0,0.0,,0.0,0.0,,
Argentina,ARG,1970,1.3534116,0.05624185,0.0,0.0,1.5571272,0.0,1.5571272,0.0,0.05624185,,1.5571272,1.3026197,,0.0,0.0,,0.0,0.0,,
Argentina,ARG,1971,1.2703215,0.05899074,0.0,0.0,1.5461483,0.0,1.5461483,0.0,0.05899074,,1.5461483,1.2200689,,0.0,0.0,,0.0,0.0,,
Argentina,ARG,1972,1.2349966,0.07602739,0.0,0.0,1.5026463,0.0,1.5026463,0.0,0.07602739,,1.5026463,1.1710343,,0.0,0.0,,0.0,0.0,,
Argentina,ARG,1973,2.2836952,0.05997025,0.0,0.0,2.9974296,0.0,2.9974296,0.0,0.05997025,,2.9974296,2.2354133,,0.0,0.0,,0.0,0.0,,
Argentina,ARG,1974,3.6298018,0.06100323,0.0,0.0,4.994663,0.0,4.994663,0.0,0.06100323,,4.994663,3.582565,,0.0,0.0,,0.0,0.0,,
Argentina,ARG,1975,3.862203,0.063990325,0.0,0.0,5.1947746,0.0,5.1947746,0.0,0.063990325,,5.1947746,3.811517,,0.0,0.0,,0.0,0.0,,
Argentina,ARG,1976,3.5544236,0.060962547,0.0,0.0,5.014902,0.0,5.014902,0.0,0.060962547,,5.014902,3.5083818,,0.0,0.0,,0.0,0.0,,
Argentina,ARG,1977,3.9092395,0.064003065,0.0,0.0,5.7667804,0.0,5.7667804,0.0,0.064003065,,5.7667804,3.8629558,,0.0,0.0,,0.0,0.0,,
Argentina,ARG,1978,5.2276783,0.06397281,0.0,0.0,7.7466183,0.0,7.7466183,0.0,0.06397281,,7.7466183,5.181485,,0.0,0.0,,0.0,0.0,,
Argentina,ARG,1979,6.7023063,0.09498376,0.0,0.0,10.656913,0.0,10.656913,0.0,0.09498376,,10.656913,6.6384325,,0.0,0.0,,0.0,0.0,,
Argentina,ARG,1980,9.552859,0.09901763,0.0,0.0,15.140881,0.0,15.140881,0.0,0.09901763,,15.140881,9.48589,,0.0,0.0,,0.0,0.0,,
Argentina,ARG,1981,9.541531,0.08701801,0.0,0.0,14.684794,0.0,14.684794,0.0,0.08701801,,14.684794,9.480881,,0.0,0.0,,0.0,0.0,,
Argentina,ARG,1982,11.229479,0.1149734,0.0,0.0,17.592196,0.0,17.592196,0.0,0.1149734,,17.592196,11.150805,,0.0,0.0,,0.0,0.0,,
Argentina,ARG,1983,11.303474,0.15497561,0.0,0.0,18.41851,0.0,18.41851,0.0,0.15497561,,18.41851,11.201724,,0.0,0.0,,0.0,0.0,,
Argentina,ARG,1984,12.132671,0.11498845,0.0,0.0,19.877867,0.0,19.877867,0.0,0.11498845,,19.877867,12.057375,,0.0,0.0,,0.0,0.0,,
Argentina,ARG,1985,12.759556,0.12000641,0.0,0.0,20.653124,0.0,20.653124,0.0,0.12000641,45.853027,20.653124,12.680017,45.58814,0.0,0.0,0.0,0.0,0.0,0.0,
Argentina,ARG,1986,12.298526,0.123990245,0.0,0.0,21.030247,0.0,21.030247,0.0,0.123990245,43.15237,21.030247,12.220743,42.89944,0.0,0.0,0.0,0.0,0.0,0.0,
Argentina,ARG,1987,12.247486,0.10598629,0.0,0.0,21.912518,0.0,21.912518,0.0,0.10598629,42.24961,21.912518,12.183867,42.04624,0.0,0.0,0.0,0.0,0.0,0.0,
Argentina,ARG,1988,8.417367,0.12296129,0.0,0.0,15.259144,0.0,15.259144,0.0,0.12296129,29.299515,15.259144,8.344774,29.065302,0.0,0.0,0.0,0.0,0.0,0.0,
Argentina,ARG,1989,7.5435934,0.10600155,0.0,0.0,13.187393,0.0,13.187393,0.0,0.10600155,26.135784,13.187393,7.478697,25.927376,0.0,0.0,0.0,0.0,0.0,0.0,
Argentina,ARG,1990,10.292679,0.13302182,0.0,0.0,17.713175,0.0,17.713175,0.0,0.13302182,34.989185,17.713175,10.209906,34.728382,0.0,0.0,0.0,0.0,0.0,0.0,0.0
Argentina,ARG,1991,9.081444,0.1310081,0.0,0.0,15.869253,0.0,15.869253,0.0,0.1310081,29.710293,15.869253,9.001223,29.467028,0.0,0.0,0.0,0.0,0.0,0.0,0.0
Argentina,ARG,1992,10.206743,0.12998593,0.0,0.0,19.16509,0.0,19.16509,0.0,0.12998593,34.389725,19.16509,10.132553,34.15805,0.0,0.0,0.0,0.0,0.0,0.0,0.0
Argentina,ARG,1993,12.216533,0.09599508,0.0,0.0,23.768307,0.0,23.768307,0.0,0.09599508,38.57245,23.768307,12.1635,38.417286,0.0,0.0,0.0,0.0,0.0,0.0,0.0
Argentina,ARG,1994,13.306406,0.099004395,0.0,0.0,27.286676,0.0,27.286676,0.0,0.099004395,41.73245,27.286676,13.254489,41.581577,0.0,0.0,0.0,0.0,0.0,0.0,0.0
Argentina,ARG,1995,12.535519,0.119016126,0.0,0.0,26.503681,0.0,26.503681,0.0,0.119016126,39.635246,26.503681,12.475042,39.458057,0.0,0.0,0.0,0.0,0.0,0.0,0.0
Argentina,ARG,1996,10.225038,0.22302064,0.0,0.009618,22.471685,0.009618,22.471685,0.0,0.22302064,32.54642,22.471685,10.112366,32.212933,0.009618,0.004328139,0.013787307,0.0,0.0,0.0,0.0
Argentina,ARG,1997,12.514141,0.17875852,0.0,0.014592,27.924665,0.014592,27.924665,0.0,0.17875852,38.803555,27.924665,12.421807,38.536728,0.014592,0.0064909924,0.020137321,0.0,0.0,0.0,0.0
Argentina,ARG,1998,11.482152,0.20689325,1.7e-05,0.032541,26.475504,0.032541,26.475504,1.7e-05,0.20689325,36.01876,26.475504,11.372231,35.695915,0.032541,0.0139775835,0.043873794,1.7e-05,7.3034457e-06,2.2920456e-05,0.0
Argentina,ARG,1999,9.226557,0.26199996,2.6e-05,0.034781,21.396791,0.034781,21.396791,2.6e-05,0.26199996,26.86689,21.396791,9.091587,26.499302,0.034781,0.0147785805,0.043075256,2.6e-05,1.1056523e-05,3.220024e-05,0.0
Argentina,ARG,2000,12.283858,0.3860283,3.6e-05,0.034758,28.575241,0.04,28.49,0.0,0.36,33.88856,28.49,12.092774,33.419353,0.04,0.01470928,0.04692082,0.0,1.5225888e-05,0.0,0.053206034
Argentina,ARG,2001,15.937488,0.36299825,4.3e-05,0.049361,36.580173,0.05,36.65,0.0,0.34,42.82576,36.65,15.746431,42.374844,0.05,0.02124812,0.057810154,0.0,1.851931e-05,0.0,0.106121324
Argentina,ARG,2002,16.249306,0.5299802,4.7e-05,0.073405,35.778835,0.07,35.49,0.0,0.5,44.43623,35.49,15.958025,43.73383,0.07,0.032739975,0.08626001,0.0,2.0968526e-05,0.0,0.106121324
Argentina,ARG,2003,14.408259,0.88059855,6.5e-05,0.077954,33.800575,0.08,33.47,0.0,0.83,39.006126,33.47,13.975237,37.97368,0.08,0.032230996,0.090764694,0.0,2.6889687e-05,0.0,0.106121324
Argentina,ARG,2004,12.1855755,0.86751235,"0,00007",0.072446,30.462402,0.07,30.14,0.0,0.82,32.42763,30.14,11.785715,31.497543,0.07,0.02802891,0.073152885,0.0,2.707599e-05,0.0,0.10641207
Argentina,ARG,2005,12.788524,0.9164998,8.1e-05,0.07171966,34.216137,0.08,33.66,0.0,0.86,34.304974,33.66,12.392465,33.372993,0.08,0.02597556,0.07931787,0.0,2.9337736e-05,0.0,0.106121324
Argentina,ARG,2006,13.449462,1.046309,"0,00009",0.06964,38.015213,0.07,37.57,0.0,1.03,34.712746,37.57,13.023436,33.725315,0.07,0.023857594,0.062836625,0.0,3.0835607e-05,0.0,0.35267234
Argentina,ARG,2007,10.599154,1.0708514,0.0001089,0.061593,31.22015,0.06,30.06,0.0,1.06,28.128101,30.06,10.18465,27.117727,0.06,0.020092895,0.0541272,0.0,3.5572175e-05,0.0,2.007858
Argentina,ARG,2008,10.437064,1.2059801,0.0001437,0.04195108,31.199696,0.04,30.11,0.0,1.13,27.25926,30.11,9.985144,26.23965,0.04,0.013426018,0.034858387,0.0,4.5872686e-05,0.0,7.1122904
Argentina,ARG,2009,11.783506,1.1889358,7.6084e-05,0.036831528,34.618187,0.04,33.53,0.0,1.13,29.836628,33.53,11.326775,28.83061,0.04,0.012050945,0.03439381,0.0,2.4896292e-05,0.0,11.965088
Argentina,ARG,2010,11.661375,1.4423598,"0,08589",0.025351606,33.35991,0.03,33.02,0.0,1.36,28.761284,33.02,10.463687,27.599464,0.03,0.007951787,0.025075225,0.0,2.6933396e-05,0.0,19.893944
Argentina,ARG,2011,10.929448,1.4191314,0.001614,0.02659055,31.18693,0.06,31.03,0.0,1.34,26.419552,31.03,9.461024,25.279022,0.06,0.008066647,0.048879836,0.0,0.00048874883,0.0,25.844816
Argentina,ARG,2012,10.216426,1.484553,0.008172967,0.369862,29.1644,0.82,28.71,0.01,1.39,24.0345,28.71,8.462529,22.309425,0.82,0.10732154,0.63719016,0.01,0.0023722528,0.0077706114,26.502537
Argentina,ARG,2013,10.950079,1.6066635,0.015074079,0.45335487,32.771378,1.01,32.51,0.01,1.5,26.475702,32.51,9.08736,24.571081,1.01,0.12571332,0.7633588,0.01,0.0041799652,0.0075580077,23.838686
Argentina,ARG,2014,11.038978,1.482859,0.015944,0.619491,32.416695,0.62,32.33,0.02,1.4,26.075413,32.33,8.962524,24.52773,0.62,0.17127603,0.47037402,0.02,0.004408179,0.015173356,30.584423
Argentina,ARG,2015,10.907397,1.517351,0.014683,0.593335,32.33747,0.59,31.94,0.01,1.43,24.65346,31.94,8.738676,23.180202,0.59,0.16033915,0.42818782,0.01,0.003967834,0.007257421,23.461845
Argentina,ARG,2016,10.167007,1.1388094,0.014273,0.547359,29.752789,0.54,29.4,0.01,1.07,22.214266,29.4,8.031665,21.05414,0.54,0.14775771,0.3867087,0.01,0.0038529567,0.0071612718,32.768284
Argentina,ARG,2017,10.964719,1.3890371,0.016417,0.611567,31.594284,0.61,31.46,0.02,1.31,24.103342,31.46,8.488072,22.703325,0.61,0.16430265,0.4402107,0.02,0.0044105537,0.014433138,36.23187
Argentina,ARG,2018,11.39763,1.5898329,0.10813,1.412743,32.278667,1.4,31.96,0.11,1.5,25.016096,31.96,8.683492,22.862867,1.4,0.38005105,1.0015023,0.11,0.029088747,0.07868946,31.703428
Argentina,ARG,2019,11.926772,1.6499021,0.79969794,4.9959664,27.504503,4.95,27.33,0.79,1.56,26.006308,27.33,7.789057,20.524181,4.95,1.4148179,3.7173321,0.79,0.2264681,0.59327126,28.55003
Argentina,ARG,2020,12.179417,2.264699,1.344358,9.410639,23.669312,9.32,24.26,1.33,2.14,26.714254,24.26,7.057022,17.492249,9.32,2.8057885,6.720023,1.33,0.4008213,0.9589732,16.743961
Argentina,ARG,2021,11.329249,2.1038966,2.1955633,12.937551,19.597536,12.81,20.19,2.17,2.01,25.347696,20.19,5.3786182,13.764658,12.81,3.5507598,8.733297,2.17,0.6025807,1.479411,23.779903
Australia,AUS,1965,5.5626216,296,0.0,0.0,7.689756,0.0,7.689756,0.0,296,,7.689756,5.340691,,0.0,0.0,,0.0,0.0,,
Australia,AUS,1966,5.0718946,284,0.0,0.0,7.3450427,0.0,7.3450427,0.0,284,,7.3450427,4.86867,,0.0,0.0,,0.0,0.0,,
Australia,AUS,1967,4.9495487,0.29,0.0,0.0,7.6057873,0.0,7.6057873,0.0,0.29,,7.6057873,4.753871,,0.0,0.0,,0.0,0.0,,
Australia,AUS,1968,4.8654675,282,0.0,0.0,7.9505005,0.0,7.9505005,0.0,282,,7.9505005,4.686035,,0.0,0.0,,0.0,0.0,,
Australia,AUS,1969,5.086988,281,0.0,0.0,8.684121,0.0,8.684121,0.0,281,,8.684121,4.9152875,,0.0,0.0,,0.0,0.0,,
Australia,AUS,1970,5.4214506,261,0.0,0.0,10.170687,0.0,10.170687,0.0,261,,10.170687,5.275307,,0.0,0.0,,0.0,0.0,,
Australia,AUS,1971,5.822727,263,0.0,0.0,11.507442,0.0,11.507442,0.0,263,,11.507442,5.6825237,,0.0,0.0,,0.0,0.0,,
Australia,AUS,1972,5.599285,0.28,0.0,0.0,11.553314,0.0,11.553314,0.0,0.28,,11.553314,5.4565244,,0.0,0.0,,0.0,0.0,,
Australia,AUS,1973,5.5886645,338,0.0,0.0,12.285839,0.0,12.285839,0.0,338,,12.285839,5.42747,,0.0,0.0,,0.0,0.0,,
Australia,AUS,1974,5.9551096,429,0.0,0.0,13.87392,0.0,13.87392,0.0,429,,13.87392,5.7627435,,0.0,0.0,,0.0,0.0,,
Australia,AUS,1975,6.297008,489,0.0,0.0,14.887801,0.0,14.887801,0.0,489,,14.887801,6.0813723,,0.0,0.0,,0.0,0.0,,
Australia,AUS,1976,5.7934213,484,0.0,0.0,14.153859,0.0,14.153859,0.0,484,,14.153859,5.587167,,0.0,0.0,,0.0,0.0,,
Australia,AUS,1977,5.269775,429,0.0,0.0,13.54395,0.0,13.54395,0.0,429,,13.54395,5.095537,,0.0,0.0,,0.0,0.0,,
Australia,AUS,1978,5.508696,405,0.0,0.0,14.675349,0.0,14.675349,0.0,405,,14.675349,5.349326,,0.0,0.0,,0.0,0.0,,
Australia,AUS,1979,5.1658406,418,0.0,0.0,14.246056,0.0,14.246056,0.0,418,,14.246056,5.0072346,,0.0,0.0,,0.0,0.0,,
Australia,AUS,1980,4.862272,385,0.0,0.0,13.466598,0.0,13.466598,0.0,385,,13.466598,4.7166986,,0.0,0.0,,0.0,0.0,,
Australia,AUS,1981,4.9303546,404,0.0,0.0,13.8663435,0.0,13.8663435,0.0,404,,13.8663435,4.7800097,,0.0,0.0,,0.0,0.0,,
Australia,AUS,1982,4.6367826,516,0.0,0.0,12.770334,0.0,12.770334,0.0,516,,12.770334,4.442979,,0.0,0.0,,0.0,0.0,,
Australia,AUS,1983,4.5344815,431,0.0,0.0,12.123648,0.0,12.123648,0.0,431,,12.123648,4.3668876,,0.0,0.0,,0.0,0.0,,
Australia,AUS,1984,4.7184544,441,0.0,0.0,13.125949,0.0,13.125949,0.0,441,,13.125949,4.5533056,,0.0,0.0,,0.0,0.0,,
Australia,AUS,1985,4.863155,456,0.0,0.0,13.940511,0.0,13.940511,0.0,456,11.640788,13.940511,4.697283,11.272073,0.0,0.0,0.0,0.0,0.0,0.0,
Australia,AUS,1986,4.7985597,0.46,0.0,0.0,14.025799,0.0,14.025799,0.0,0.46,11.183614,14.025799,4.634474,10.828475,0.0,0.0,0.0,0.0,0.0,0.0,
Australia,AUS,1987,4.532893,0.47,0.0,0.0,13.613796,0.0,13.613796,0.0,0.47,10.369839,13.613796,4.3700223,10.02378,0.0,0.0,0.0,0.0,0.0,0.0,
Australia,AUS,1988,4.6416802,731,0.0,0.0,14.334444,0.0,14.334444,0.0,731,10.507794,14.334444,4.3994775,9.997939,0.0,0.0,0.0,0.0,0.0,0.0,
Australia,AUS,1989,4.4199533,0.81,0.0,0.0,14.253669,0.0,14.253669,0.0,0.81,9.947415,14.253669,4.1644716,9.412524,0.0,0.0,0.0,0.0,0.0,0.0,
Australia,AUS,1990,4.459391,0.7595,0.0,0.0,14.7595,0.0,14.7595,0.0,0.7595,9.9702215,14.7595,4.224702,9.482279,0.0,0.0,0.0,0.0,0.0,0.0,0.0
Australia,AUS,1991,4.7400618,0.7195,0.00545,0.0,15.6535,0.0,15.6535,0.00545,0.7195,10.368504,15.6535,4.5144806,9.909568,0.0,0.0,0.0,0.00545,0.0015713469,0.003450164,0.0
Australia,AUS,1992,4.731717,0.67,0.0121,0.0,15.9415,0.0,15.9415,0.0121,0.67,10.299597,15.9415,4.5230637,9.876984,0.0,0.0,0.0,0.0121,0.0034331074,0.0074968794,0.0
Australia,AUS,1993,4.7594285,0.67,0.0146,2,16387,2,16387,0.0146,0.67,10.323705,16387,4.5538177,9.908545,2,0.0005560368,0.0012093177,0.0146,0.004057215,0.00882802,0.0
Australia,AUS,1994,4.5271807,0.6965,0.0174,0.0055,16.15,0.0055,16.15,0.0174,0.6965,9.914866,16.15,4.3199315,9.4920435,0.0055,0.0014699682,0.0032325846,0.0174,0.004654296,0.010226722,0.0
Australia,AUS,1995,4.239725,0.8255,0.02115,7,15631,7,15631,0.02115,0.8255,9.407731,15631,4.0042224,8.920556,7,0.001792815,0.0039948756,0.02115,0.0054180315,0.01207023,0.0
Australia,AUS,1996,4.236591,0.9465,0.0256,7,15.9685,7,15.9685,0.0256,0.9465,9.408696,15.9685,3.9741788,8.865134,7,0.0017417559,0.0038861472,0.0256,0.0063712257,0.014212195,0.0
Australia,AUS,1997,4.1458387,997,0.03065,0.0075,15.9525,0.0075,15.9525,0.03065,997,8.989149,15.9525,3.87512,8.441391,0.0075,0.0018209878,0.0039686845,0.03065,0.0074453754,0.016218688,0.0
Australia,AUS,1998,4.037756,1081,0.0356,18,15798,18,15798,0.0356,1081,8.488753,15798,3.748164,7.9199486,18,0.004270603,0.0090238685,0.0356,0.008446305,0.017847206,0.0
Australia,AUS,1999,4.0089335,1.1335,0.0406,43,16.2815,43,16.2815,0.0406,1.1335,8.457535,16.2815,3.710974,7.8692794,43,0.009800811,0.020783037,0.0406,0.009253798,0.019623056,0.0
Australia,AUS,2000,3.9888778,0.8895,0.04675,134,16.4665,0.06,16.2,0.04,0.81,8.634437,16.2,3.7303896,8.175213,0.06,0.030356925,0.030278562,0.04,0.010590934,0.020185709,0.0
Australia,AUS,2001,3.870762,0.7975,0.05415,287,16.1235,0.21,16.4,0.04,0.75,8.218014,16.4,3.6010303,7.745714,0.21,0.06409872,0.099182926,0.04,0.012093879,0.018891985,0.0
Australia,AUS,2002,3.9314504,1.2668,0.0583,0.53355,16095,0.36,15.72,0.05,1.22,8.0833025,15.72,3.5013092,7.323891,0.36,0.11606856,0.1677227,0.05,0.0126825925,0.02329482,0.0
Australia,AUS,2003,4.014969,1.6918,0.0632,0.70405,16.21055,0.7,16.13,0.06,1.61,8.659832,16.13,3.454619,7.550437,0.7,0.1500396,0.32766932,0.06,0.013468503,0.028085941,0.5353231
Australia,AUS,2004,4.0365605,2.81525,0.07295,795,15.68665,0.7,15.89,0.07,2.75,8.701304,15.89,3.218602,7.1233244,0.7,0.16311887,0.31380284,0.07,0.014967943,0.031380285,0.32180902
Australia,AUS,2005,4.3135533,3871,0.08405,1.29905,15.4657,0.88,15.16,0.08,3.63,9.156236,15.16,3.1399786,7.0282803,0.88,0.26374426,0.40797403,0.08,0.017064556,0.03708855,0.32005984
Australia,AUS,2006,4.233413,3.9325,0.0975,2.1621,14.9451,1.71,15.77,0.09,3.62,9.63576,15.77,2.8911996,7.1711154,1.71,0.41826838,0.7775908,0.09,0.01886183,0.040925834,0.59205866
Australia,AUS,2007,3.9767227,4275,0.11375,2.8521,13.04895,2.61,14.2,0.11,4.01,9.119031,14.2,2.4497604,6.186825,2.61,0.5354425,1.1371558,0.11,0.021354998,0.047926106,1.1593292
Australia,AUS,2008,3.6813264,3.6961,0.1392,3.45845,11.81515,3.09,11.79,0.13,3.48,8.05489,11.79,2.1675441,5.136136,3.09,0.6344687,1.3461119,0.13,0.02553688,0.05663254,1.8793633
Australia,AUS,2009,3.9202662,2.7868,0.29024202,4.43775,12.64205,3.82,11.68,0.16,2.66,7.804379,11.68,2.338825,4.9757175,3.82,0.8209998,1.6273323,0.16,0.053695828,0.06816052,2.6951258
Australia,AUS,2010,4.3128047,2.44155,0.97764826,4985,13746,4.94,13.5,0.39,2.3,9.044215,13.5,2.5286407,5.7783675,4.94,0.91701394,2.1144545,0.39,0.17984296,0.16693062,2.1017818
Australia,AUS,2011,5.698981,2.57395,2.0445466,6432,19572,6.79,16.69,1.39,2.46,11.3454275,16.69,3.470572,6.9284735,6.79,1.1405437,2.818714,1.39,0.36254582,0.57702684,2.5427175
Australia,AUS,2012,5.700209,3.09785,2412,7725,17036,7.39,13.98,2.33,2.93,11.410575,13.98,3.0473204,5.9902306,7.39,1.3818121,3.1665094,2.33,0.43144733,0.9983717,2.6933994
Australia,AUS,2013,6.525869,3.33165,3.8474,9259,19089,9.54,18.12,3.48,3.06,14.870858,18.12,3.3514664,7.878947,9.54,1.6256077,4.1481867,3.48,0.67549014,1.5131751,2.845892
Australia,AUS,2014,5.979823,3.546362,4952,9777,14484,10.41,18.34,4.01,3.39,14.96213,18.34,2.5104816,7.5907454,10.41,1.694627,4.3085966,4.01,0.8583198,1.6596997,2.989948
Australia,AUS,2015,6.290021,3.678062,6.195524,11.833002,14.086569,11.45,13.32,5.02,3.33,14.3476,13.32,2.3715727,5.770231,11.45,1.992169,4.9601455,5.02,1.0430601,2.1746664,2.6403356
Australia,AUS,2016,7.1891756,3.627513,7.4397755,13.039705,17.629421,13.7,15.02,6.21,3.48,15.609379,15.02,2.938738,6.103954,13.7,2.1736546,5.567521,6.21,1.240174,2.523672,1.4622647
Australia,AUS,2017,6.750127,3.561684,8.917557,13.210791,13.499718,13.27,16.04,8.07,3.39,16.313873,16.04,2.2450383,6.418311,13.27,2.196989,5.3099117,8.07,1.4830128,3.2291625,1.2355341
Australia,AUS,2018,8.300061,3.588149,12.332544,16.261955,17.31133,13.7,15.8,9.93,3.5,17.145937,15.8,2.8250666,6.310408,13.7,2.6538167,5.471683,9.93,2.0125694,3.9659717,1.5035335
Australia,AUS,2019,8.880722,3.4677262,18.296988,19.471687,14.020776,19.72,15.6,14.85,3.24,21.37597,15.6,2.201334,6.2434964,19.72,3.0571554,7.8924193,14.85,2.8727212,5.9433284,1.7374654
Australia,AUS,2020,10.789811,3.4104242,23.84266,22.606892,14.420926,22.2,14.76,23.85,3.18,25.503168,14.76,2.3766096,5.8825874,22.2,3.7256799,8.847794,23.85,3.9293382,9.505401,1.4563833
Australia,AUS,2021,12.933532,3.344045,31.193806,26.795876,15.996179,26.09,14.76,28.04,3.09,29.134624,14.76,2.6343446,5.9742575,26.09,4.4129024,10.560188,28.04,5.1371794,11.34947,1.3404936
Austria,AUT,1965,25.096407,0.0,0.0,0.0,16083,0.0,16083,0.0,0.0,,16083,25.096407,,0.0,0.0,,0.0,0.0,,
Austria,AUT,1966,25.840193,0.0,0.0,0.0,17331,0.0,17331,0.0,0.0,,17331,25.840193,,0.0,0.0,,0.0,0.0,,
Austria,AUT,1967,26.118929,0.0,0.0,0.0,17698,0.0,17698,0.0,0.0,,17698,26.118929,,0.0,0.0,,0.0,0.0,,
Austria,AUT,1968,25.099165,0.0,0.0,0.0,18185,0.0,18185,0.0,0.0,,18185,25.099165,,0.0,0.0,,0.0,0.0,,
Austria,AUT,1969,22.27537,0.0,0.0,0.0,16718,0.0,16718,0.0,0.0,,16718,22.27537,,0.0,0.0,,0.0,0.0,,
Austria,AUT,1970,24.770256,0.0,0.0,0.0,21.2897,0.0,21.2897,0.0,0.0,,21.2897,24.770256,,0.0,0.0,,0.0,0.0,,
Austria,AUT,1971,19.652302,0.0,0.0,0.0,16.8201,0.0,16.8201,0.0,0.0,,16.8201,19.652302,,0.0,0.0,,0.0,0.0,,
Austria,AUT,1972,19.524147,0.0,0.0,0.0,17.2876,0.0,17.2876,0.0,0.0,,17.2876,19.524147,,0.0,0.0,,0.0,0.0,,
Austria,AUT,1973,20.177391,0.0,0.0,0.0,19.2092,0.0,19.2092,0.0,0.0,,19.2092,20.177391,,0.0,0.0,,0.0,0.0,,
Austria,AUT,1974,23.734528,0.0,0.0,0.0,22.7122,0.0,22.7122,0.0,0.0,,22.7122,23.734528,,0.0,0.0,,0.0,0.0,,
Austria,AUT,1975,25.034246,0.0,0.0,0.0,23.7952,0.0,23.7952,0.0,0.0,,23.7952,25.034246,,0.0,0.0,,0.0,0.0,,
Austria,AUT,1976,20.90532,0.0,0.0,0.0,20.5656,0.0,20.5656,0.0,0.0,,20.5656,20.90532,,0.0,0.0,,0.0,0.0,,
Austria,AUT,1977,25.271305,0.0,0.0,0.0,24.9208,0.0,24.9208,0.0,0.0,,24.9208,25.271305,,0.0,0.0,,0.0,0.0,,
Austria,AUT,1978,24.244625,0.0,0.0,0.0,24.9408,0.0,24.9408,0.0,0.0,,24.9408,24.244625,,0.0,0.0,,0.0,0.0,,
Austria,AUT,1979,25.784454,0.0,0.0,0.0,28.0968,0.0,28.0968,0.0,0.0,,28.0968,25.784454,,0.0,0.0,,0.0,0.0,,
Austria,AUT,1980,26.826015,0.0,0.0,0.0,29.1099,0.0,29.1099,0.0,0.0,,29.1099,26.826015,,0.0,0.0,,0.0,0.0,,
Austria,AUT,1981,29.280653,0.0,0.0,0.0,30.8473,0.0,30.8473,0.0,0.0,,30.8473,29.280653,,0.0,0.0,,0.0,0.0,,
Austria,AUT,1982,30.31977,0.0,0.0,0.0,30.8963,0.0,30.8963,0.0,0.0,,30.8963,30.31977,,0.0,0.0,,0.0,0.0,,
Austria,AUT,1983,30.117788,0.0,0.0,0.0,30.6063,0.0,30.6063,0.0,0.0,,30.6063,30.117788,,0.0,0.0,,0.0,0.0,,
Austria,AUT,1984,26.689833,0.0,0.0,0.0,26.849564,0.0,26.849564,0.0,0.0,,26.849564,26.689833,,0.0,0.0,,0.0,0.0,,
Austria,AUT,1985,29.769283,0.943327,0.0,0.0,30.775146,0.0,30.775146,0.0,0.943327,72.51263,30.775146,28.815756,70.35606,0.0,0.0,0.0,0.0,0.0,0.0,
Austria,AUT,1986,30.177656,1.287501,0.0,0.0,30.903927,0.0,30.903927,0.0,1.287501,73.2006,30.903927,28.87882,70.27293,0.0,0.0,0.0,0.0,0.0,0.0,
Austria,AUT,1987,32.19381,0.905816,0.0,0.0,35.387993,0.0,35.387993,0.0,0.905816,73.04341,35.387993,31.328127,71.220406,0.0,0.0,0.0,0.0,0.0,0.0,
Austria,AUT,1988,32.733265,1.04696,0.0,0.0,35.30409,0.0,35.30409,0.0,1.04696,75.496994,35.30409,31.717836,73.322586,0.0,0.0,0.0,0.0,0.0,0.0,
Austria,AUT,1989,32.408577,1.10445,0.0,0.0,35.08243,0.0,35.08243,0.0,1.10445,73.61791,35.08243,31.34335,71.37103,0.0,0.0,0.0,0.0,0.0,0.0,
Austria,AUT,1990,28.908686,1.142485,0.0,0.0,31509,0.0,31.51,0.0,1.13,66.206894,31.51,27.798548,63.91481,0.0,0.0,0.0,0.0,0.0,0.0,0.073269
Austria,AUT,1991,27.587187,1.225832,0.0,0.0,31.4434,0.0,31.44,0.0,1.21,65.065765,31.44,26.450676,62.65444,0.0,0.0,0.0,0.0,0.0,0.0,0.080247
Austria,AUT,1992,31.037273,1.329164,0.0,0.0,34.8484,0.0,34.85,0.0,1.31,72.392395,34.85,29.784664,69.76976,0.0,0.0,0.0,0.0,0.0,0.0,0.089551
Austria,AUT,1993,32.088085,1.361111,1,0.0,36.705555,0.0,36.71,0.0,1.34,74.07047,36.71,30.823719,71.461945,0.0,0.0,0.0,0.0,0.0008361936,0.0,0.101181
Austria,AUT,1994,31.2963,1.210555,1,0.0,35.7075,0.0,35.71,0.0,1.19,70.81174,35.71,30.170261,68.528114,0.0,0.0,0.0,0.0,0.00084134325,0.0,0.067454
Austria,AUT,1995,31.51592,1.857221,1,1,37.067223,0.0,37.07,0.0,1.84,70.51468,37.07,29.863268,67.18014,0.0,0.00080223364,0.0,0.0,0.00080223364,0.0,0.130256
Austria,AUT,1996,28.951206,1.589444,1,5,34.21611,0.0,34.22,0.0,1.57,66.809784,34.22,27.530748,63.879036,0.0,0.0040211175,0.0,0.0,0.00080120005,0.0,0.141886
Austria,AUT,1997,29.963467,1.711389,2,0.02,36.105278,0.02,36.11,0.0,1.69,67.92385,36.11,28.44973,64.85273,0.02,0.015759302,0.03591954,0.0,0.0015766482,0.0,0.153516
Austria,AUT,1998,30.441696,1.842777,2,45,37.163334,0.05,37.16,0.0,1.82,69.79614,37.16,28.821526,66.45208,0.05,0.034899127,0.08941345,0.0,0.0015517782,0.0,0.165146
Austria,AUT,1999,32258,1.5969118,2,51,40.69912,0.05,40.7,0.0,1.6,70.677574,40.7,30.863422,67.923904,0.05,0.03867489,0.083444595,0.0,0.0015173523,0.0,0.181428
Austria,AUT,2000,32.954258,1.5282793,3,67,41.83565,0.07,41.84,0.0,1.53,72.58146,41.84,31.604445,69.908104,0.07,0.05061469,0.116959065,0.0,0.0022638105,0.0,0.21282414
Austria,AUT,2001,30.816513,1.667812,5,172,40.455482,0.1,40.46,0.01,1.67,69.17786,40.46,29.318848,66.26269,0.1,0.124651626,0.16377333,0.01,0.003624952,0.016377334,0.21224265
Austria,AUT,2002,30.325117,1.520444,9,203,40227,0.14,40.23,0.01,1.52,69.03938,40.23,28.919693,66.2877,0.14,0.14593922,0.23068051,0.01,0.0064722486,0.016477179,0.2653033
Austria,AUT,2003,25.140518,1.711921,15,366,33.214993,0.37,33.21,0.01,1.65,60.695835,33.21,23.480003,57.199448,0.37,0.25872895,0.63727176,0.01,0.010603667,0.017223561,0.31836396
Austria,AUT,2004,27.633785,2.05973,18,924,36.762283,0.93,36.76,0.02,1.91,63.975456,36.76,25.351429,59.357334,0.93,0.6371944,1.5016955,0.02,0.012412875,0.032294527,0.5852664
Austria,AUT,2005,27.94786,2.4401429,0.021018375,1.3312768,37.09514,1.33,37.1,0.02,2.43,63.389675,37.1,24.982868,57.528297,1.33,0.8965896,2.0623353,0.02,0.014155443,0.031012561,0.8489706
Austria,AUT,2006,28.59121,3.2547655,0.022386875,1.752793,35.656086,1.75,35.66,0.02,3.23,65.285805,35.66,24.114162,57.25755,1.75,1.1854117,2.809891,0.02,0.015140214,0.032113038,1.2734559
Austria,AUT,2007,30.98061,4.0791254,0.024238374,2.037185,37.05445,2.04,37.05,0.02,4.06,68.62184,37.05,25.442991,58.893658,2.04,1.3988084,3.2427278,0.02,0.016642988,0.03179145,2.5759044
Austria,AUT,2008,31.345478,4.177986,0.03011991,2.0112574,38.32949,2.01,38.33,0.03,4.16,69.03876,38.33,25.656956,59.42636,2.01,1.3462934,3.1162791,0.03,0.020161616,0.046511628,3.095625
Austria,AUT,2009,34.322514,4.2947526,0.04891428,1.9540402,40.896305,1.95,40.9,0.05,4.28,71.161385,40.9,28.07734,61.689293,1.95,1.3415456,2.9411764,0.05,0.03358211,0.07541478,4.2849255
Austria,AUT,2010,31.605642,4.500126,0.08881314,2.0639138,38.36342,2.06,38.36,0.09,4.48,66.24944,38.36,25.348106,56.486523,2.06,1.3637029,3.0334265,0.09,0.058682047,0.13252833,4.487388
Austria,AUT,2011,30.720795,4.572212,0.17406996,1.9362364,34.23717,1.94,34.24,0.17,4.56,65.70832,34.24,24.011099,54.995186,1.94,1.3579149,3.1159654,0.17,0.12207817,0.27304852,4.459111
Austria,AUT,2012,35.929344,4.691266,0.33748305,2.462029,43.8477,2.46,43.85,0.34,4.68,74.71616,43.85,29.031807,63.828243,2.46,1.6301234,3.5807862,0.34,0.22344941,0.4949054,4.459111
Austria,AUT,2013,35.266674,4.7102733,0.625974,3.1532316,42.01672,3.15,42.02,0.63,4.7,78.185486,42.02,27.841606,65.05651,3.15,2.0894308,4.8769164,0.63,0.41479012,0.9753832,4.2805
Austria,AUT,2014,36.640297,4.5615125,0.785246,3.845768,41.007236,3.85,41.01,0.79,4.55,81.46706,41.01,28.13693,66.55307,3.85,2.638756,6.2479715,0.79,0.53879297,1.2820513,3.7563334
Austria,AUT,2015,34.964077,4.66263,0.937098,4.840343,37.156864,4.84,37.16,0.94,4.65,76.94422,37.16,25.314009,60.08084,4.84,3.2975998,7.825384,0.94,0.6384205,1.519806,4356
Austria,AUT,2016,35.651855,4.7955213,1.096016,5.2348385,39.971336,5.23,39.97,1.1,4.78,78.28352,39.97,26.193264,61.256706,5.23,3.4303956,8.015326,1.1,0.71822053,1.6858238,4.8046665
Austria,AUT,2017,34.502872,4.933439,1.268971,6.5715113,38.29375,6.57,38.29,1.27,4.92,75.719376,38.29,24.402254,56.79324,6.57,4.18762,9.744884,1.27,0.8086372,1.8837141,4.4729443
Austria,AUT,2018,34.568928,4.9433427,1.455132,6.0304294,37.63791,6.03,37.64,1.46,4.93,76.96802,37.64,24.417084,57.872078,6.03,3.912159,9.271217,1.46,0.943997,2.2447724,4.412322
Austria,AUT,2019,35.611378,4.6682663,1.702093,7.4500766,40.82597,7.45,40.83,1.7,4.66,77.109795,40.83,25.13112,57.620663,7.45,4.5860214,10.513689,1.7,1.0477524,2.3990967,4.4228
Austria,AUT,2020,38.26067,4.6011376,2.042934,6.7915306,41.99803,6.79,42.0,2.04,4.59,80.098274,42.0,27.552656,60.70241,6.79,4.455559,9.813557,2.04,1.3402594,2.948403,4.5772223
Austria,AUT,2021,37.481792,4.3925185,2.1249056,6.751889,42.851505,6.74,38.75,2.78,4.48,78.790146,38.75,27.224585,57.879017,6.74,4.2896366,10.067215,2.78,1.3500032,4.152353,4.82245
Austria,AUT,2022,,,,,,6.93,36.07,2.73,3.62,76.2869,36.07,,55.75823,6.93,,10.712629,2.73,,4.2201266,
Azerbaijan,AZE,1985,1.6519357,,,,1.3125618,,1.3125618,,,,1.3125618,1.6519357,6.3402658,,,,,,,
Azerbaijan,AZE,1986,0.9406938,,,,0.8043308,,0.8043308,,,,0.8043308,0.9406938,3.7337797,,,,,,,
Azerbaijan,AZE,1987,0.9706843,,,,0.8043308,,0.8043308,,,,0.8043308,0.9706843,3.5109818,,,,,,,
Azerbaijan,AZE,1988,0.8420581,,,,0.6982652,,0.6982652,,,,0.6982652,0.8420581,2.9622655,,,,,,,
Azerbaijan,AZE,1989,0.8257338,,,,0.6982652,,0.6982652,,,,0.6982652,0.8257338,2.9968467,,,,,,,
Azerbaijan,AZE,1990,1.88166,0.0,0.0,0.0,1658,0.0,1658,0.0,0.0,7.1613684,1658,1.88166,7.1613684,0.0,0.0,0.0,0.0,0.0,0.0,
Azerbaijan,AZE,1991,2.0779731,0.0,0.0,0.0,1.7593,0.0,1.7593,0.0,0.0,7.5025053,1.7593,2.0779731,7.5025053,0.0,0.0,0.0,0.0,0.0,0.0,
Azerbaijan,AZE,1992,2.4099329,0.0,0.0,0.0,1.7473,0.0,1.7473,0.0,0.0,8.841448,1.7473,2.4099329,8.841448,0.0,0.0,0.0,0.0,0.0,0.0,
Azerbaijan,AZE,1993,3.8572145,0.0,0.0,0.0,2426,0.0,2426,0.0,0.0,12.73424,2426,3.8572145,12.73424,0.0,0.0,0.0,0.0,0.0,0.0,
Azerbaijan,AZE,1994,3.1670034,0.0,0.0,0.0,1.83,0.0,1.83,0.0,0.0,10.414888,1.83,3.1670034,10.414888,0.0,0.0,0.0,0.0,0.0,0.0,
Azerbaijan,AZE,1995,2.8640728,0.0,0.0,0.0,1556,0.0,1556,0.0,0.0,9.1293125,1556,2.8640728,9.1293125,0.0,0.0,0.0,0.0,0.0,0.0,
Azerbaijan,AZE,1996,3.449877,0.0,0.0,0.0,1537,0.0,1537,0.0,0.0,8.996196,1537,3.449877,8.996196,0.0,0.0,0.0,0.0,0.0,0.0,
Azerbaijan,AZE,1997,4.0128255,0.0,0.0,0.0,1712,0.0,1712,0.0,0.0,10.168686,1712,4.0128255,10.168686,0.0,0.0,0.0,0.0,0.0,0.0,
Azerbaijan,AZE,1998,4.5553145,0.0,0.0,0.0,1951,0.0,1951,0.0,0.0,10.8419,1951,4.5553145,10.8419,0.0,0.0,0.0,0.0,0.0,0.0,
Azerbaijan,AZE,1999,3.5315983,0.0,0.0,0.0,1506,0.0,1506,0.0,0.0,8.285651,1506,3.5315983,8.285651,0.0,0.0,0.0,0.0,0.0,0.0,
Azerbaijan,AZE,2000,3.446014,0.0,0.0,0.0,1534,0.0,1.52,0.0,0.0,8.611898,1.52,3.446014,8.611898,0.0,0.0,0.0,0.0,0.0,0.0,
Azerbaijan,AZE,2001,3.0117817,0.0,0.0,0.0,1301,0.0,1.29,0.0,0.0,7.206704,1.29,3.0117817,7.206704,0.0,0.0,0.0,0.0,0.0,0.0,
Azerbaijan,AZE,2002,4.7006664,0.0,0.0,0.0,2.02,0.0,2.0,0.0,0.0,10.828371,2.0,4.7006664,10.828371,0.0,0.0,0.0,0.0,0.0,0.0,
Azerbaijan,AZE,2003,5.2779026,0.0,0.0,0.0,2.47,0.0,2.44,0.0,0.0,12.121213,2.44,5.2779026,12.121213,0.0,0.0,0.0,0.0,0.0,0.0,
Azerbaijan,AZE,2004,5.1585817,0.0,0.0,0.0,2755,0.0,2.73,0.0,0.0,13.323572,2.73,5.1585817,13.323572,0.0,0.0,0.0,0.0,0.0,0.0,
Azerbaijan,AZE,2005,5.1650033,0.0,0.0,0.0,3.0094,0.0,2.98,0.0,0.0,14.8258705,2.98,5.1650033,14.8258705,0.0,0.0,0.0,0.0,0.0,0.0,
Azerbaijan,AZE,2006,4.3662996,0.0,0.0,0.0,2518,0.0,2.49,0.0,0.0,11.155914,2.49,4.3662996,11.155914,0.0,0.0,0.0,0.0,0.0,0.0,
Azerbaijan,AZE,2007,4.50297,0.0,0.0,0.0,2364,0.0,2.34,0.0,0.0,11.331718,2.34,4.50297,11.331718,0.0,0.0,0.0,0.0,0.0,0.0,
Azerbaijan,AZE,2008,4.1847568,0.0,0.0,0.0,2232,0.0,2.21,0.0,0.0,10.806846,2.21,4.1847568,10.806846,0.0,0.0,0.0,0.0,0.0,0.0,
Azerbaijan,AZE,2009,4.8711276,0.0,0.0,0.0021,2.3084,0.0,2.29,0.0,0.0,12.821948,2.29,4.866703,12.821948,0.0,0.0044246363,0.0,0.0,0.0,0.0,
Azerbaijan,AZE,2010,7.311432,0.0,0.0,0.0005,3.4463,0.0,3.41,0.0,0.0,19.211267,3.41,7.310371,19.211267,0.0,0.0010614517,0.0,0.0,0.0,0.0,
Azerbaijan,AZE,2011,5.077954,0.0,0.0,0.0,2.6758,0.0,2.65,0.0,0.0,13.787722,2.65,5.077954,13.787722,0.0,0.0,0.0,0.0,0.0,0.0,
Azerbaijan,AZE,2012,3.3373456,0.0,0.0,0.0,1821,0.0,1.8,0.0,0.0,8.29493,1.8,3.3373456,8.29493,0.0,0.0,0.0,0.0,0.0,0.0,
Azerbaijan,AZE,2013,2.7806928,67,0.0008,0.0008,1.4891,0.0,1.47,0.0,0.0,6.672719,1.47,2.6387935,6.672719,0.0,0.001417802,0.0,0.0,0.001417802,0.0,
Azerbaijan,AZE,2014,2.433617,87,0.0029,0.0023,1.2997,0.0,1.29,0.0,0.0,5.5317326,1.29,2.2473662,5.5317326,0.0,0.003971472,0.0,0.0,0.0050175292,0.0,
Azerbaijan,AZE,2015,2.757688,0.0909,0.0046,0.0046,1.6375,0.0,1.62,0.0,0.0,6.9587626,1.62,2.5738602,6.9587626,0.0,0.0072310963,0.0,0.0,0.0072310963,0.0,
Azerbaijan,AZE,2016,3.345908,0.08725,0.0353,0.0228,1.9593,0.02,1.94,0.04,0.0,8.485363,1.94,3.0901825,8.230802,0.02,0.03595982,0.08485363,0.04,0.05567471,0.16970725,
Azerbaijan,AZE,2017,3.0498044,0.08515,0.0372,0.0221,1.7464,0.02,1.73,0.04,0.0,7.7961674,1.73,2.7917366,7.5348434,0.02,0.035328276,0.087108016,0.04,0.059466675,0.17421603,
Azerbaijan,AZE,2018,3.070157,0.0811,0.03926,0.0827,1768,0.08,1.75,0.04,0.0,7.850546,1.75,2.7306602,7.3467674,0.08,0.12772942,0.33585224,0.04,0.060636796,0.16792612,
Azerbaijan,AZE,2019,2.674584,0.09795,0.0442,0.1054,1.5648,0.1,1.55,0.04,0.0,6.869919,1.55,2.2832217,6.3008127,0.1,0.15379055,0.40650406,0.04,0.06449285,0.16260162,
Azerbaijan,AZE,2020,1.9758317,0.1003,47,0.0961,1.0695,0.1,1.07,0.05,0.0,5.0041018,1.07,1.5834633,4.388844,0.1,0.14228222,0.41017228,0.05,0.06958649,0.20508614,
Azerbaijan,AZE,2021,2.2015429,0.0966,0.0552,0.0914,1.2773,0.09,1.28,0.05,0.0,5.4012933,1.28,1.823925,4.868771,0.09,0.1305149,0.34233546,0.05,0.07882303,0.19018638,
Bangladesh,BGD,1971,3.8597577,0.0,0.0,0.0,175,0.0,175,0.0,0.0,,175,3.8597577,,0.0,0.0,,0.0,0.0,,
Bangladesh,BGD,1972,3.4065344,0.0,0.0,0.0,175,0.0,175,0.0,0.0,,175,3.4065344,,0.0,0.0,,0.0,0.0,,
Bangladesh,BGD,1973,5.024387,0.0,0.0,0.0,331,0.0,331,0.0,0.0,,331,5.024387,,0.0,0.0,,0.0,0.0,,
Bangladesh,BGD,1974,3.4634595,0.0,0.0,0.0,243,0.0,243,0.0,0.0,,243,3.4634595,,0.0,0.0,,0.0,0.0,,
Bangladesh,BGD,1975,6.0439763,0.0,0.0,0.0,436,0.0,436,0.0,0.0,,436,6.0439763,,0.0,0.0,,0.0,0.0,,
Bangladesh,BGD,1976,5.868124,0.0,0.0,0.0,494,0.0,494,0.0,0.0,,494,5.868124,,0.0,0.0,,0.0,0.0,,
Bangladesh,BGD,1977,5.079776,0.0,0.0,0.0,437,0.0,437,0.0,0.0,,437,5.079776,,0.0,0.0,,0.0,0.0,,
Bangladesh,BGD,1978,5.5367117,0.0,0.0,0.0,506,0.0,506,0.0,0.0,,506,5.5367117,,0.0,0.0,,0.0,0.0,,
Bangladesh,BGD,1979,5.8256717,0.0,0.0,0.0,587,0.0,587,0.0,0.0,,587,5.8256717,,0.0,0.0,,0.0,0.0,,
Bangladesh,BGD,1980,4.9608803,0.0,0.0,0.0,583,0.0,583,0.0,0.0,,583,4.9608803,,0.0,0.0,,0.0,0.0,,
Bangladesh,BGD,1981,5.0166497,0.0,0.0,0.0,625,0.0,625,0.0,0.0,,625,5.0166497,,0.0,0.0,,0.0,0.0,,
Bangladesh,BGD,1982,3.8052506,0.0,0.0,0.0,523,0.0,523,0.0,0.0,,523,3.8052506,,0.0,0.0,,0.0,0.0,,
Bangladesh,BGD,1983,4.870659,0.0,0.0,0.0,662,0.0,662,0.0,0.0,,662,4.870659,,0.0,0.0,,0.0,0.0,,
Bangladesh,BGD,1984,6.105583,0.0,0.0,0.0,897,0.0,897,0.0,0.0,,897,6.105583,,0.0,0.0,,0.0,0.0,,
Bangladesh,BGD,1985,4.5266814,0.0,0.0,0.0,739,0.0,739,0.0,0.0,16.320673,739,4.5266814,16.320673,0.0,0.0,0.0,0.0,0.0,0.0,
Bangladesh,BGD,1986,2.5327976,0.0,0.0,0.0,0.45,0.0,0.45,0.0,0.0,9375,0.45,2.5327976,9375,0.0,0.0,0.0,0.0,0.0,0.0,
Bangladesh,BGD,1987,2.6365013,0.0,0.0,0.0,517,0.0,517,0.0,0.0,9.253625,517,2.6365013,9.253625,0.0,0.0,0.0,0.0,0.0,0.0,
Bangladesh,BGD,1988,3.090864,0.0,0.0,0.0,675,0.0,675,0.0,0.0,10.319523,675,3.090864,10.319523,0.0,0.0,0.0,0.0,0.0,0.0,
Bangladesh,BGD,1989,3.907864,0.0,0.0,0.0,0.92,0.0,0.92,0.0,0.0,12.930429,0.92,3.907864,12.930429,0.0,0.0,0.0,0.0,0.0,0.0,
Bangladesh,BGD,1990,3.5392714,0.0,0.0,0.0,884,0.0,884,0.0,0.0,11.433006,884,3.5392714,11.433006,0.0,0.0,0.0,0.0,0.0,0.0,
Bangladesh,BGD,1991,3.4776092,0.0,0.0,0.0,838,0.0,838,0.0,0.0,10.133011,838,3.4776092,10.133011,0.0,0.0,0.0,0.0,0.0,0.0,
Bangladesh,BGD,1992,3.0288854,0.0,0.0,0.0,796,0.0,796,0.0,0.0,8.949854,796,3.0288854,8.949854,0.0,0.0,0.0,0.0,0.0,0.0,
Bangladesh,BGD,1993,2.1043289,0.0,0.0,0.0,608,0.0,608,0.0,0.0,6.604388,608,2.1043289,6.604388,0.0,0.0,0.0,0.0,0.0,0.0,
Bangladesh,BGD,1994,2.7616806,0.0,0.0,0.0,847,0.0,847,0.0,0.0,8.65699,847,2.7616806,8.65699,0.0,0.0,0.0,0.0,0.0,0.0,
Bangladesh,BGD,1995,1.0269947,0.0,0.0,0.0,372,0.0,372,0.0,0.0,3.442532,372,1.0269947,3.442532,0.0,0.0,0.0,0.0,0.0,0.0,
Bangladesh,BGD,1996,1.9475641,0.0,0.0,0.0,739,0.0,739,0.0,0.0,6.4406486,739,1.9475641,6.4406486,0.0,0.0,0.0,0.0,0.0,0.0,
Bangladesh,BGD,1997,1.8034276,0.0,0.0,0.0,719,0.0,719,0.0,0.0,6.0634174,719,1.8034276,6.0634174,0.0,0.0,0.0,0.0,0.0,0.0,
Bangladesh,BGD,1998,2.0371237,0.0,0.0,0.0,865,0.0,865,0.0,0.0,6.714796,865,2.0371237,6.714796,0.0,0.0,0.0,0.0,0.0,0.0,
Bangladesh,BGD,1999,1.9397291,0.0,0.0,0.0,833,0.0,833,0.0,0.0,5.764706,833,1.9397291,5.764706,0.0,0.0,0.0,0.0,0.0,0.0,
Bangladesh,BGD,2000,1.6270727,0.0,0.0,0.0,749,0.0,0.94,0.0,0.0,6.3214526,0.94,1.6270727,6.3214526,0.0,0.0,0.0,0.0,0.0,0.0,
Bangladesh,BGD,2001,1.8750032,0.0,0.0,0.0,993,0.0,0.98,0.0,0.0,5.9792557,0.98,1.8750032,5.9792557,0.0,0.0,0.0,0.0,0.0,0.0,
Bangladesh,BGD,2002,1.3622075,0.0,0.0001,0.0,749,0.0,1.05,0.0,0.0,5.9659085,1.05,1.362026,5.9659085,0.0,0.0,0.0,0.0,0.00018171086,0.0,
Bangladesh,BGD,2003,1.2784041,0.0,0.0009,0.0,749,0.0,1.12,0.0,0.0,6.0247445,1.12,1.2768693,6.0247445,0.0,0.0,0.0,0.0,0.0015348764,0.0,
Bangladesh,BGD,2004,1.2296964,0.0,0.0019,0.0,749,0.0,1.21,0.0,0.0,5.2020636,1.21,1.2265867,5.2020636,0.0,0.0,0.0,0.0,0.0031098444,0.0,
Bangladesh,BGD,2005,1.1353458,0.0,0.0034,0.0,749,0.0,1.28,0.0,0.0,5.033425,1.28,1.1302223,5.033425,0.0,0.0,0.0,0.0,0.005123462,0.0,
Bangladesh,BGD,2006,1.0463095,0.0,0.0054,0.0016,749,0.0,1.38,0.01,0.0,4.7521367,1.38,1.036622,4.717949,0.0,0.0022158271,0.0,0.01,0.007471661,0.034188036,
Bangladesh,BGD,2007,1.0207374,0.0,9,0.0016,749,0.0,0.74,0.02,0.0,2.6018488,0.74,1.0064936,2.533379,0.0,0.0021517563,0.0,0.02,0.012092078,0.0684697,
Bangladesh,BGD,2008,1.2218128,0.0,0.0152,0.0029,0.95,0.0,0.94,0.02,0.0,2.970297,0.94,1.1989739,2.9084158,0.0,0.0036554087,0.0,0.02,0.019183535,0.06188119,
Bangladesh,BGD,2009,0.5117601,1,0.0251,0.0051,417,0.0,0.44,0.03,0.0,1.3401768,0.44,0.47598016,1.2546335,0.0,0.005824271,0.0,0.03,0.028650079,0.0855432,
Bangladesh,BGD,2010,0.8648932,2,0.0443,0.0051,729,0.0,0.76,0.07,0.01,2.182385,0.76,0.80761176,1.9745388,0.0,0.005654434,0.0,0.07,0.049077056,0.18186541,
Bangladesh,BGD,2011,0.95136946,3,0.0584,0.0051,872,0.0,0.92,0.06,0.01,2.3763802,0.92,0.88351613,2.2083533,0.0,0.005162364,0.0,0.06,0.059171308,0.14402305,
Bangladesh,BGD,2012,0.82564867,4,0.0909,0.0051,777,0.0,0.82,0.09,0.02,2.0292385,0.82,0.7309574,1.7892209,0.0,0.004793793,0.0,0.09,0.08551355,0.1963779,
Bangladesh,BGD,2013,0.7885019,0.004993,0.129563,0.005081,0.7283787,0.0,0.94,0.13,0.02,2.1791284,0.94,0.66099966,1.8792483,0.0,0.004615396,0.0,0.13,0.11757772,0.25989604,
Bangladesh,BGD,2014,0.646162,0.006015,0.166947,0.005081,0.56645346,0.0,0.62,0.16,0.03,1.5405097,0.62,0.49092638,1.1791556,0.0,0.0044076457,0.0,0.16,0.14468744,0.3042982,
Bangladesh,BGD,2015,0.81840855,0.002682,0.198389,0.005081,0.89814645,0.01,0.59,0.2,0.03,1.4928058,0.59,0.6653262,1.061151,0.01,0.003767038,0.017985612,0.2,0.146962,0.35971224,
Bangladesh,BGD,2016,0.8060975,0.002852,0.219999,0.005081,0.8846326,0.01,1.01,0.22,0.03,1.9586676,1.01,0.6406337,1.5576805,0.01,0.0036820183,0.01542258,0.22,0.15931898,0.33929676,
Bangladesh,BGD,2017,0.8946443,0.002852,0.253361,0.005081,1.0295281,0.01,1.03,0.25,0.03,1.9155419,1.03,0.7132308,1.4947032,0.01,0.0035214871,0.014511681,0.25,0.17552204,0.36279202,
Bangladesh,BGD,2018,0.7471175,0.002852,0.275068,0.005081,0.8654111,0.01,1.08,0.28,0.03,1.8926592,1.08,0.5627178,1.4600514,0.01,0.0033041975,0.013518994,0.28,0.17885798,0.37853184,
Bangladesh,BGD,2019,0.6751287,0.002852,0.327543,0.005081,0.8230912,0.01,0.77,0.33,0.03,1.4337819,0.77,0.47938937,0.9684316,0.01,0.002958313,0.012577034,0.33,0.1907694,0.41504213,
Bangladesh,BGD,2020,0.6580818,0.003029704,0.39008853,0.005094921,0.7006707,0.01,0.88,0.39,0.03,1.7298295,0.88,0.41935676,1.162023,0.01,0.0030512072,0.013204806,0.39,0.23347098,0.5149874,
Bangladesh,BGD,2021,0.6501469,0.003021426,0.4506887,0.005081,0.6818673,0.01,0.88,0.47,0.03,1.7252079,0.88,0.38842055,1.0922179,0.01,0.0028965783,0.012411567,0.47,0.25673142,0.5833437,
Belarus,BLR,1985,0.0144934775,,,,0.02,,0.02,,,,0.02,0.0144934775,0.06028636,,,,,,,
Belarus,BLR,1986,0.012695332,,,,0.02,,0.02,,,,0.02,0.012695332,0.05512375,,,,,,,
Belarus,BLR,1987,0.012513182,,,,0.02,,0.02,,,,0.02,0.012513182,0.053400263,,,,,,,
Belarus,BLR,1988,0.012336069,,,,0.02,,0.02,,,,0.02,0.012336069,0.052424636,,,,,,,
Belarus,BLR,1989,0.012754959,,,,0.02,,0.02,,,,0.02,0.012754959,0.0519629,,,,,,,
Belarus,BLR,1990,0.012691677,0.0,0.0,0.0,0.02,0.0,0.02,0.0,0.0,0.050599605,0.02,0.012691677,0.050599605,0.0,0.0,0.0,0.0,0.0,0.0,
Belarus,BLR,1991,0.011448725,0.0,0.0,0.0,18,0.0,18,0.0,0.0,0.0464696,18,0.011448725,0.0464696,0.0,0.0,0.0,0.0,0.0,0.0,
Belarus,BLR,1992,0.012468852,0.0,0.0,0.0,17,0.0,17,0.0,0.0,0.04521878,17,0.012468852,0.04521878,0.0,0.0,0.0,0.0,0.0,0.0,
Belarus,BLR,1993,0.0166659,0.0,0.0,0.0,19,0.0,19,0.0,0.0,0.056939077,19,0.0166659,0.056939077,0.0,0.0,0.0,0.0,0.0,0.0,
Belarus,BLR,1994,0.019936154,0.0,0.0,0.0,19,0.0,19,0.0,0.0,0.060515337,19,0.019936154,0.060515337,0.0,0.0,0.0,0.0,0.0,0.0,
Belarus,BLR,1995,0.023589265,0.0,0.0,0.0,0.02,0.0,0.02,0.0,0.0,0.080263264,0.02,0.023589265,0.080263264,0.0,0.0,0.0,0.0,0.0,0.0,
Belarus,BLR,1996,0.018399425,0.0,0.0,0.0,16,0.0,16,0.0,0.0,0.06743088,16,0.018399425,0.06743088,0.0,0.0,0.0,0.0,0.0,0.0,
Belarus,BLR,1997,0.023874052,0.0,0.0,0.0,21,0.0,21,0.0,0.0,0.08059254,21,0.023874052,0.08059254,0.0,0.0,0.0,0.0,0.0,0.0,
Belarus,BLR,1998,0.032551832,0.0,0.0,0.0,28,0.0,28,0.0,0.0,0.119189516,28,0.032551832,0.119189516,0.0,0.0,0.0,0.0,0.0,0.0,
Belarus,BLR,1999,0.02270776,0.0,0.0,0.0,19,0.0,19,0.0,0.0,0.07165485,19,0.02270776,0.07165485,0.0,0.0,0.0,0.0,0.0,0.0,
Belarus,BLR,2000,0.031301863,0.0,0.0,0.0,27,0.0,0.03,0.0,0.0,0.12224939,0.03,0.031301863,0.12224939,0.0,0.0,0.0,0.0,0.0,0.0,
Belarus,BLR,2001,0.035543464,0.0,0.0,0.0,0.03,0.0,0.03,0.0,0.0,0.12733448,0.03,0.035543464,0.12733448,0.0,0.0,0.0,0.0,0.0,0.0,
Belarus,BLR,2002,0.032997068,0.0,0.0,0.0,29,0.0,0.03,0.0,0.0,0.120627254,0.03,0.032997068,0.120627254,0.0,0.0,0.0,0.0,0.0,0.0,
Belarus,BLR,2003,0.031896286,0.0,0.0,0.0,28,0.0,0.03,0.0,0.0,0.11985617,0.03,0.031896286,0.11985617,0.0,0.0,0.0,0.0,0.0,0.0,
Belarus,BLR,2004,0.034380138,0.0,0.0,0.001010101,33,0.0,0.03,0.0,0.0,0.10224949,0.03,0.033357035,0.10224949,0.0,0.0010231023,0.0,0.0,0.0,0.0,
Belarus,BLR,2005,0.037284452,0.0,0.0,1,36,0.0,0.04,0.0,0.0,0.13740982,0.04,0.03627755,0.13740982,0.0,0.0010069006,0.0,0.0,0.0,0.0,
Belarus,BLR,2006,0.03601279,2,0.0,1,35,0.0,0.04,0.0,0.02,0.20100503,0.04,0.032960556,0.13400334,0.0,0.00093773496,0.0,0.0,0.0,0.0,
Belarus,BLR,2007,0.049696002,14,0.0,1,35,0.0,0.04,0.0,0.03,0.23427042,0.04,0.03357376,0.13386881,0.0,0.00096118875,0.0,0.0,0.0,0.0,
Belarus,BLR,2008,0.07290584,33,0.0,1,39,0.0,0.04,0.0,0.07,0.3342449,0.04,0.03669465,0.1215436,0.0,0.00093938113,0.0,0.0,0.0,0.0,
Belarus,BLR,2009,0.1132527,0.06,0.0,1,45,0.0,0.04,0.0,0.06,0.3511236,0.04,0.044475794,0.14044943,0.0,0.0009928972,0.0,0.0,0.0,0.0,
Belarus,BLR,2010,0.1292485,84,0.0,1,45,0.0,0.05,0.0,0.07,0.36585367,0.05,0.040784255,0.15243903,0.0,0.0009061273,0.0,0.0,0.0,0.0,
Belarus,BLR,2011,0.14303419,95,0.0,4,42,0.0,0.04,0.0,0.08,0.3966942,0.04,0.038527083,0.1322314,0.0,0.0036669676,0.0,0.0,0.0,0.0,
Belarus,BLR,2012,0.15896934,95,0.0,6,72,0.01,0.07,0.0,0.07,0.51849294,0.07,0.06068889,0.24196336,0.01,0.0050552012,0.034566194,0.0,0.0,0.0,
Belarus,BLR,2013,0.22412229,82,0.0004,8,138,0.01,0.14,0.0,0.14,0.97939885,0.14,0.1275709,0.47281322,0.01,0.007396163,0.03377237,0.0,0.000369337,0.0,
Belarus,BLR,2014,0.20674793,79,2,9,121,0.01,0.12,0.0,0.14,0.8274594,0.12,0.11114003,0.3677597,0.01,0.00826899,0.030646643,0.0,0.0018365068,0.0,
Belarus,BLR,2015,0.27272683,94,9,39,111,0.03,0.11,0.01,0.13,0.8744534,0.11,0.11194239,0.34353527,0.03,0.039331064,0.09369144,0.01,0.009081369,0.031230481,
Belarus,BLR,2016,0.34643993,94,26,73,142,0.08,0.14,0.03,0.15,1.2674271,0.14,0.1393259,0.4435995,0.08,0.07162521,0.25348544,0.03,0.025510399,0.09505703,
Belarus,BLR,2017,0.6887631,106,89,97,406,0.1,0.4,0.09,0.15,2.2804313,0.4,0.3888468,1.2326657,0.1,0.09290187,0.3081664,0.09,0.085239775,0.27734977,
Belarus,BLR,2018,0.57909614,109,118,99,324,0.1,0.32,0.18,0.21,2.2088902,0.32,0.27899364,0.872648,0.1,0.085248046,0.2727025,0.18,0.101608805,0.4908645,
Belarus,BLR,2019,0.70776963,0.11,179,166,351,0.18,0.34,0.18,0.23,2.4681528,0.34,0.2995943,0.90233546,0.18,0.14168847,0.477707,0.18,0.1527846,0.477707,
Belarus,BLR,2020,0.9897245,268,0.17,185,0.4,0.19,0.39,0.18,0.52,3.5349352,0.39,0.3663106,1.0770506,0.19,0.16941871,0.5247169,0.18,0.15568201,0.49710026,
Belarus,BLR,2021,0.9698578,0.26726776,0.2850316,0.18449454,343,0.19,0.39,0.18,0.55,2.9860954,0.39,0.2921725,0.8889902,0.19,0.15715513,0.4330978,0.18,0.24279413,0.41030318,
Belgium,BEL,1965,0.19477375,0.0,0.0,0.0,272,0.0,272,0.0,0.0,,272,0.19477375,,0.0,0.0,,0.0,0.0,,
Belgium,BEL,1966,0.2222244,0.0,0.0,0.0,299,0.0,299,0.0,0.0,,299,0.2222244,,0.0,0.0,,0.0,0.0,,
Belgium,BEL,1967,0.16850357,0.0,0.0,0.0,238,0.0,238,0.0,0.0,,238,0.16850357,,0.0,0.0,,0.0,0.0,,
Belgium,BEL,1968,0.15502341,0.0,0.0,0.0,244,0.0,244,0.0,0.0,,244,0.15502341,,0.0,0.0,,0.0,0.0,,
Belgium,BEL,1969,0.13315211,0.0,0.0,0.0,0.23,0.0,0.23,0.0,0.0,,0.23,0.13315211,,0.0,0.0,,0.0,0.0,,
Belgium,BEL,1970,0.13480939,0.0,0.0,0.0,246,0.0,246,0.0,0.0,,246,0.13480939,,0.0,0.0,,0.0,0.0,,
Belgium,BEL,1971,0.07485565,0.0,0.0,0.0,134,0.0,134,0.0,0.0,,134,0.07485565,,0.0,0.0,,0.0,0.0,,
Belgium,BEL,1972,0.094584495,0.0,0.0,0.0,0.18,0.0,0.18,0.0,0.0,,0.18,0.094584495,,0.0,0.0,,0.0,0.0,,
Belgium,BEL,1973,0.15358603,116,0.0,0.0,171,0.0,171,0.0,116,,171,0.088658996,,0.0,0.0,,0.0,0.0,,
Belgium,BEL,1974,0.19144315,108,0.0,0.0,0.24,0.0,0.24,0.0,108,,0.24,0.12884893,,0.0,0.0,,0.0,0.0,,
Belgium,BEL,1975,0.15560853,83,0.0,0.0,183,0.0,183,0.0,83,,183,0.104461215,,0.0,0.0,,0.0,0.0,,
Belgium,BEL,1976,0.09175518,57,0.0,0.0,109,0.0,109,0.0,57,,109,0.05864703,,0.0,0.0,,0.0,0.0,,
Belgium,BEL,1977,0.26350045,247,0.0,0.0,224,0.0,224,0.0,247,,224,0.12029833,,0.0,0.0,,0.0,0.0,,
Belgium,BEL,1978,0.2591517,0.26,0.0,0.0,223,0.0,223,0.0,0.26,,223,0.114736766,,0.0,0.0,,0.0,0.0,,
Belgium,BEL,1979,0.28706482,315,0.0,0.0,234,0.0,234,0.0,315,,234,0.11701484,,0.0,0.0,,0.0,0.0,,
Belgium,BEL,1980,0.31437632,0.3,0.0,0.0,278,0.0,278,0.0,0.3,,278,0.14521,,0.0,0.0,,0.0,0.0,,
Belgium,BEL,1981,0.3818605,291,0.0,0.0,381,0.0,381,0.0,291,,381,0.20929198,,0.0,0.0,,0.0,0.0,,
Belgium,BEL,1982,0.2197636,46,0.0,0.0,333,0.0,333,0.0,46,,333,0.19124408,,0.0,0.0,,0.0,0.0,,
Belgium,BEL,1983,0.21319488,22,0.0,0.0,336,0.0,336,0.0,22,,336,0.19912015,,0.0,0.0,,0.0,0.0,,
Belgium,BEL,1984,0.21372305,24,0.0,0.0,351,0.0,351,0.0,24,,351,0.19903155,,0.0,0.0,,0.0,0.0,,
Belgium,BEL,1985,0.18697688,53,0.0,0.0,287,0.0,287,0.0,53,0.59314054,287,0.15589738,0.5006804,0.0,0.0,0.0,0.0,0.0,0.0,
Belgium,BEL,1986,0.24818589,119,0.0,0.0,343,0.0,343,0.0,119,0.7873748,343,0.18055975,0.5845661,0.0,0.0,0.0,0.0,0.0,0.0,
Belgium,BEL,1987,0.30061388,142,0.0,6,429,6,429,0.0,142,0.9105686,429,0.21921426,0.6770085,6,0.0030673277,0.009468651,0.0,0.0,0.0,
Belgium,BEL,1988,0.2812286,0.18,0.0,8,359,8,359,0.0,0.18,0.8370442,359,0.1798631,0.54935807,8,0.004009913,0.012241962,0.0,0.0,0.0,
Belgium,BEL,1989,0.2577133,191,0.0,7,305,7,305,0.0,191,0.74466676,305,0.15168624,0.45153746,7,0.0034805704,0.010363156,0.0,0.0,0.0,
Belgium,BEL,1990,0.2747965,282,0.0,7,266,0.01,0.27,0.0,0.28,0.7966994,0.27,0.12658821,0.38412294,0.01,0.0033305474,0.014226775,0.0,0.0,0.0,0.0
Belgium,BEL,1991,0.25747994,299,0.0,8,229,0.01,0.23,0.0,0.3,0.75853354,0.23,0.10533081,0.32307908,0.01,0.003681352,0.014046916,0.0,0.0,0.0,0.0
Belgium,BEL,1992,0.2941911,267,0.0,9,341,0.01,0.34,0.0,0.27,0.8681042,0.34,0.15718141,0.47605714,0.01,0.0041482034,0.014001681,0.0,0.0,0.0,0.0
Belgium,BEL,1993,0.24665305,245,0.0,8,254,0.01,0.25,0.0,0.25,0.7277397,0.25,0.11899488,0.35673514,0.01,0.0037495734,0.014269406,0.0,0.0,0.0,0.0
Belgium,BEL,1994,0.27591464,245,0.0,9,346,0.01,0.35,0.0,0.25,0.85506034,0.35,0.15410542,0.4906084,0.01,0.0040082526,0.014017383,0.0,0.0,0.0,0.0
Belgium,BEL,1995,0.30511987,321,0.0,9,338,0.01,0.34,0.0,0.32,0.9113166,0.34,0.14870304,0.4624592,0.01,0.003959281,0.013601742,0.0,0.0,0.0,0.0
Belgium,BEL,1996,0.24272089,314,0.0,8,239,0.01,0.24,0.0,0.31,0.7452755,0.24,0.098996915,0.31940377,0.01,0.0033152096,0.013308491,0.0,0.0,0.0,0.0
Belgium,BEL,1997,0.25003463,275,0.0,8,305,0.01,0.31,0.0,0.28,0.7704161,0.31,0.12504219,0.39804828,0.01,0.0032812862,0.012840267,0.0,0.0,0.0,0.0
Belgium,BEL,1998,0.31667665,359,0.0,11,389,0.01,0.39,0.0,0.36,0.9258132,0.39,0.15641692,0.47508833,0.01,0.004423109,0.012181752,0.0,0.0,0.0,0.0
Belgium,BEL,1999,0.36021912,496,0.0,13,341,0.01,0.34,0.0,0.5,1.0195514,0.34,0.13810118,0.40782055,0.01,0.0052648503,0.011994722,0.0,0.0,0.0,0.0
Belgium,BEL,2000,0.43326905,568,0.0,16,0.46,0.02,0.46,0.0,0.57,1.2682691,0.46,0.18298484,0.55562264,0.02,0.006364706,0.024157507,0.0,0.0,0.0,0.0
Belgium,BEL,2001,0.44920528,597,0.0,37,441,0.04,0.44,0.0,0.6,1.3735217,0.44,0.17582263,0.5595829,0.04,0.014751546,0.05087117,0.0,0.0,0.0,0.0
Belgium,BEL,2002,0.47973493,721,0.0,57,0.36,0.06,0.36,0.0,0.72,1.4084506,0.36,0.14326069,0.44477388,0.06,0.022682944,0.074128985,0.0,0.0,0.0,0.0
Belgium,BEL,2003,0.48671454,857,0.0,88,247,0.09,0.25,0.0,0.86,1.435922,0.25,0.094044775,0.2991504,0.09,0.033505823,0.10769415,0.0,0.0,0.0,0.0
Belgium,BEL,2004,0.6062989,1037,1,142,317,0.14,0.32,0.0,1.04,1.8089726,0.32,0.119468965,0.38591415,0.14,0.053516053,0.16883744,0.0,0.00037782022,0.0,0.0
Belgium,BEL,2005,0.8666802,1.59,1,227,288,0.23,0.29,0.0,1.59,2.5089178,0.29,0.10906541,0.3448276,0.23,0.08596478,0.27348396,0.0,0.00037839488,0.0,0.0
Belgium,BEL,2006,1.209545,2225,2,366,359,0.37,0.36,0.0,2.23,3.5632598,0.36,0.13471973,0.43336946,0.37,0.13734657,0.44540748,0.0,0.0007510071,0.0,0.0
Belgium,BEL,2007,1.415252,2.6,6,491,389,0.49,0.39,0.01,2.6,4.0318856,0.39,0.14407192,0.45055455,0.49,0.18184915,0.56608135,0.01,0.00222304,0.01155268,0.0
Belgium,BEL,2008,1.7643936,3329,42,637,0.41,0.64,0.41,0.04,3.33,5.3375196,0.41,0.14852048,0.4951093,0.64,0.2307501,0.77285355,0.04,0.015214301,0.048303347,0.0
Belgium,BEL,2009,2.5214348,3949,166,996,328,1.0,0.33,0.17,3.95,6.0778413,0.33,0.12626372,0.36801606,1.0,0.3834106,1.1152002,0.17,0.06390178,0.18958403,1.5663052
Belgium,BEL,2010,3.0995507,4.330428,0.56,1292,312,1.29,0.31,0.56,4.38,7.042102,0.31,0.11199371,0.33379993,1.29,0.46376878,1.3890384,0.56,0.20101435,0.6029934,4.2494974
Belgium,BEL,2011,4.0459914,4.699934,1169,2312,196,2.31,0.2,1.17,4.63,9.331837,0.2,0.07482374,0.22459292,2.31,0.8826145,2.5940483,1.17,0.44627005,1.3138685,4.9068365
Belgium,BEL,2012,5.060075,5.202093,2148,2751,357,2.76,0.36,2.15,5.24,12.908377,0.36,0.14128125,0.4421518,2.76,1.088697,3.3898306,2.15,0.8500622,2.640629,5.2025642
Belgium,BEL,2013,5.3826203,5.0424,2644,3665,0.38,3.66,0.38,2.64,5.03,14.329417,0.38,0.14545758,0.46500245,3.66,1.4028999,4.478708,2.64,1.0120784,3.2305434,5.10835
Belgium,BEL,2014,6.051173,4.4253,2.8862,4.6153,0.2952,4.62,0.29,2.89,4.41,17.211727,0.29,0.12083106,0.40879616,4.62,1.8891311,6.5125456,2.89,1.1813772,4.073865,6.6881804
Belgium,BEL,2015,6.6614165,5.5117,3.0563,5574,0.3184,5.57,0.32,3.06,5.5,21.212564,0.32,0.12780122,0.46975923,5.57,2.237324,8.176746,3.06,1.2267551,4.4920726,4.4912734
Belgium,BEL,2016,6.357454,5.3754,3.0953,5.4173,0.37,5.42,0.37,3.1,5.36,16.972368,0.37,0.13691834,0.44068605,5.42,2.0046697,6.455455,3.1,1.1454145,3.6922345,4.3256507
Belgium,BEL,2017,6.910616,5.7114,3.3078,6.5183,0.2701,6.52,0.27,3.31,5.7,18.603556,0.27,0.09825909,0.31790888,6.52,2.3712785,7.6769104,3.31,1.2033376,3.8973272,5.181677
Belgium,BEL,2018,7.41519,5.4186,3.9032,7.5714,0.2923,7.57,0.29,3.9,5.41,23.35419,0.29,0.106526494,0.39445052,7.57,2.7593384,10.296518,3.9,1.4224912,5.3046794,4.9355044
Belgium,BEL,2019,7.959382,5.1735,4.2516,9.7502,302,9.76,0.3,4.25,5.16,21.091972,0.3,0.1062417,0.3249919,9.76,3.4300594,10.57307,4.25,1.4956864,4.6040516,5.2234054
Belgium,BEL,2020,10.637791,5.2749,5.1054,12.7636,0.2669,12.82,0.27,5.11,5.26,26.692457,0.27,0.1035903,0.30720222,12.82,4.95386,14.586415,5.11,1.9815283,5.814086,5.4118114
Belgium,BEL,2021,9.336409,4.916279,5.608193,11.8788595,0.37435636,12.0,0.42,5.62,4.69,22.95264,0.42,0.12935764,0.4241139,12.0,4.1047015,12.11754,5.62,1.9378928,5.675048,5.3970246
Belgium,BEL,2022,,,,,,12.07,0.2,7.35,4.45,25.449354,0.2,,0.21146119,12.07,,12.7616825,7.35,,7.7711987,
Brazil,BRA,1965,27.548721,0.0,0.0,0.0,25515,0.0,25515,0.0,0.0,,25515,27.548721,,0.0,0.0,,0.0,0.0,,
Brazil,BRA,1966,27.618214,0.0,0.0,0.0,27906,0.0,27906,0.0,0.0,,27906,27.618214,,0.0,0.0,,0.0,0.0,,
Brazil,BRA,1967,27.880291,0.0,0.0,0.0,29189,0.0,29189,0.0,0.0,,29189,27.880291,,0.0,0.0,,0.0,0.0,,
Brazil,BRA,1968,25.555754,0.0,0.0,0.0,30.55,0.0,30.55,0.0,0.0,,30.55,25.555754,,0.0,0.0,,0.0,0.0,,
Brazil,BRA,1969,25.05622,0.0,0.0,0.0,32692,0.0,32692,0.0,0.0,,32692,25.05622,,0.0,0.0,,0.0,0.0,,
Brazil,BRA,1970,26.901081,0.5146915,0.0,0.0,39801,0.0,39801,0.0,0.5146915,,39801,26.279099,,0.0,0.0,,0.0,0.0,,
Brazil,BRA,1971,26.817772,0.63339525,0.0,0.0,43199,0.0,43199,0.0,0.63339525,,43199,26.082865,,0.0,0.0,,0.0,0.0,,
Brazil,BRA,1972,27.390734,0.7165702,0.0,0.0,50681,0.0,50681,0.0,0.7165702,,50681,26.555187,,0.0,0.0,,0.0,0.0,,
Brazil,BRA,1973,26.1017,0.7508004,0.0,0.0,57.89,0.0,57.89,0.0,0.7508004,,57.89,25.459856,,0.0,0.0,,0.0,0.0,,
Brazil,BRA,1974,26.928135,0.7851518,0.0,0.0,65679,0.0,65679,0.0,0.7851518,,65679,26.426558,,0.0,0.0,,0.0,0.0,,
Brazil,BRA,1975,27.995861,0.86717755,0.0,0.0,72287,0.0,72287,0.0,0.86717755,,72287,27.510124,,0.0,0.0,,0.0,0.0,,
Brazil,BRA,1976,29.160088,0.86433774,0.0,0.0,82913,0.0,82913,0.0,0.86433774,,82913,28.711887,,0.0,0.0,,0.0,0.0,,
Brazil,BRA,1977,31.084343,1.1168455,0.0,0.0,93.48,0.0,93.48,0.0,1.1168455,,93.48,30.259693,,0.0,0.0,,0.0,0.0,,
Brazil,BRA,1978,31.529354,1.3319441,0.0,0.0,102746,0.0,102746,0.0,1.3319441,,102746,30.178188,,0.0,0.0,,0.0,0.0,,
Brazil,BRA,1979,33.38749,1.7760195,0.0,0.0,116.58,0.0,116.58,0.0,1.7760195,,116.58,31.596228,,0.0,0.0,,0.0,0.0,,
Brazil,BRA,1980,36.188007,1.8055083,0.0,0.0,128907,0.0,128907,0.0,1.8055083,,128907,34.1882,,0.0,0.0,,0.0,0.0,,
Brazil,BRA,1981,37.50488,1.8736229,0.0,0.0,130765,0.0,130765,0.0,1.8736229,,130765,35.54257,,0.0,0.0,,0.0,0.0,,
Brazil,BRA,1982,39.09782,2.1784744,0.0,0.0,141132,0.0,141132,0.0,2.1784744,,141132,36.52256,,0.0,0.0,,0.0,0.0,,
Brazil,BRA,1983,41.86777,2.9844549,0.0,0.0,151475,0.0,151475,0.0,2.9844549,,151475,38.383797,,0.0,0.0,,0.0,0.0,,
Brazil,BRA,1984,43.21895,2.8516788,0.0,0.0,166593,0.0,166593,0.0,2.8516788,,166593,39.29806,,0.0,0.0,,0.0,0.0,,
Brazil,BRA,1985,43.929535,3.0671256,0.0,0.0,178375,0.0,178375,0.0,3.0671256,93.68031,178375,39.506798,92.096725,0.0,0.0,0.0,0.0,0.0,0.0,
Brazil,BRA,1986,43.219524,3.1939325,0.0,0.0,182419,0.0,182419,0.0,3.1939325,91.828995,182419,37.93563,90.24885,0.0,0.0,0.0,0.0,0.0,0.0,
Brazil,BRA,1987,42.77721,3.5656974,0.0,0.0,185.6,0.0,185.6,0.0,3.5656974,93.033165,185.6,37.483208,91.279526,0.0,0.0,0.0,0.0,0.0,0.0,
Brazil,BRA,1988,44.011196,3.339784,0.0,0.0,199093,0.0,199093,0.0,3.339784,94.17544,199093,38.70429,92.62171,0.0,0.0,0.0,0.0,0.0,0.0,
Brazil,BRA,1989,44.574318,3.4031622,0.0,0.0,204.69,0.0,204.69,0.0,3.4031622,93.845985,204.69,38.998352,92.311226,0.0,0.0,0.0,0.0,0.0,0.0,
Brazil,BRA,1990,45.275486,3.8590624,0.0,0.0,206708,0.0,206708,0.0,3.8590624,94.50092,206708,40.011593,92769,0.0,0.0,0.0,0.0,0.0,0.0,65.00527
Brazil,BRA,1991,45.86179,3.9996126,0.0,0.0,217782,0.0,217782,0.0,3.9996126,94.6263,217782,40.58343,92.9198,0.0,0.0,0.0,0.0,0.0,0.0,72.90802
Brazil,BRA,1992,44.902706,4.929361,0.0,0.0,223343,0.0,223343,0.0,4.929361,94.4203,223343,39.771862,92.38137,0.0,0.0,0.0,0.0,0.0,0.0,66.798546
Brazil,BRA,1993,45.15963,4.9839373,0.0,0.0,235065,0.0,235065,0.0,4.9839373,95.256325,235065,40.067005,93.2786,0.0,0.0,0.0,0.0,0.0,0.0,64.79953
Brazil,BRA,1994,44.5656,5.3882236,0.0,0.0,242705,0.0,242705,0.0,5.3882236,95.40556,242705,39.38199,93.333496,0.0,0.0,0.0,0.0,0.0,0.0,71.16422
Brazil,BRA,1995,44.34581,5.5937405,0.0,0.0,253905,0.0,253905,0.0,5.5937405,94.15726,253905,39.237316,92.1276,0.0,0.0,0.0,0.0,0.0,0.0,72.528015
Brazil,BRA,1996,44.08196,6.75271,0.0,2,265769,2,265769,0.0,6.75271,93.56115,265769,38.897934,91.24216,2,0.00029285296,0.0006866275,0.0,0.0,0.0,80.751854
Brazil,BRA,1997,43.489933,7.378951,0.0,4,278972,4,278972,0.0,7.378951,92.97818,278972,38.623817,90.58098,4,0.0005540538,0.0012987824,0.0,0.0,0.0,88.75702
Brazil,BRA,1998,43.57197,7.505233,0.0,5,291469,5,291469,0.0,7.505233,92.92323,291469,38.926487,90.589035,5,0.00066744006,0.0015540082,0.0,0.0,0.0,81.04088
Brazil,BRA,1999,43.143803,8.376002,0.0,2,293.0,2,293.0,0.0,8.376002,90.03717,293.0,38.448334,87.534225,2,0.00026256527,0.0005975032,0.0,0.0,0.0,74.77354
Brazil,BRA,2000,43.288433,7.855363,0.0,1,304403,0.0,301.36,0.0,7.41,90.13077,301.36,39.243893,87.96777,0.0,0.00012837391,0.0,0.0,0.0,0.0,61.795197
Brazil,BRA,2001,39.11162,8.990407,0.0,0.0349,267876,0.04,265.2,0.0,8.47,84.69536,265.2,35.11814,82.06207,0.04,0.004575342,0.012377386,0.0,0.0,0.0,66.34447
Brazil,BRA,2002,40.756653,10.226147,0.0,61,286092,0.06,283.23,0.0,9.66,86.08834,283.23,36.34499,83.23196,0.06,0.00774941,0.017632019,0.0,0.0,0.0,72.809166
Brazil,BRA,2003,42.284126,11.894463,0.0,61,305616,0.06,302.56,0.0,11.26,87.456116,302.56,37.870674,84.30203,0.06,0.007558866,0.016717749,0.0,0.0,0.0,83.917046
Brazil,BRA,2004,42.286156,12.475056,0.0,61,320.7969,0.06,317.59,0.0,11.78,86426,317.59,37.69345,83.31978,0.06,0.0071674674,0.015741007,0.0,0.0,0.0,84.634285
Brazil,BRA,2005,43.1457,13.5909395,0.0,0.0929,337.45667,0.09,334.08,0.0,12.79,87.678154,334.08,38.29989,84.42333,0.09,0.0105437515,0.022743354,0.0,0.0,0.0,92.56785
Brazil,BRA,2006,43.045963,14.845659,0.0,237,348.80545,0.24,345.32,0.0,13.99,87.28425,345.32,38.355003,83.82978,0.24,0.02606076,0.058262326,0.0,0.0,0.0,102.801834
Brazil,BRA,2007,44.380226,18.063444,0.0,0.66278183,374.01514,0.64,370.27,0.0,16.97,88.725204,370.27,38.50619,84.69703,0.64,0.068235755,0.14639613,0.0,0.0,0.0,132.91316
Brazil,BRA,2008,43.366776,19.786257,0.0,1183,369.5564,0.84,365.86,0.0,18.91,84.80723,365.86,36.28732,80.463615,0.84,0.1161606,0.18474126,0.0,0.0,0.0,166.03877
Brazil,BRA,2009,46.30883,22.875872,0.0,1238,390.98807,1.24,387.08,0.0,21.81,89.41723,387.08,38.37569,84.39182,1.24,0.12151038,0.27034685,0.0,0.0,0.0,163.49847
Brazil,BRA,2010,44.246536,31.942375,0.0,2.176558,403.28983,2.18,403.29,0.0,30.52,85.35769,403.29,35.71371,78.95571,2.18,0.19274716,0.42679822,0.0,0.0,0.0,181.3416
Brazil,BRA,2011,43.91006,32.62904,0.0,2.704769,428.33292,2.7,428.33,0.0,31.29,87.66188,428.33,36.060123,81.216934,2.7,0.22770676,0.5119551,0.0,0.0,0.0,155.90176
Brazil,BRA,2012,42.06637,35.76567,0.00098,5.05,415.34216,5.05,415.34,0.0,34.39,83.11646,415.34,34.104256,75.90833,5.05,0.4146617,0.9229477,0.0,8.043948e-05,0.0,159.61436
Brazil,BRA,2013,39.836597,40.971848,0.004793593,6.575863,390992,6.58,390.99,0.0,39.27,77524,390.99,30.845118,69.387215,6.58,0.51876575,1.1677226,0.0,0.0003779034,0.0,185.37614
Brazil,BRA,2014,38.852745,47.07918,0.016081803,12.210252,373.43906,12.21,373.44,0.02,45.15,74.04187,373.44,28.610945,64.18039,12.21,0.9354855,2.098443,0.02,0.0012321046,0.003437253,195.19594
Brazil,BRA,2015,40.603523,49.88032,0.05891741,21.625702,359.7428,21.47,359.74,0.06,47.54,75.02318,359.74,28.132109,62.938923,21.47,1.6911433,3.7563202,0.06,0.0046073804,0.0104974015,209.42525
Brazil,BRA,2016,43.5387,51.334698,0.08526059,33.488873,380.91095,33.24,380.91,0.08,49.14,81.0938,380.91,30.28396,66.66258,33.24,2.6625009,5.8172913,0.08,0.006778563,0.0140007,197.13771
Brazil,BRA,2017,43.280678,52.912106,0.8318134,42.373257,370.90646,42.06,370.91,0.83,50.6,79.90915,370.91,28.998528,63.822357,42.06,3.3128626,7.23725,0.83,0.06503355,0.14281783,198.33238
Brazil,BRA,2018,46.080498,54.382233,3.4614348,48.47514,388.97107,48.12,388.97,3.44,52.13,82.919846,388.97,30.113998,65.467735,48.12,3.7529275,8.099101,3.44,0.26798302,0.5789881,238.32605
Brazil,BRA,2019,47.304844,54.920876,6.654579,55.985622,397.87704,55.43,397.88,6.59,52.69,82.85489,397.88,30.07191,64.313194,55.43,4.2314444,8.959687,6.59,0.5029592,1.0652055,254.90166
Brazil,BRA,2020,49.47188,58.741848,10.748342,57.050705,396.3812,56.48,396.33,10.64,56.56,84.641174,396.33,31.22798,64.50999,56.48,4.4946084,9.193157,10.64,0.84678334,1.7318554,245.11325
Brazil,BRA,2021,46.21975,54.959217,16.752281,72.28597,362.81845,71.5,362.82,16.75,57.6,76.7711,362.82,27.199343,54.75867,71.5,5.4190493,10.791149,16.75,1.2558651,2.5279965,233.18593
Bulgaria,BGR,1965,4.9313707,0.0,0.0,0.0,2.0,0.0,2.0,0.0,0.0,,2.0,4.9313707,,0.0,0.0,,0.0,0.0,,
Bulgaria,BGR,1966,4.6229763,0.0,0.0,0.0,2.01,0.0,2.01,0.0,0.0,,2.01,4.6229763,,0.0,0.0,,0.0,0.0,,
Bulgaria,BGR,1967,4.003621,0.0,0.0,0.0,2022,0.0,2022,0.0,0.0,,2022,4.003621,,0.0,0.0,,0.0,0.0,,
Bulgaria,BGR,1968,2.311565,0.0,0.0,0.0,1305,0.0,1305,0.0,0.0,,1305,2.311565,,0.0,0.0,,0.0,0.0,,
Bulgaria,BGR,1969,2.9225402,0.0,0.0,0.0,1839,0.0,1839,0.0,0.0,,1839,2.9225402,,0.0,0.0,,0.0,0.0,,
Bulgaria,BGR,1970,3.0394955,0.0,0.0,0.0,2152,0.0,2152,0.0,0.0,,2152,3.0394955,,0.0,0.0,,0.0,0.0,,
Bulgaria,BGR,1971,2.9434655,0.0,0.0,0.0,2.17,0.0,2.17,0.0,0.0,,2.17,2.9434655,,0.0,0.0,,0.0,0.0,,
Bulgaria,BGR,1972,2.761653,0.0,0.0,0.0,2095,0.0,2095,0.0,0.0,,2095,2.761653,,0.0,0.0,,0.0,0.0,,
Bulgaria,BGR,1973,3.2605422,0.0,0.0,0.0,2.57,0.0,2.57,0.0,0.0,,2.57,3.2605422,,0.0,0.0,,0.0,0.0,,
Bulgaria,BGR,1974,2.5623977,0.0,0.0,0.0,2.08,0.0,2.08,0.0,0.0,,2.08,2.5623977,,0.0,0.0,,0.0,0.0,,
Bulgaria,BGR,1975,2.7339408,0.0,0.0,0.0,2453,0.0,2453,0.0,0.0,,2453,2.7339408,,0.0,0.0,,0.0,0.0,,
Bulgaria,BGR,1976,3.108479,0.0,0.0,0.0,2954,0.0,2954,0.0,0.0,,2954,3.108479,,0.0,0.0,,0.0,0.0,,
Bulgaria,BGR,1977,3.5239036,0.0,0.0,0.0,3529,0.0,3529,0.0,0.0,,3529,3.5239036,,0.0,0.0,,0.0,0.0,,
Bulgaria,BGR,1978,2.805369,0.0,0.0,0.0,2909,0.0,2909,0.0,0.0,,2909,2.805369,,0.0,0.0,,0.0,0.0,,
Bulgaria,BGR,1979,3.0763478,0.0,0.0,0.0,3311,0.0,3311,0.0,0.0,,3311,3.0763478,,0.0,0.0,,0.0,0.0,,
Bulgaria,BGR,1980,3.2677274,0.0,0.0,0.0,3713,0.0,3713,0.0,0.0,,3713,3.2677274,,0.0,0.0,,0.0,0.0,,
Bulgaria,BGR,1981,3.231806,0.0,0.0,0.0,3618,0.0,3618,0.0,0.0,,3618,3.231806,,0.0,0.0,,0.0,0.0,,
Bulgaria,BGR,1982,2.6594315,0.0,0.0,0.0,3.05,0.0,3.05,0.0,0.0,,3.05,2.6594315,,0.0,0.0,,0.0,0.0,,
Bulgaria,BGR,1983,2.9039197,0.0,0.0,0.0,3353,0.0,3353,0.0,0.0,,3353,2.9039197,,0.0,0.0,,0.0,0.0,,
Bulgaria,BGR,1984,2.8398352,0.0,0.0,0.0,3.26,0.0,3.26,0.0,0.0,,3.26,2.8398352,,0.0,0.0,,0.0,0.0,,
Bulgaria,BGR,1985,1.9635512,0.0,0.0,0.0,2237,0.0,2237,0.0,0.0,5.3732705,2237,1.9635512,5.3732705,0.0,0.0,0.0,0.0,0.0,0.0,
Bulgaria,BGR,1986,2.001533,0.0,0.0,0.0,2326,0.0,2326,0.0,0.0,5.561932,2326,2.001533,5.561932,0.0,0.0,0.0,0.0,0.0,0.0,
Bulgaria,BGR,1987,2.1663287,0.0,0.0,0.0,2537,0.0,2537,0.0,0.0,5.835806,2537,2.1663287,5.835806,0.0,0.0,0.0,0.0,0.0,0.0,
Bulgaria,BGR,1988,2.1662037,0.0,0.0,0.0,2596,0.0,2596,0.0,0.0,5.766198,2596,2.1662037,5.766198,0.0,0.0,0.0,0.0,0.0,0.0,
Bulgaria,BGR,1989,2.265166,0.0,0.0,0.0,2691,0.0,2691,0.0,0.0,6.0702443,2691,2.265166,6.0702443,0.0,0.0,0.0,0.0,0.0,0.0,
Bulgaria,BGR,1990,1.7116511,0.0,0.0,0.0,1878,0.0,1.63,0.0,0.0,3.8902147,1.63,1.7116511,3.8902147,0.0,0.0,0.0,0.0,0.0,0.0,
Bulgaria,BGR,1991,2.7520618,0.0,0.0,0.0,2441,0.0,2.27,0.0,0.0,5.5787663,2.27,2.7520618,5.5787663,0.0,0.0,0.0,0.0,0.0,0.0,
Bulgaria,BGR,1992,2.477391,0.0,0.0,0.0,2063,0.0,1.9,0.0,0.0,5.361174,1.9,2.477391,5.361174,0.0,0.0,0.0,0.0,0.0,0.0,
Bulgaria,BGR,1993,2.190292,0.0,0.0,0.0,1942,0.0,1.79,0.0,0.0,4.730444,1.79,2.190292,4.730444,0.0,0.0,0.0,0.0,0.0,0.0,
Bulgaria,BGR,1994,1.7196692,0.0,0.0,0.0,1468,0.0,1.3,0.0,0.0,3.4228542,1.3,1.7196692,3.4228542,0.0,0.0,0.0,0.0,0.0,0.0,
Bulgaria,BGR,1995,2.5187614,0.0,0.0,0.0,2314,0.0,2.17,0.0,0.0,5.210084,2.17,2.5187614,5.210084,0.0,0.0,0.0,0.0,0.0,0.0,
Bulgaria,BGR,1996,3.1900234,0.0,0.0,0.0,2919,0.0,2.89,0.0,0.0,6.7713213,2.89,3.1900234,6.7713213,0.0,0.0,0.0,0.0,0.0,0.0,
Bulgaria,BGR,1997,3.1750753,0.0,0.0,0.0,2754,0.0,2.72,0.0,0.0,6.3864756,2.72,3.1750753,6.3864756,0.0,0.0,0.0,0.0,0.0,0.0,
Bulgaria,BGR,1998,3.721184,0.0,0.0,0.0,3097,0.0,3.07,0.0,0.0,7.4065137,3.07,3.721184,7.4065137,0.0,0.0,0.0,0.0,0.0,0.0,
Bulgaria,BGR,1999,3.7863123,0.0,0.0,0.0,2753,0.0,2.73,0.0,0.0,7.187994,2.73,3.7863123,7.187994,0.0,0.0,0.0,0.0,0.0,0.0,
Bulgaria,BGR,2000,3.6347754,0.0,0.0,0.0,2673,0.0,2.63,0.0,0.0,6.477833,2.63,3.6347754,6.477833,0.0,0.0,0.0,0.0,0.0,0.0,
Bulgaria,BGR,2001,2.2708168,0.0,0.0,0.0,1737,0.0,1.65,0.0,0.0,3.7974682,1.65,2.2708168,3.7974682,0.0,0.0,0.0,0.0,0.0,0.0,
Bulgaria,BGR,2002,2.9185119,0.0,0.0,0.0,2194,0.0,2.12,0.0,0.0,5.0368257,2.12,2.9185119,5.0368257,0.0,0.0,0.0,0.0,0.0,0.0,
Bulgaria,BGR,2003,3.8597226,0.0,0.0,0.0,3029,0.0,2.99,0.0,0.0,7.070229,2.99,3.8597226,7.070229,0.0,0.0,0.0,0.0,0.0,0.0,
Bulgaria,BGR,2004,4.144022,0.0,0.0,1,3168,0.0,3.14,0.0,0.0,7.584541,3.14,4.1427107,7.584541,0.0,0.001310958,0.0,0.0,0.0,0.0,
Bulgaria,BGR,2005,5.212998,0.0,0.0,5,4337,0.0,4.3,0.0,0.0,9.7883005,4.3,5207,9.7883005,0.0,0.0059981705,0.0,0.0,0.0,0.0,
Bulgaria,BGR,2006,4.984425,0.0,0.0,0.02,4238,0.02,4.21,0.0,0.0,9.300792,4.21,4.961013,9.256816,0.02,0.02341203,0.043975376,0.0,0.0,0.0,
Bulgaria,BGR,2007,3.5105207,0.0,0.0,47,2874,0.05,2.83,0.0,0.0,6.7132864,2.83,3.454035,6.5967364,0.05,0.05648556,0.11655011,0.0,0.0,0.0,
Bulgaria,BGR,2008,3.5983686,16,0.0,122,2824,0.12,2.79,0.0,0.02,6.5754037,2.79,3.4282017,6.2612205,0.12,0.14810224,0.2692998,0.0,0.0,0.0,
Bulgaria,BGR,2009,5.127213,8,3,237,3.47,0.24,3.43,0.0,0.01,8.693598,3.43,4.7837424,8103,0.24,0.32672825,0.56697375,0.0,0.0041411086,0.0,
Bulgaria,BGR,2010,7.616096,35,15,681,5057,0.68,5.03,0.01,0.04,12.527185,5.03,6.6481805,10.93954,0.68,0.8952761,1.4789039,0.01,0.019719703,0.021748587,
Bulgaria,BGR,2011,4.8499665,56,101,861,2917,0.86,2.87,0.1,0.06,7.7877874,2.87,3.5872378,5.7457457,0.86,1.0588316,1.7217216,0.1,0.124206744,0.2002002,
Bulgaria,BGR,2012,6.869961,66,814,1221,3226,1.22,3.18,0.78,0.07,11.295181,3.18,4.1519604,6.8416524,1.22,1.5714643,2.624785,0.78,1.047643,1.6781411,
Bulgaria,BGR,2013,9.592919,0.111713,1361,1374,4.08,1.37,4.04,1.39,0.11,16.054832,4.04,5.6348944,9.386617,1.37,1.8976337,3.1830854,1.39,1.8796792,3.229554,
Bulgaria,BGR,2014,9.543798,0.200792,1252,1331,4605,1.33,4.6,1.26,0.2,15.750214,4.6,5.919403,9.803922,1.33,1.7109069,2.8346121,1.26,1.6093578,2.6854222,
Bulgaria,BGR,2015,10.595034,0.270185,1383,1452,5661,1.45,5.65,1.38,0.27,17.967146,5.65,6.8031573,11.601643,1.45,1.7449539,2.9774127,1.38,1.6620325,2.8336756,
Bulgaria,BGR,2016,9.0498905,0.353614,1386,1425,3942,1.42,3.88,1.39,0.35,15.798923,3.88,4.972313,8.70736,1.42,1.7974494,3.1867144,1.39,1.7482562,3.1193895,
Bulgaria,BGR,2017,7.619621,0.395981,1.402965,1.504064,2.828103,1.5,2.83,1.4,0.4,13.643445,2.83,3.469999,6.298687,1.5,1.8454423,3.3385265,1.4,1.7213968,3.1159582,
Bulgaria,BGR,2018,11.799093,1.572966,1.342775,1.318123,5.146578,1.32,5.15,1.34,1.57,20.154705,5.15,6.25686,11.06575,1.32,1.6024845,2.8362699,1.34,1.6324548,2.8792436,
Bulgaria,BGR,2019,9.948385,1.820811,1.4425,1317,2.9658,1.32,2.93,1.42,1.82,17.100456,2.93,3.7205155,6.689498,1.32,1.6521405,3.0136986,1.42,1.8095771,3.2420092,
Bulgaria,BGR,2020,10.692997,1.699341,1.480856,1.477131,2.8692093,1.48,2.82,1.47,1.7,18.57285,2.82,3.8871865,7.011437,1.48,2.0012078,3.6797612,1.47,2.0062544,3.654898,
Bulgaria,BGR,2021,11.486526,1.694698,1.4895724,1.4332225,4.5625234,1.43,4.82,1.47,2.59,21.79704,4.82,5.4861164,10.190275,1.43,1.7233502,3.0232558,1.47,1.7911069,3.1078224,
Bulgaria,BGR,2022,,,,,,1.43,3.71,1.72,2.6,18.703045,3.71,,7.3349147,1.43,,2.8272042,1.72,,3.4005535,
Canada,CAN,1965,25.138649,0.0,0.0,0.0,118088,0.0,118088,0.0,0.0,,118088,25.138649,,0.0,0.0,,0.0,0.0,,
Canada,CAN,1966,26.194748,0.0,0.0,0.0,131.0,0.0,131.0,0.0,0.0,,131.0,26.194748,,0.0,0.0,,0.0,0.0,,
Canada,CAN,1967,25.610426,0.0,0.0,0.0,133924,0.0,133924,0.0,0.0,,133924,25.610426,,0.0,0.0,,0.0,0.0,,
Canada,CAN,1968,24.47401,0.0,0.0,0.0,136.2,0.0,136.2,0.0,0.0,,136.2,24.47401,,0.0,0.0,,0.0,0.0,,
Canada,CAN,1969,25.521269,0.0,0.0,0.0,150638,0.0,150638,0.0,0.0,,150638,25.521269,,0.0,0.0,,0.0,0.0,,
Canada,CAN,1970,25.025076,0.0,0.0,0.0,158137,0.0,158137,0.0,0.0,,158137,25.025076,,0.0,0.0,,0.0,0.0,,
Canada,CAN,1971,24.927824,0.0,0.0,0.0,162461,0.0,162461,0.0,0.0,,162461,24.927824,,0.0,0.0,,0.0,0.0,,
Canada,CAN,1972,25.893644,0.0,0.0,0.0,181639,0.0,181639,0.0,0.0,,181639,25.893644,,0.0,0.0,,0.0,0.0,,
Canada,CAN,1973,25.552883,0.0,0.0,0.0,194654,0.0,194654,0.0,0.0,,194654,25.552883,,0.0,0.0,,0.0,0.0,,
Canada,CAN,1974,26.811583,0.0,0.0,0.0,210667,0.0,210667,0.0,0.0,,210667,26.811583,,0.0,0.0,,0.0,0.0,,
Canada,CAN,1975,26.156315,0.0,0.0,0.0,202.47,0.0,202.47,0.0,0.0,,202.47,26.156315,,0.0,0.0,,0.0,0.0,,
Canada,CAN,1976,26.332035,707,0.0,0.0,212689,0.0,212689,0.0,707,,212689,26.23788,,0.0,0.0,,0.0,0.0,,
Canada,CAN,1977,25.808474,1069,0.0,0.0,220147,0.0,220147,0.0,1069,,220147,25.673887,,0.0,0.0,,0.0,0.0,,
Canada,CAN,1978,27.05877,1132,0.0,0.0,235254,0.0,235254,0.0,1132,,235254,26.918936,,0.0,0.0,,0.0,0.0,,
Canada,CAN,1979,27.297024,1345,0.0,0.0,244121,0.0,244121,0.0,1345,,244121,27.135622,,0.0,0.0,,0.0,0.0,,
Canada,CAN,1980,27.539686,1.3,0.0,0.0,251148,0.0,251148,0.0,1.3,,251148,27.386648,,0.0,0.0,,0.0,0.0,,
Canada,CAN,1981,29.403929,1898,0.0,0.0,266015,0.0,266015,0.0,1898,,266015,29.179176,,0.0,0.0,,0.0,0.0,,
Canada,CAN,1982,29.416237,2139,0.0,0.0,257795,0.0,257795,0.0,2139,,257795,29.155087,,0.0,0.0,,0.0,0.0,,
Canada,CAN,1983,30.499226,2085,0.0,0.0,265952,0.0,265952,0.0,2085,,265952,30.243265,,0.0,0.0,,0.0,0.0,,
Canada,CAN,1984,30.855843,2337,0.0,0.0,286123,0.0,286123,0.0,2337,,286123,30.586151,,0.0,0.0,,0.0,0.0,,
Canada,CAN,1985,31.611633,1677,0.0,1,303645,1,303645,0.0,1677,66.5168,303645,31.424173,66.15123,1,0.000103050785,0.00021785714,0.0,0.0,0.0,
Canada,CAN,1986,32.04593,1865,0.0,1,310635,1,310635,0.0,1865,66.69049,310635,31.839462,66.29227,1,0.000102063146,0.00021340889,0.0,0.0,0.0,
Canada,CAN,1987,31.649542,2312,0.0,1,316206,1,316206,0.0,2312,64.16609,316206,31.401583,63.700134,1,9.888605e-05,0.00020145137,0.0,0.0,0.0,
Canada,CAN,1988,29.611338,2485,0.0,1,307435,1,307435,0.0,2485,61.2473,307435,29.355091,60.756012,1,9.5078816e-05,0.0001976223,0.0,0.0,0.0,
Canada,CAN,1989,27.817396,3477,0.0,1,290.44974,1,290.44974,0.0,3477,59.010662,290.44974,27.462397,58.3124,1,9.415015e-05,0.00020076589,0.0,0.0,0.0,
Canada,CAN,1990,29.480999,3954,0.0,0.001919192,295.68332,0.001919192,295.68332,0.0,3954,62.34779,295.68332,29.06128,61.524654,0.001919192,0.0001883501,0.00039933814,0.0,0.0,0.0,0.0
Canada,CAN,1991,30.499428,3984,0.0,0.001919192,307276,0.001919192,307276,0.0,3984,61.39351,307276,30.078238,60.60732,0.001919192,0.00018758656,0.0003785427,0.0,0.0,0.0,0.0
Canada,CAN,1992,30.51211,4465,0.002052632,59,315.17465,59,315.17465,0.002052632,4465,61.643684,315.17465,30.046764,60.77099,59,0.0056246924,0.011376196,0.002052632,0.0001961274,0.00039578206,0.0
Canada,CAN,1993,30.450893,4817,0.002052632,59,322.2139,59,322.2139,0.002052632,4817,61.68843,322.2139,29.96167,60.768456,59,0.005486231,0.011127201,0.002052632,0.00019129939,0.00038711948,0.0
Canada,CAN,1994,29.927301,5733,0.002052632,59,327.8556,59,327.8556,0.002052632,5733,60.328484,327.8556,29.367456,59.28084,59,0.0052848915,0.01066802,0.002052632,0.00018427888,0.00037114436,0.0
Canada,CAN,1995,29.888117,7.137866,0.003842105,59,334.05972,59,334.05972,0.003842105,7.137866,61.172176,334.05972,29.208872,59.881424,59,0.0051587326,0.010575965,0.003842105,0.00033593999,0.0006887113,0.0
Canada,CAN,1996,30.879307,7.528515,0.005894737,62,354.59207,62,354.59207,0.005894737,7.528515,63.361584,354.59207,30.181753,62.03266,62,0.0052772434,0.010846336,0.005894737,0.00050213764,0.0010312306,0.0
Canada,CAN,1997,30.284904,8.16822,0.006947368,62,348.67963,62,348.67963,0.006947368,8.16822,62.360817,348.67963,29.53221,60.921608,62,0.00525123,0.010832694,0.006947368,0.00058877433,0.0012138502,0.0
Canada,CAN,1998,29.307371,8.987254,0.010105263,62,330.86993,62,330.86993,0.010105263,8.987254,60.486572,330.86993,28.43158,58.87456,62,0.0053276466,0.011032199,0.010105263,0.00086834177,0.0017981172,0.0
Canada,CAN,1999,29.588795,8.943149,0.013263158,162,345.0008,162,345.0008,0.013263158,8.943149,61.290306,345.0008,28.729647,59.712105,162,0.013490411,0.028038664,0.013263158,0.0011044745,0.002295563,0.57797325
Canada,CAN,2000,29.767817,8.917043,0.016421054,264,356.76007,0.26,354.92,0.02,8.5,61.809593,354.92,28.922241,60.317463,0.26,0.021402262,0.044186126,0.02,0.0013312428,0.0033989327,1.2613882
Canada,CAN,2001,28.20141,9.67215,0.019578947,329,331.52103,0.34,329.99,0.02,9.23,59.32876,329.99,27.265167,57.653267,0.34,0.02705783,0.059402134,0.02,0.001610227,0.0034942434,1.3259386
Canada,CAN,2002,28.546556,10.046104,0.022736842,405,349.27463,0.41,347.05,0.02,9.58,61.14774,347.05,27.602667,59.433495,0.41,0.032006558,0.0702139,0.02,0.0017968575,0.0034250682,1.3599371
Canada,CAN,2003,27.180014,9.4172945,0.022789475,0.69,336.13937,0.83,334.07,0.02,8.96,60.078968,334.07,26.268938,58.36507,0.83,0.053922772,0.14500856,0.02,0.0017809713,0.0034941821,1.3599371
Canada,CAN,2004,26.827923,9.804526,0.014263158,945,338.39835,0.95,337.43,0.01,9.29,59.69678,337.43,25.879213,57.93685,0.95,0.07226943,0.16311534,0.01,0.0010907815,0.0017170035,1.363663
Canada,CAN,2005,28.265476,9.155414,17,1.5674546,361.95575,1.57,358.3,0.02,8.969999,60.82082,358.3,27.322939,59.079594,1.57,0.11832238,0.25887513,0.02,0.001283279,0.0032977725,1.4959308
Canada,CAN,2006,27.616468,8.938046,21,2.4730656,352.8873,2.47,349.32,0.02,8.67,60.82716,349.32,26.618729,58.944027,2.47,0.18654643,0.4167862,0.02,0.0015840593,0.003374787,1.918643
Canada,CAN,2007,27.694315,8.991077,26,3.0072787,367.62146,3.01,363.91,0.03,8.47,61.246067,363.91,26.545048,59.368324,3.01,0.21714824,0.4910518,0.03,0.0018773943,0.004894204,5.5999856
Canada,CAN,2008,28.590092,7.978966,35,3.7885141,377.48773,3.79,373.68,0.04,7.7000003,62.65207,373.68,27.414108,60.776783,3.79,0.2751314,0.6164205,0.04,0.0025417854,0.006505757,6.0085735
Canada,CAN,2009,29.20945,8.942057,109,6.6416516,368.6874,6.64,364.96,0.1,8.54,63.891922,364.96,27.694363,61.324417,6.64,0.498895,1.1157227,0.1,0.008187654,0.01680305,8.729076
Canada,CAN,2010,27.789688,10.297558,0.25555557,8.724192,351.3848,8.64,347.87,0.25,9.45,62.942146,347.87,25.973324,59.78997,8.64,0.6448664,1.4849955,0.25,0.018889913,0.042968616,9.353597
Canada,CAN,2011,28.62637,10.213784,0.5717152,10.188574,375.72372,10.09,371.97,0.57,9.32,64.09229,371.97,26.597258,60.82513,10.09,0.7212431,1.649933,0.57,0.04047138,0.093207315,11.039007
Canada,CAN,2012,28.976913,10.913819,0.88080704,11.311488,380.26715,11.2,376.46,0.87,10.05,65.09873,376.46,26.670322,61.485943,11.2,0.79333967,1.8292583,0.87,0.061776057,0.14209417,10.829853
Canada,CAN,2013,28.941828,11.03561,1.4989899,11.145443,391.78888,17.78,387.87,1.48,10.150001,65.43208,387.87,26.66529,60.82041,17.78,0.75856286,2.788014,1.48,0.10202179,0.23207314,11.477615
Canada,CAN,2014,28.14776,9.795245,2.120201,12.81707,382.50137,22.32,378.68,2.1,9.030001,64.791145,378.68,25.809252,59.532455,22.32,0.8648308,3.5089374,2.1,0.1430604,0.33014193,13.4386215
Canada,CAN,2015,28.764147,9.987179,2.8949516,26.96639,382.19327,26.7,378.37,2.87,9.26,65.294624,378.37,25.470295,59.217464,26.7,1.7971065,4.1787305,2.87,0.19292669,0.4491744,12.837873
Canada,CAN,2016,29.6526,11.359523,4.0323224,30.933117,385.43243,30.62,381.58,3.99,10.650001,66.18906,381.58,25.890654,59.170696,30.62,2.0778704,4.7481704,3.99,0.2708632,0.61871976,13.888556
Canada,CAN,2017,29.67364,10.850481,3.5737383,31.513615,394.58737,31.2,390.64,3.54,10.05,67.53994,390.64,25.928694,60.59252,31.2,2.0707884,4.83946,3.54,0.2348336,0.5490926,13.8
Canada,CAN,2018,28.814518,10.541605,3.7969697,33.144466,385.89395,32.85,382.02,3.76,9.76,67.36857,382.02,24.999146,60.076427,32.85,2.1471786,5.1659875,3.76,0.2459769,0.5912972,13.919111
Canada,CAN,2019,28.586376,10.307284,4.0797977,32.875572,381.77032,32.33,375.98,4.04,9.45,67.174164,375.98,24.7622,59.877056,32.33,2.1323593,5.1487455,4.04,0.26462185,0.64339405,14.796906
Canada,CAN,2020,30.54215,9.385263,4.280405,35.641922,386.54474,35.74,380.93,4.24,8.33,68.77964,380.93,26.439915,61.038647,35.74,2.4379308,5.72683,4.24,0.29278252,0.6794,13.639054
Canada,CAN,2021,29.88844,9.695907,5.1617374,35.117035,380.84628,35.21,377.16,5.11,9.23,68.16998,377.16,25.743002,60.254013,35.21,2.3737078,5.6250496,5.11,0.3489035,0.8163591,13.440441
Chile,CHL,1965,16.010857,0.0,0.0,0.0,3954,0.0,3954,0.0,0.0,,3954,16.010857,,0.0,0.0,,0.0,0.0,,
Chile,CHL,1966,15.744313,0.0,0.0,0.0,4168,0.0,4168,0.0,0.0,,4168,15.744313,,0.0,0.0,,0.0,0.0,,
Chile,CHL,1967,15.76555,0.0,0.0,0.0,4255,0.0,4255,0.0,0.0,,4255,15.76555,,0.0,0.0,,0.0,0.0,,
Chile,CHL,1968,13.261512,0.0,0.0,0.0,3565,0.0,3565,0.0,0.0,,3565,13.261512,,0.0,0.0,,0.0,0.0,,
Chile,CHL,1969,13.893923,0.0,0.0,0.0,4024,0.0,4024,0.0,0.0,,4024,13.893923,,0.0,0.0,,0.0,0.0,,
Chile,CHL,1970,14.088003,0.0,0.0,0.0,4307,0.0,4307,0.0,0.0,,4307,14.088003,,0.0,0.0,,0.0,0.0,,
Chile,CHL,1971,14.758605,66,0.0,0.0,4809,0.0,4809,0.0,66,,4809,14.543134,,0.0,0.0,,0.0,0.0,,
Chile,CHL,1972,16.941067,57,0.0,0.0,5.73,0.0,5.73,0.0,57,,5.73,16.76107,,0.0,0.0,,0.0,0.0,,
Chile,CHL,1973,17.183693,51,0.0,0.0,5595,0.0,5595,0.0,51,,5595,17.016247,,0.0,0.0,,0.0,0.0,,
Chile,CHL,1974,19.690105,46,0.0,0.0,6364,0.0,6364,0.0,46,,6364,19.537651,,0.0,0.0,,0.0,0.0,,
Chile,CHL,1975,21.933805,51,0.0,0.0,6388,0.0,6388,0.0,51,,6388,21.746378,,0.0,0.0,,0.0,0.0,,
Chile,CHL,1976,21.624561,73,0.0,0.0,6599,0.0,6599,0.0,73,,6599,21.369362,,0.0,0.0,,0.0,0.0,,
Chile,CHL,1977,22.024628,0.08,0.0,0.0,6969,0.0,6969,0.0,0.08,,6969,21.755028,,0.0,0.0,,0.0,0.0,,
Chile,CHL,1978,21.673307,91,0.0,0.0,7251,0.0,7251,0.0,91,,7251,21.383596,,0.0,0.0,,0.0,0.0,,
Chile,CHL,1979,21.54592,94,0.0,0.0,7448,0.0,7448,0.0,94,,7448,21.256308,,0.0,0.0,,0.0,0.0,,
Chile,CHL,1980,22.060732,105,0.0,0.0,7871,0.0,7871,0.0,105,,7871,21.747541,,0.0,0.0,,0.0,0.0,,
Chile,CHL,1981,22.26287,0.11,0.0,0.0,8.15,0.0,8.15,0.0,0.11,,8.15,21.943148,,0.0,0.0,,0.0,0.0,,
Chile,CHL,1982,26.589516,137,0.0,0.0,8914,0.0,8914,0.0,137,,8914,26.155552,,0.0,0.0,,0.0,0.0,,
Chile,CHL,1983,28.068626,208,0.0,0.0,9613,0.0,9613,0.0,208,,9613,27.42795,,0.0,0.0,,0.0,0.0,,
Chile,CHL,1984,27.7989,201,0.0,0.0,9975,0.0,9975,0.0,201,,9975,27.207058,,0.0,0.0,,0.0,0.0,,
Chile,CHL,1985,30.296179,195,0.0,0.0,11.07,0.0,11.07,0.0,195,80.23505,11.07,29.730808,78.84615,0.0,0.0,0.0,0.0,0.0,0.0,
Chile,CHL,1986,31.164711,0.28,0.0,0.0,11.83,0.0,11.83,0.0,0.28,81.713905,11.83,30.38825,79.82456,0.0,0.0,0.0,0.0,0.0,0.0,
Chile,CHL,1987,32.0948,271,0.0,0.0,12823,0.0,12823,0.0,271,83.73729,12823,31.37889,82.00423,0.0,0.0,0.0,0.0,0.0,0.0,
Chile,CHL,1988,28.36174,327,0.0,0.0,12558,0.0,12558,0.0,327,76.17498,12558,27.586275,74.24179,0.0,0.0,0.0,0.0,0.0,0.0,
Chile,CHL,1989,21.771547,321,0.0,0.0,10543,0.0,10543,0.0,321,60.996014,10543,21.07872,59.193756,0.0,0.0,0.0,0.0,0.0,0.0,
Chile,CHL,1990,18.957916,963,0.0,0.0,8.941428,0.0,8.941428,0.0,963,53.834267,8.941428,16.983301,48.6,0.0,0.0,0.0,0.0,0.0,0.0,
Chile,CHL,1991,24.084661,1033,0.0,0.0,13.135654,0.0,13.135654,0.0,1033,70.97458,13.135654,22.199963,65.8,0.0,0.0,0.0,0.0,0.0,0.0,
Chile,CHL,1992,28.35539,1743,0.0,0.0,16.74015,0.0,16.74015,0.0,1743,82.69866,16.74015,25.490206,74.9,0.0,0.0,0.0,0.0,0.0,0.0,
Chile,CHL,1993,27.52927,1.75,0.0,0.0,17.217321,0.0,17.217321,0.0,1.75,78.987724,17.217321,24.807245,71.700005,0.0,0.0,0.0,0.0,0.0,0.0,
Chile,CHL,1994,25.954523,1786,0.0,0.0,16.985472,0.0,16.985472,0.0,1786,74.26599,16.985472,23.30869,67.2,0.0,0.0,0.0,0.0,0.0,0.0,
Chile,CHL,1995,26.028479,1879,0.0,0.0,18.413738,0.0,18.413738,0.0,1879,72.40424,18.413738,23.44569,65.7,0.0,0.0,0.0,0.0,0.0,0.0,
Chile,CHL,1996,22.551899,1738,0.0,0.0,16.873468,0.0,16.873468,0.0,1738,60.44451,16.873468,20.295172,54.8,0.0,0.0,0.0,0.0,0.0,0.0,
Chile,CHL,1997,21.909548,1743,0.0,0.0,18.943148,0.0,18.943148,0.0,1743,62.13549,18.943148,19.929888,56.9,0.0,0.0,0.0,0.0,0.0,0.0,
Chile,CHL,1998,18.059258,1161,0.0,0.0,15.937255,0.0,15.937255,0.0,1161,48.170887,15.937255,16.742573,44.9,0.0,0.0,0.0,0.0,0.0,0.0,
Chile,CHL,1999,15.275815,1.45,0.0,0.0,13577,0.0,13577,0.0,1.45,39.149124,13577,13.696676,35.37151,0.0,0.0,0.0,0.0,0.0,0.0,
Chile,CHL,2000,19.573402,1375,0.0,0.0,19081,0.0,18.48,0.0,1375,47.506424,18.48,18.160625,47.506424,0.0,0.0,0.0,0.0,0.0,0.0,
Chile,CHL,2001,22.04736,1683,0.0,7,21.68,0.0,21.03,0.0,1683,51.772526,21.03,20.32624,51.772526,0.0,0.006560041,0.0,0.0,0.0,0.0,
Chile,CHL,2002,22.61727,1781,0.0,7,23187,0.0,22.5,0.0,1781,53.10361,22.5,20.85875,53.10361,0.0,0.006301001,0.0,0.0,0.0,0.0,
Chile,CHL,2003,22.010809,1695,0.0,7,22603,0.0,21.84,0.0,1695,48.38281,21.84,20.326694,48.38281,0.0,0.0062964964,0.0,0.0,0.0,0.0,
Chile,CHL,2004,19.768446,2031,0.0,5,20.969337,0.0,20.87,0.0,2031,42.88944,20.87,17.849092,42.88944,0.0,0.004258481,0.0,0.0,0.0,0.0,
Chile,CHL,2005,22.415243,1.79,0.0,7,25.5755,0.0,25.42,0.0,1.79,50.217308,25.42,20.78759,50.217308,0.0,0.0056928615,0.0,0.0,0.0,0.0,
Chile,CHL,2006,22.566658,1431,0.0,7,28.21505,0.0,28.03,0.0,1431,52.324062,28.03,21.346752,52.324062,0.0,0.0052957027,0.0,0.0,0.0,0.0,
Chile,CHL,2007,18.706137,2696,0.0,0.0112,22.33486,0.0,22.29,0.0,2696,39.81779,22.29,16.455467,39.81779,0.0,0.008251754,0.0,0.0,0.0,0.0,
Chile,CHL,2008,20.915377,3.5882213,0.0,0.03812314,24.266146,0.03,23.75,0.0,3.5882213,42.185562,23.75,17.883278,42.13234,0.03,0.028095406,0.0532198,0.0,0.0,0.0,
Chile,CHL,2009,21.777431,3.391682,0.0,0.07901422,25.17931,0.07,24.5,0.0,3.391682,43.340977,24.5,18.82057,43.2175,0.07,0.05906008,0.12347857,0.0,0.0,0.0,
Chile,CHL,2010,19.264341,3.4124773,0.0,0.325326,21.759474,0.32,21.23,0.0,3.4124773,36.98936,21.23,16.116493,36.440098,0.32,0.24095778,0.5492619,0.0,0.0,0.0,
Chile,CHL,2011,17.502325,4.314426,0.0,0.33759564,20.510006,0.32,20.72,0.0,4.314426,33.913605,20.72,13.892092,33.397808,0.32,0.22866446,0.51579624,0.0,0.0,0.0,
Chile,CHL,2012,18.09596,5.9831734,0.00034039,0.40838745,20.162024,0.39,20.2,0.0,5.9831734,31.310825,20.2,13.249752,30.717762,0.39,0.26837742,0.5930657,0.0,0.00022369338,0.0,
Chile,CHL,2013,18.432415,6.896006,0.00675656,0.5450756,19.907211,0.55,19.61,0.01,6.896006,29.587795,19.61,12.858711,28.766321,0.55,0.3520819,0.80680656,0.01,0.004364806,0.01466921,
Chile,CHL,2014,20.193163,4.989873,0.458713,1.4431201,23.045078,1.43,23.55,0.46,4.989873,36.368835,23.55,15.095819,33.66691,1.43,0.9453247,2.0443175,0.46,0.30048275,0.6576126,
Chile,CHL,2015,21.427673,5.5661297,1.3601003,2.114648,23.621508,2.1,23.91,1.37,5.5661297,38.16028,23.91,15.021966,33.324043,2.1,1.3447987,2.926829,1.37,0.8649482,1.9094076,
Chile,CHL,2016,19.706335,6.722216,2.5502636,2.4518394,19.690727,2.25,19.46,2.56,6.722216,33.083424,19.46,11.863281,26.526716,2.25,1.4771858,3.0670664,2.56,1.5364845,3.48964,
Chile,CHL,2017,22.405031,7.4493103,3.8959484,3.6255593,21.325731,3.55,21.81,3.9,7.4493103,39.504177,21.81,12.6512375,29.38561,3.55,2.1508203,4.7830772,3.9,2.3112252,5.254648,
Chile,CHL,2018,24.343296,9.157252,5.118721,3.5878947,23.36677,4.02,23.21,5.45,9.157252,42.859005,23.21,13.207187,30.244984,4.02,2.0279224,5.2384677,5.45,2.8931642,7.101903,
Chile,CHL,2019,24.144995,9.54655,6.300226,4.895221,21.440327,4.82,20.83,6.38,9.54655,41.64621,20.83,11.726439,26.915623,4.82,2.677362,6.228195,6.38,3.4458067,8.243959,
Chile,CHL,2020,26.557531,8.741824,7.6148434,5.6023026,21.720932,5.54,20.63,7.64,8.741824,43.807076,20.63,12.677998,26.533762,5.54,3.2699325,7.125402,7.64,4.4446054,9.826366,
Chile,CHL,2021,26.518875,8.4537115,10.596327,9.481755,16.532999,7.21,16.48,10.79,8.4537115,42.706417,16.48,9.360421,20.218378,7.21,5.368247,8.84554,10.79,5.9992795,13.237639,
China,CHN,1965,4.253407,0.0,0.0,0.0,22097,0.0,22097,0.0,0.0,,22097,4.253407,,0.0,0.0,,0.0,0.0,,
China,CHN,1966,3.9831228,0.0,0.0,0.0,22.485907,0.0,22.485907,0.0,0.0,,22.485907,3.9831228,,0.0,0.0,,0.0,0.0,,
China,CHN,1967,3.818398,0.0,0.0,0.0,19.383488,0.0,19.383488,0.0,0.0,,19.383488,3.818398,,0.0,0.0,,0.0,0.0,,
China,CHN,1968,4.458871,0.0,0.0,0.0,22.870396,0.0,22.870396,0.0,0.0,,22.870396,4.458871,,0.0,0.0,,0.0,0.0,,
China,CHN,1969,3.7274022,0.0,0.0,0.0,23.259302,0.0,23.259302,0.0,0.0,,23.259302,3.7274022,,0.0,0.0,,0.0,0.0,,
China,CHN,1970,3.0095923,0.0,0.0,0.0,24.037117,0.0,24.037117,0.0,0.0,,24.037117,3.0095923,,0.0,0.0,,0.0,0.0,,
China,CHN,1971,3.0704048,0.0,0.0,0.0,29.075233,0.0,29.075233,0.0,0.0,,29.075233,3.0704048,,0.0,0.0,,0.0,0.0,,
China,CHN,1972,3.2275975,0.0,0.0,0.0,32.951046,0.0,32.951046,0.0,0.0,,32.951046,3.2275975,,0.0,0.0,,0.0,0.0,,
China,CHN,1973,3.417015,0.0,0.0,0.0,36.82686,0.0,36.82686,0.0,0.0,,36.82686,3.417015,,0.0,0.0,,0.0,0.0,,
China,CHN,1974,3.7493546,0.0,0.0,0.0,41.674942,0.0,41.674942,0.0,0.0,,41.674942,3.7493546,,0.0,0.0,,0.0,0.0,,
China,CHN,1975,3.5038238,0.0,0.0,0.0,43.610638,0.0,43.610638,0.0,0.0,,43.610638,3.5038238,,0.0,0.0,,0.0,0.0,,
China,CHN,1976,3.3725684,0.0,0.0,0.0,44194,0.0,44194,0.0,0.0,,44194,3.3725684,,0.0,0.0,,0.0,0.0,,
China,CHN,1977,3.228714,0.0,0.0,0.0,46.134117,0.0,46.134117,0.0,0.0,,46.134117,3.228714,,0.0,0.0,,0.0,0.0,,
China,CHN,1978,2.7594638,0.0,0.0,0.0,43.22615,0.0,43.22615,0.0,0.0,,43.22615,2.7594638,,0.0,0.0,,0.0,0.0,,
China,CHN,1979,3.0088992,0.0,0.0,0.0,48.555946,0.0,48.555946,0.0,0.0,,48.555946,3.0088992,,0.0,0.0,,0.0,0.0,,
China,CHN,1980,3.5661976,0.0,0.0,0.0,58.221176,0.0,58.221176,0.0,0.0,,58.221176,3.5661976,,0.0,0.0,,0.0,0.0,,
China,CHN,1981,4.066497,0.0,0.0,0.0,65.51318,0.0,65.51318,0.0,0.0,,65.51318,4.066497,,0.0,0.0,,0.0,0.0,,
China,CHN,1982,4.4212723,0.0,0.0,0.0,74.41386,0.0,74.41386,0.0,0.0,,74.41386,4.4212723,,0.0,0.0,,0.0,0.0,,
China,CHN,1983,4.8234906,0.0,0.0,0.0,86.41695,0.0,86.41695,0.0,0.0,,86.41695,4.8234906,,0.0,0.0,,0.0,0.0,,
China,CHN,1984,4.515455,0.0,0.0,0.0,86.8147,0.0,86.8147,0.0,0.0,,86.8147,4.515455,,0.0,0.0,,0.0,0.0,,
China,CHN,1985,4.44183,0.0,0.0,0.0,92.38756,0.0,92.38756,0.0,0.0,22.495691,92.38756,4.44183,22.495691,0.0,0.0,0.0,0.0,0.0,0.0,
China,CHN,1986,4.3385277,0.0,0.0,0.0,94.548645,0.0,94.548645,0.0,0.0,21.032778,94.548645,4.3385277,21.032778,0.0,0.0,0.0,0.0,0.0,0.0,
China,CHN,1987,4.2555475,0.0,0.0,0.0,100.02428,0.0,100.02428,0.0,0.0,20.114803,100.02428,4.2555475,20.114803,0.0,0.0,0.0,0.0,0.0,0.0,
China,CHN,1988,4.3230724,0.0,0.0,0.0,109.16802,0.0,109.16802,0.0,0.0,20.023113,109.16802,4.3230724,20.023113,0.0,0.0,0.0,0.0,0.0,0.0,
China,CHN,1989,4.468027,0.0,0.0,0.0,118.40898,0.0,118.40898,0.0,0.0,20.247429,118.40898,4.468027,20.247429,0.0,0.0,0.0,0.0,0.0,0.0,
China,CHN,1990,4.7236676,64,2,0.002020202,126.74397,0.002020202,126.74397,2,64,20.414036,126.74397,4.721199,20.403086,0.002020202,7.523349e-05,0.0003252096,2,7.453365e-05,0.0003219575,0.0
China,CHN,1991,4.424778,64,2,0.009090909,124.68895,0.009090909,124.68895,2,64,18.413998,124.68895,4.422177,18.402914,0.009090909,0.00032250112,0.0013417326,2,7.096357e-05,0.00029518118,0.0
China,CHN,1992,4.4127016,113,3,0.13131313,130.68608,0.13131313,130.68608,3,113,17.366556,130.68608,4.404492,17.333752,0.13131313,0.004425624,0.01741692,3,0.00010099618,0.00039790967,0.0
China,CHN,1993,4.7578607,117,4,0.21212122,151.84616,0.21212122,151.84616,4,117,18.75076,151.84616,4.747567,18.709713,0.21212122,0.006632106,0.026136499,4,0.00012511939,0.0004928597,0.0
China,CHN,1994,4.952474,0.46,5,0.3838384,167.42897,0.3838384,167.42897,5,0.46,18.137295,167.42897,4.926808,18.045803,0.3838384,0.011294927,0.041370813,5,0.00014705995,0.0005389092,0.0
China,CHN,1995,5.55382,3014,7,0.61616164,190.58,0.61616164,190.58,7,3014,19.286135,190.58,5.4434624,18.924957,0.61616164,0.017599184,0.061186027,7,0.00019989497,0.0006951134,0.0
China,CHN,1996,5.143133,1533,9,0.093939394,187.97,0.093939394,187.97,9,1533,17.534836,187.97,5.095832,17.383543,0.093939394,0.0025466795,0.008687554,9,0.00024397188,0.0008323237,0.0
China,CHN,1997,5.361734,2722,11,0.1979798,195.98,0.1979798,195.98,11,2722,17.516706,195.98,5.2773304,17.258596,0.1979798,0.005331182,0.017434705,11,0.00029620752,0.0009686936,0.0
China,CHN,1998,5.4277782,2.48,14,0.35555556,198.89,0.35555556,198.89,14,2.48,17.287024,198.89,5.34623,17.042845,0.35555556,0.009557452,0.030467486,14,0.00037632405,0.0011996573,0.0
China,CHN,1999,5.188286,2.52,17,0.4737374,196.58,0.4737374,196.58,17,2.52,16.105118,196.58,5.10523,15.86218,0.4737374,0.012303074,0.038226206,17,0.0004414947,0.0013717421,0.0
China,CHN,2000,5.656925,2537,22,0.589899,222.41,0.59,222.41,0.02,2537,16.639128,222.41,5.573289,16.406757,0.59,0.014782058,0.043523163,0.02,0.0005512908,0.0014753615,0.0
China,CHN,2001,6.618624,2554,31,0.7191919,277.43,0.72,277.43,0.03,2554,18.958124,277.43,6.5358973,18.73527,0.72,0.016943244,0.048622694,0.03,0.0007303202,0.0020259456,0.053060662
China,CHN,2002,6.2804885,2546,48,0.83737373,287.97,0.84,287.97,0.05,2546,17.6185,287.97,6.1892962,17.41052,0.84,0.017997546,0.050785974,0.05,0.0010316577,0.0030229746,1.7684788
China,CHN,2003,5.3011093,2536,64,0.9969697,283.68,1.0,283.68,0.06,2536,15.036272,283.68,5.200834,14.847848,1.0,0.018277897,0.052340128,0.06,0.0011733418,0.0031404076,4.856231
China,CHN,2004,5.60094,2528,76,1.2777778,353544,1.28,353.54,0.08,2528,16.22241,353.54,5.5042586,16.045858,1.28,0.019893479,0.058094412,0.08,0.0011832295,0.0036309008,5.965346
China,CHN,2005,5.554481,5322,84,1.9460607,397017,1.95,397.02,0.08,5322,16.173119,397.02,5.4064536,15.8791485,1.95,0.026500845,0.07799189,0.08,0.0011438854,0.0031996672,8.368024
China,CHN,2006,5.5779824,7133,95,3.7118182,435786,3.71,435.79,0.09,7133,15.588404,435.79,5.3799367,15.206999,3.71,0.04582375,0.12946136,0.09,0.001172809,0.003140572,12.231145
China,CHN,2007,5.718535,9863,114,5.479293,485264,5.48,485.26,0.11,9863,15.258385,485.26,5.47777,14.787569,5.48,0.061851494,0.16699477,0.11,0.0012868581,0.0033520847,13.484257
China,CHN,2008,7.268667,14866,152,13.1,636.96,13.1,636.96,0.15,14866,19.025333,636.96,6.879183,18.220932,13.1,0.14148031,0.37473968,0.15,0.0016416038,0.0042909128,16.731058
China,CHN,2009,6.9355316,20.85932,279,27.614998,615644,27.61,615.64,0.28,20.85932,17.885717,615.64,6.3305826,16.573343,27.61,0.2839612,0.7432753,0.28,0.0028689185,0.0075377426,18.286423
China,CHN,2010,7.615998,24.90023,701,49.39962,711.3831,49.4,711.38,0.7,24.90023,18.780075,711.38,6.795924,16.988949,49.4,0.4719202,1.179755,0.7,0.006696733,0.016717177,17.774601
China,CHN,2011,7.084204,27632,2.61,74.1,688045,74.1,688.04,2.61,27632,16.890234,688.04,6.0576506,14.666141,74.1,0.65238744,1.5795027,2.61,0.022978827,0.055634305,22.119543
China,CHN,2012,8.522597,30133,3.5945098,103.049904,862.7941,103.05,862.79,3.59,30133,20.122967,862.79,7.252299,17.369537,103.05,0.8661959,2.0745845,3.59,0.030214002,0.07227325,23.6831
China,CHN,2013,8.959421,37133,8.373886,138.26413,909.61224,138.26,909.61,8.37,37133,20.215248,909.61,7.3241687,16.81772,138.26,1.1132983,2.5562801,8.37,0.067426264,0.15475239,26.360819
China,CHN,2014,10.19733,46.26822,23.51216,159.7627,1059.6917,159.76,1059.69,23.51,46.26822,22.35022,1059.69,8.24093,18.37089,159.76,1.2424304,2.7696152,23.51,0.18284759,0.4075717,29.27855
China,CHN,2015,10.787498,54.07029,39.48057,185.59145,1114.5154,185.59,1114.52,39.48,54.07029,24.079271,1114.52,8.506526,19.256367,185.59,1.4165245,3.2065725,39.48,0.30133498,0.6821245,24.932436
China,CHN,2016,11.530947,62.134766,66.52795,240.8605,1153.2675,240.86,1153.27,66.53,62.134766,25.000778,1153.27,8.605503,18.934093,240.86,1.7972635,3.9543781,66.53,0.49642125,1.0922726,23.978706
China,CHN,2017,12.138821,79.59891,117.8,304.6,1165065,304.6,1165.06,117.8,79.59891,25.419243,1165.06,8.354614,17.764774,304.6,2.184269,4.6445246,117.8,0.84473693,1.7962083,29.046839
China,CHN,2018,12.807393,93.72523,176.9,365.8,1198887,365.8,1198.89,176.9,93.72523,25.774794,1198.89,8.221995,16.836924,365.8,2.508665,5.1372075,176.9,1.2131844,2.4843411,28.014196
China,CHN,2019,13.51596,112.72523,224.0,405.3,1272538,405.3,1272.54,224.0,112.72523,26.999567,1272.54,8.39045,17.05477,405.3,2.672336,5.431891,224.0,1.4769387,3.0020812,33.9185
China,CHN,2020,14.242872,135625,261.1,466.5,1321709,466.5,1321.71,261.1,135625,28.24646,1321.71,8.467438,17.086798,466.5,2.9886,6.030817,261.1,1.672719,3.3754478,35.785557
China,CHN,2021,14.946244,169.93158,327.0,655.6,1300.0,655.6,1300.0,327.0,169.93158,28.907642,1300.0,7.768007,15.322926,655.6,3.9174657,7.7274694,327.0,1.9539526,3.854305,39.64496
Colombia,COL,1965,11.788209,0.0,0.0,0.0,3.5439494,0.0,3.5439494,0.0,0.0,,3.5439494,11.788209,,0.0,0.0,,0.0,0.0,,
Colombia,COL,1966,12.017394,0.0,0.0,0.0,3.9372194,0.0,3.9372194,0.0,0.0,,3.9372194,12.017394,,0.0,0.0,,0.0,0.0,,
Colombia,COL,1967,12.580107,0.0,0.0,0.0,4.3892536,0.0,4.3892536,0.0,0.0,,4.3892536,12.580107,,0.0,0.0,,0.0,0.0,,
Colombia,COL,1968,13.300462,0.0,0.0,0.0,4.8910117,0.0,4.8910117,0.0,0.0,,4.8910117,13.300462,,0.0,0.0,,0.0,0.0,,
Colombia,COL,1969,14.526139,0.0,0.0,0.0,5.4379735,0.0,5.4379735,0.0,0.0,,5.4379735,14.526139,,0.0,0.0,,0.0,0.0,,
Colombia,COL,1970,14.817516,0.0,0.0,0.0,6.05274,0.0,6.05274,0.0,0.0,,6.05274,14.817516,,0.0,0.0,,0.0,0.0,,
Colombia,COL,1971,15.987799,0.0,0.0,0.0,6.4234085,0.0,6.4234085,0.0,0.0,,6.4234085,15.987799,,0.0,0.0,,0.0,0.0,,
Colombia,COL,1972,15.767954,0.0,0.0,0.0,7.115021,0.0,7.115021,0.0,0.0,,7.115021,15.767954,,0.0,0.0,,0.0,0.0,,
Colombia,COL,1973,17.170427,0.0,0.0,0.0,7.7433486,0.0,7.7433486,0.0,0.0,,7.7433486,17.170427,,0.0,0.0,,0.0,0.0,,
Colombia,COL,1974,17.39551,0.0,0.0,0.0,8.7920685,0.0,8.7920685,0.0,0.0,,8.7920685,17.39551,,0.0,0.0,,0.0,0.0,,
Colombia,COL,1975,19.235607,189,0.0,0.0,9.7323,0.0,9.7323,0.0,189,,9.7323,18.840622,,0.0,0.0,,0.0,0.0,,
Colombia,COL,1976,19.407125,202,0.0,0.0,10.22642,0.0,10.22642,0.0,202,,10.22642,19.001928,,0.0,0.0,,0.0,0.0,,
Colombia,COL,1977,19.36701,192,0.0,0.0,10.451812,0.0,10.451812,0.0,192,,10.451812,18.990406,,0.0,0.0,,0.0,0.0,,
Colombia,COL,1978,20.862885,206,0.0,0.0,12.07144,0.0,12.07144,0.0,206,,12.07144,20.485493,,0.0,0.0,,0.0,0.0,,
Colombia,COL,1979,21.545105,216,0.0,0.0,13.2593,0.0,13.2593,0.0,216,,13.2593,21.172752,,0.0,0.0,,0.0,0.0,,
Colombia,COL,1980,23.044971,227,0.0,0.0,14.44702,0.0,14.44702,0.0,227,,14.44702,22.660593,,0.0,0.0,,0.0,0.0,,
Colombia,COL,1981,22.218885,212,0.0,0.0,14.26534,0.0,14.26534,0.0,212,,14.26534,21.868048,,0.0,0.0,,0.0,0.0,,
Colombia,COL,1982,22.697723,231,0.0,0.0,15.238536,0.0,15.238536,0.0,231,,15.238536,22.33226,,0.0,0.0,,0.0,0.0,,
Colombia,COL,1983,21.790188,234,0.0,0.0,15.365776,0.0,15.365776,0.0,234,,15.365776,21.437752,,0.0,0.0,,0.0,0.0,,
Colombia,COL,1984,23.639833,255,0.0,0.0,17.14022,0.0,17.14022,0.0,255,,17.14022,23.266163,,0.0,0.0,,0.0,0.0,,
Colombia,COL,1985,24.441961,267,0.0,0.0,18.440771,0.0,18.440771,0.0,267,63.686756,18.440771,24.065804,62.777813,0.0,0.0,0.0,0.0,0.0,0.0,
Colombia,COL,1986,27.276325,266,0.0,0.0,21.332952,0.0,21.332952,0.0,266,68.236824,21.332952,26.91404,67.396454,0.0,0.0,0.0,0.0,0.0,0.0,
Colombia,COL,1987,27.310854,268,0.0,0.0,23.24756,0.0,23.24756,0.0,268,69.81999,23.24756,26.975145,69.02428,0.0,0.0,0.0,0.0,0.0,0.0,
Colombia,COL,1988,28.748077,274,0.0,0.0,24.5194,0.0,24.5194,0.0,274,69.89322,24.5194,28.405401,69.120804,0.0,0.0,0.0,0.0,0.0,0.0,
Colombia,COL,1989,29.793999,274,0.0,0.0,26.78212,0.0,26.78212,0.0,274,73.08356,26.78212,29.468533,72.34343,0.0,0.0,0.0,0.0,0.0,0.0,
Colombia,COL,1990,32.640934,274,0.0,0.0,27.495852,0.0,27.495852,0.0,274,72.60907,27.495852,32.293526,71.892654,0.0,0.0,0.0,0.0,0.0,0.0,0.0
Colombia,COL,1991,31.6998,269,0.0,0.0,27.72608,0.0,27.72608,0.0,269,69.772255,27.72608,31.371223,69.10183,0.0,0.0,0.0,0.0,0.0,0.0,0.0
Colombia,COL,1992,24.605455,0.34,0.0,0.0,22.280584,0.0,22.280584,0.0,0.34,61.782764,22.280584,24.206678,60.854134,0.0,0.0,0.0,0.0,0.0,0.0,0.0
Colombia,COL,1993,27.847397,389,0.0,0.0,27.856392,0.0,27.856392,0.0,389,67.74923,27.856392,27.433828,66.816185,0.0,0.0,0.0,0.0,0.0,0.0,0.0
Colombia,COL,1994,29.809082,444,0.0,0.0,32.05839,0.0,32.05839,0.0,444,72.18858,32.05839,29.369959,71.202446,0.0,0.0,0.0,0.0,0.0,0.0,0.0
Colombia,COL,1995,29.331577,477,0.0,0.0,31.9894,0.0,31.9894,0.0,477,68.374115,31.9894,28.866896,67.36955,0.0,0.0,0.0,0.0,0.0,0.0,0.0
Colombia,COL,1996,31.475914,496,0.0,0.0,35.287624,0.0,35.287624,0.0,496,73.97725,35.287624,31.005436,72.95184,0.0,0.0,0.0,0.0,0.0,0.0,0.0
Colombia,COL,1997,27.334064,483,0.0,0.0,31.47576,0.0,31.47576,0.0,483,64.037476,31.47576,26.888634,63.06966,0.0,0.0,0.0,0.0,0.0,0.0,0.0
Colombia,COL,1998,26.691463,532,0.0,0.0,30.781685,0.0,30.781685,0.0,532,62.274715,30.781685,26.202583,61.21671,0.0,0.0,0.0,0.0,0.0,0.0,0.0
Colombia,COL,1999,31.378248,457,0.0,0.0,33.700657,0.0,33.700657,0.0,457,71.49735,33.700657,30.925522,70.54077,0.0,0.0,0.0,0.0,0.0,0.0,0.0
Colombia,COL,2000,29.556067,496,0.001835014,0.0,30.815718,0.0,31.75,0.01,0.18,75.70515,31.75,29.049572,75.2548,0.0,0.0,0.0,0.01,0.0017268311,0.0237023,0.0
Colombia,COL,2001,30.604485,496,0.00266875,0.0,31.632658,0.0,31.48,0.01,0.18,74.58785,31.48,30.089293,74.140366,0.0,0.0,0.0,0.01,0.0025363106,0.023551578,0.0
Colombia,COL,2002,32.692554,491,0.00465125,0.0,33.968037,0.0,33.63,0.01,0.17,76.718864,33.63,32.179436,76.31042,0.0,0.0,0.0,0.01,0.004408642,0.022691173,0.0
Colombia,COL,2003,33.389133,495,0.006405,0.0,36.17636,0.0,35.81,0.01,0.16,78.920815,35.81,32.88798,78.547935,0.0,0.0,0.0,0.01,0.0058253147,0.021934634,0.0
Colombia,COL,2004,34.505455,467,0.007951726,0.05199,38.33006,0.05,39.68,0.01,0.15,81.75855,39.68,33.993496,81.32814,0.05,0.04610803,0.10248002,0.01,0.007052876,0.020496003,0.0
Colombia,COL,2005,35.05353,503,0.00953125,0.04948,39.220886,0.05,39.4,0.01,0.16,80.29996,39.4,34.456627,79.85408,0.05,0.043469526,0.10133766,0.01,0.008377651,0.020267531,0.17154181
Colombia,COL,2006,34.14272,0.5197261,0.0,0.06298139,42.55789,0.06,42.31,0.01,0.2,80751,42.31,33.24302,80.23895,0.06,0.049196307,0.11378722,0.01,0.0,0.018964536,1.5707597
Colombia,COL,2007,35.182762,0.5071364,0.0,0.049890976,44.24198,0.05,44.0,0.01,0.19,81.64207,44.0,34.232037,81.18081,0.05,0.03860293,0.09225092,0.01,0.0,0.018450184,1.6889794
Colombia,COL,2008,33.94141,0.50934935,0.0,0.053918168,46.16088,0.05,45.94,0.01,0.17,84.021835,45.94,32.83816,83.60327,0.05,0.038356546,0.09099181,0.01,0.0,0.018198362,1.7494818
Colombia,COL,2009,31.377745,1.0032873,0.0,0.057707813,40.837364,0.06,40.64,0.01,0.33,73.482544,40.64,29.45687,72.76634,0.06,0.04162591,0.10743062,0.01,0.0,0.017905103,3.6427
Colombia,COL,2010,30.092037,1.1099824,0.0,0.03856992,40.55746,0.04,40.0,0.01,0.55,71.70611,40.0,27.661953,70.646416,0.04,0.026306374,0.07064641,0.01,0.0,0.017661603,5.2514305
Colombia,COL,2011,34.515675,1.3783877,0.0,0.041271944,48.42748,0.04,48.39,0.01,0.37,82.84114,48.39,31.745678,82.12831,0.04,0.027054999,0.06788866,0.01,0.0,0.016972166,6.638568
Colombia,COL,2012,31.746134,1.4760586,0.0,0.05485471,47.58171,0.05,47.11,0.01,0.4,78.589134,47.11,29.003883,77.82918,0.05,0.033437207,0.08260367,0.01,0.0,0.016520733,7.279806
Colombia,COL,2013,29.385107,1.3464338,0.0,0.057624802,44.36279,0.06,49.76,0.01,0.65,69.9169,49.76,26.727686,68.91967,0.06,0.034717783,0.083102494,0.01,0.0,0.013850416,7.5372925
Colombia,COL,2014,28.364685,1.728923,0.0,0.0702303,44.741962,0.07,47.25,0.01,0.73,69.58158,47.25,25.514168,68.40886,0.07,0.04004894,0.10134646,0.01,0.0,0.014478066,7.8369017
Colombia,COL,2015,28.021618,1.8229002,0.0,0.06837745,44.681904,0.07,47.94,0.01,0.97,64.282906,47.94,25.046679,62.905132,0.07,0.03832935,0.091851465,0.01,0.0,0.0131216375,8.024199
Colombia,COL,2016,27.708813,1.9938043,0.0,0.050887343,46.787926,0.05,48.46,0.01,1.01,66.43863,48.46,24.827665,65.00335,0.05,0.02700297,0.067069076,0.01,0.0,0.013413816,7.8060017
Colombia,COL,2017,32.82906,1.9912593,5,0.003071419,57.32773,0.0,60.64,0.01,0.73,79.2409,60.64,29.92104,78.28557,0.0,0.0016016387,0.0,0.01,0.0026094727,0.012909889,7.153719
Colombia,COL,2018,31.99955,2.1187904,12,0.04344,56.65124,0.04,59.16,0.02,0.84,75.84291,59.16,28.828716,74.7064,0.04,0.022105752,0.050511427,0.02,0.006106545,0.025255714,8.93695
Colombia,COL,2019,29.890343,2.4441278,0.13206,0.06332,54437,0.06,52.98,0.13,1.11,69.465065,52.98,26.772203,67.801384,0.06,0.031140871,0.07678526,0.13,0.0649473,0.16636805,7.9765263
Colombia,COL,2020,30.772787,2.820657,0.1908,0.01012,49.83735,0.01,48.44,0.19,1.3,64.73943,48.44,27.182451,62.794918,0.01,0.0055207815,0.012963443,0.19,0.10406679,0.24630542,7.4975457
Colombia,COL,2021,33.02041,2.8208168,0.31732163,0.059852246,59.858196,0.06,58.19,0.32,1.02,73.649734,58.19,29.314417,71.91941,0.06,0.02931148,0.07415646,0.32,0.15540227,0.39550117,8.00661
Croatia,HRV,1990,11.200591,0.0,0.0,0.0,3805,0.0,3.92,0.0,0.01,44.356663,3.92,11.200591,44.243793,0.0,0.0,0.0,0.0,0.0,0.0,
Croatia,HRV,1991,20.504862,0.0,0.0,0.0,5881,0.0,5.53,0.0,0.01,64.49361,5.53,20.504862,64.37718,0.0,0.0,0.0,0.0,0.0,0.0,
Croatia,HRV,1992,15.994292,6,0.0,0.0,4349,0.0,4.35,0.0,0.01,48.988766,4.35,15.97049,48.876408,0.0,0.0,0.0,0.0,0.0,0.0,
Croatia,HRV,1993,16.087965,19,0.0,0.0,4.55,0.0,4.55,0.0,0.02,47.7534,4.55,16.015764,47.544415,0.0,0.0,0.0,0.0,0.0,0.0,
Croatia,HRV,1994,18.960316,6,0.0,0.0,5435,0.0,5.43,0.0,0.01,62.029644,5.43,18.937729,61.91562,0.0,0.0,0.0,0.0,0.0,0.0,
Croatia,HRV,1995,19.14962,5,0.0,0.0,5683,0.0,5.68,0.0,0.01,61.380795,5.68,19.131437,61.27292,0.0,0.0,0.0,0.0,0.0,0.0,
Croatia,HRV,1996,24.70444,0.01,0.0,0.0,7863,0.0,7.86,0.0,0.01,70.45659,7.86,24.67057,70.36706,0.0,0.0,0.0,0.0,0.0,0.0,
Croatia,HRV,1997,18.5449,2,0.0,0.0,5853,0.0,5.85,0.0,0.0,57.184753,5.85,18.538055,57.184753,0.0,0.0,0.0,0.0,0.0,0.0,
Croatia,HRV,1998,18.053991,5,0.0,0.0,6022,0.0,6.02,0.0,0.01,52.663757,6.02,18.037811,52.57642,0.0,0.0,0.0,0.0,0.0,0.0,
Croatia,HRV,1999,21.228256,2,0.0,0.0,7327,0.0,7.33,0.0,0.01,56.54854,7.33,21.221996,56.471497,0.0,0.0,0.0,0.0,0.0,0.0,
Croatia,HRV,2000,19.766573,1,0.0,0.0,6453,0.0,6.45,0.0,0.0,57.282413,6.45,19.763262,57.282413,0.0,0.0,0.0,0.0,0.0,0.0,
Croatia,HRV,2001,20.78086,0.0,0.0,0.0,7181,0.0,7.18,0.0,0.0,56.225525,7.18,20.78086,56.225525,0.0,0.0,0.0,0.0,0.0,0.0,
Croatia,HRV,2002,16.80569,0.0,0.0,0.0,5851,0.0,5.85,0.0,0.0,46.02675,5.85,16.80569,46.02675,0.0,0.0,0.0,0.0,0.0,0.0,
Croatia,HRV,2003,14.887934,0.0,0.0,0.0,5458,0.0,5.46,0.0,0.0,41.394997,5.46,14.887934,41.394997,0.0,0.0,0.0,0.0,0.0,0.0,
Croatia,HRV,2004,19.899082,4,0.0,2,7627,0.0,7.63,0.0,0.0,54.931602,7.63,19.88232,54.931602,0.0,0.005201632,0.0,0.0,0.0,0.0,
Croatia,HRV,2005,18.502132,14,0.0,0.01,7036,0.01,7.04,0.0,0.01,54.05819,7.04,18.435038,53.905052,0.01,0.026201049,0.07656968,0.0,0.0,0.0,
Croatia,HRV,2006,17.52409,11,0.0,19,6617,0.02,6.62,0.0,0.01,51.47059,6.62,17.44148,51.238388,0.02,0.050081406,0.15479876,0.0,0.0,0.0,
Croatia,HRV,2007,12.365527,7,0.0,35,4.7,0.03,4.7,0.0,0.01,37.79904,4.7,12.253684,37.48006,0.03,0.09125078,0.23923445,0.0,0.0,0.0,
Croatia,HRV,2008,15.2264805,21,0.0,0.04,5781,0.04,5.78,0.0,0.02,45.6964,5.78,15.060128,45.226917,0.04,0.104204215,0.31298906,0.0,0.0,0.0,
Croatia,HRV,2009,19.643877,25,1.6464e-05,54,7409,0.05,7.41,0.0,0.02,56.02996,7.41,19.42731,55.505615,0.05,0.1415946,0.37453184,0.0,4.329448e-05,0.0,
Croatia,HRV,2010,23.850374,33,1.6464e-05,139,9126,0.14,9.13,0.0,0.03,62.880325,9.13,23.39667,61.7309,0.14,0.3563596,0.94658554,0.0,4.233518e-05,0.0,
Croatia,HRV,2011,15.472614,55,1.6464e-05,201,5033,0.2,5.03,0.0,0.05,47.016922,5.03,14.699635,44.790745,0.2,0.5870507,1.780944,0.0,4.8230708e-05,0.0,
Croatia,HRV,2012,16.519665,94,2,329,4837,0.33,4.84,0.0,0.09,49.6695,4.84,15.141003,45.703495,0.33,1.029851,3.1161473,0.0,0.0062471954,0.0,
Croatia,HRV,2013,26.373661,125,0.011293959,517,8622,0.52,8.62,0.01,0.13,66.5233,8.62,24.459606,61.792114,0.52,1.4666687,3.7275987,0.01,0.032039724,0.07168459,
Croatia,HRV,2014,28.121477,165,35,0.73,9007,0.73,9.01,0.04,0.16,73.95833,9.01,25.414349,67.0387,0.73,2.0597837,5.4315476,0.04,0.098756656,0.29761904,
Croatia,HRV,2015,22.36495,266,57,796,6391,0.8,6.39,0.06,0.27,66.844444,6.39,18.908386,56.8,0.8,2.3550425,7.111111,0.06,0.16863999,0.53333336,
Croatia,HRV,2016,23.870218,431,66,1014,6853,1.01,6.85,0.07,0.43,66.24405,6.85,19.365898,54.278923,1.01,2.8654633,8.00317,0.07,0.1865094,0.5546751,
Croatia,HRV,2017,20.273584,0.5256,0.0787,1204,5.3074,1.2,5.31,0.08,0.53,60.39016,5.31,14.901905,45.03817,1.2,3.3805425,10.178118,0.08,0.22097076,0.6785411,
Croatia,HRV,2018,26.73535,0.6701,0.0749,1.3354,7.7009,1.34,7.7,0.07,0.67,72.177124,7.7,20.756304,56.82657,1.34,3.599316,9.889298,0.07,0.2018787,0.51660514,
Croatia,HRV,2019,23.463097,0.9703,0.0831,1.4673,5.8261,1.47,5.83,0.08,0.97,65.95577,5.83,16.028522,46.050552,1.47,4.036774,11.611375,0.08,0.2286211,0.6319115,
Croatia,HRV,2020,25.170088,1072,0.0955,1.7207,5.6624,1.72,5.66,0.1,1.07,64.57704,5.66,16.274183,42.749245,1.72,4.945428,12.990937,0.1,0.27447444,0.75528705,
Croatia,HRV,2021,28.271935,1.1852294,0.0972935,2.06732,7.153081,2.06,7.13,0.15,1.19,69.64286,7.13,18.83023,47.156086,2.06,5.442147,13.624339,0.15,0.25612158,0.9920636,
Croatia,HRV,2022,,,,,,2.27,5.35,0.15,1.17,63.314445,5.35,,37.88952,2.27,,16.076487,0.15,,1.062323,
Cyprus,CYP,1965,0.0,0.0,0.0,0.0,0.0,0.0,0.0,0.0,0.0,,0.0,0.0,,0.0,0.0,,0.0,0.0,,
Cyprus,CYP,1966,0.0,0.0,0.0,0.0,0.0,0.0,0.0,0.0,0.0,,0.0,0.0,,0.0,0.0,,0.0,0.0,,
Cyprus,CYP,1967,0.0,0.0,0.0,0.0,0.0,0.0,0.0,0.0,0.0,,0.0,0.0,,0.0,0.0,,0.0,0.0,,
Cyprus,CYP,1968,0.0,0.0,0.0,0.0,0.0,0.0,0.0,0.0,0.0,,0.0,0.0,,0.0,0.0,,0.0,0.0,,
Cyprus,CYP,1969,0.0,0.0,0.0,0.0,0.0,0.0,0.0,0.0,0.0,,0.0,0.0,,0.0,0.0,,0.0,0.0,,
Cyprus,CYP,1970,0.0,0.0,0.0,0.0,0.0,0.0,0.0,0.0,0.0,,0.0,0.0,,0.0,0.0,,0.0,0.0,,
Cyprus,CYP,1971,0.0,0.0,0.0,0.0,0.0,0.0,0.0,0.0,0.0,,0.0,0.0,,0.0,0.0,,0.0,0.0,,
Cyprus,CYP,1972,0.0,0.0,0.0,0.0,0.0,0.0,0.0,0.0,0.0,,0.0,0.0,,0.0,0.0,,0.0,0.0,,
Cyprus,CYP,1973,0.0,0.0,0.0,0.0,0.0,0.0,0.0,0.0,0.0,,0.0,0.0,,0.0,0.0,,0.0,0.0,,
Cyprus,CYP,1974,0.0,0.0,0.0,0.0,0.0,0.0,0.0,0.0,0.0,,0.0,0.0,,0.0,0.0,,0.0,0.0,,
Cyprus,CYP,1975,0.0,0.0,0.0,0.0,0.0,0.0,0.0,0.0,0.0,,0.0,0.0,,0.0,0.0,,0.0,0.0,,
Cyprus,CYP,1976,0.0,0.0,0.0,0.0,0.0,0.0,0.0,0.0,0.0,,0.0,0.0,,0.0,0.0,,0.0,0.0,,
Cyprus,CYP,1977,0.0,0.0,0.0,0.0,0.0,0.0,0.0,0.0,0.0,,0.0,0.0,,0.0,0.0,,0.0,0.0,,
Cyprus,CYP,1978,0.0,0.0,0.0,0.0,0.0,0.0,0.0,0.0,0.0,,0.0,0.0,,0.0,0.0,,0.0,0.0,,
Cyprus,CYP,1979,0.0,0.0,0.0,0.0,0.0,0.0,0.0,0.0,0.0,,0.0,0.0,,0.0,0.0,,0.0,0.0,,
Cyprus,CYP,1980,0.0,0.0,0.0,0.0,0.0,0.0,0.0,0.0,0.0,,0.0,0.0,,0.0,0.0,,0.0,0.0,,
Cyprus,CYP,1981,0.0,0.0,0.0,0.0,0.0,0.0,0.0,0.0,0.0,,0.0,0.0,,0.0,0.0,,0.0,0.0,,
Cyprus,CYP,1982,0.0,0.0,0.0,0.0,0.0,0.0,0.0,0.0,0.0,,0.0,0.0,,0.0,0.0,,0.0,0.0,,
Cyprus,CYP,1983,0.0,0.0,0.0,0.0,0.0,0.0,0.0,0.0,0.0,,0.0,0.0,,0.0,0.0,,0.0,0.0,,
Cyprus,CYP,1984,0.0,0.0,0.0,0.0,0.0,0.0,0.0,0.0,0.0,,0.0,0.0,,0.0,0.0,,0.0,0.0,,
Cyprus,CYP,1985,0.0,0.0,0.0,0.0,0.0,0.0,0.0,0.0,0.0,0.0,0.0,0.0,0.0,0.0,0.0,0.0,0.0,0.0,0.0,
Cyprus,CYP,1986,0.0,0.0,0.0,0.0,0.0,0.0,0.0,0.0,0.0,0.0,0.0,0.0,0.0,0.0,0.0,0.0,0.0,0.0,0.0,
Cyprus,CYP,1987,0.0,0.0,0.0,0.0,0.0,0.0,0.0,0.0,0.0,0.0,0.0,0.0,0.0,0.0,0.0,0.0,0.0,0.0,0.0,
Cyprus,CYP,1988,0.0,0.0,0.0,0.0,0.0,0.0,0.0,0.0,0.0,0.0,0.0,0.0,0.0,0.0,0.0,0.0,0.0,0.0,0.0,
Cyprus,CYP,1989,0.0,0.0,0.0,0.0,0.0,0.0,0.0,0.0,0.0,0.0,0.0,0.0,0.0,0.0,0.0,0.0,0.0,0.0,0.0,
Cyprus,CYP,1990,0.0,0.0,0.0,0.0,0.0,0.0,0.0,0.0,0.0,0.0,0.0,0.0,0.0,0.0,0.0,0.0,0.0,0.0,0.0,
Cyprus,CYP,1991,0.0,0.0,0.0,0.0,0.0,0.0,0.0,0.0,0.0,0.0,0.0,0.0,0.0,0.0,0.0,0.0,0.0,0.0,0.0,
Cyprus,CYP,1992,0.0,0.0,0.0,0.0,0.0,0.0,0.0,0.0,0.0,0.0,0.0,0.0,0.0,0.0,0.0,0.0,0.0,0.0,0.0,
Cyprus,CYP,1993,0.0,0.0,0.0,0.0,0.0,0.0,0.0,0.0,0.0,0.0,0.0,0.0,0.0,0.0,0.0,0.0,0.0,0.0,0.0,
Cyprus,CYP,1994,0.0,0.0,0.0,0.0,0.0,0.0,0.0,0.0,0.0,0.0,0.0,0.0,0.0,0.0,0.0,0.0,0.0,0.0,0.0,
Cyprus,CYP,1995,0.0,0.0,0.0,0.0,0.0,0.0,0.0,0.0,0.0,0.0,0.0,0.0,0.0,0.0,0.0,0.0,0.0,0.0,0.0,
Cyprus,CYP,1996,0.0,0.0,0.0,0.0,0.0,0.0,0.0,0.0,0.0,0.0,0.0,0.0,0.0,0.0,0.0,0.0,0.0,0.0,0.0,
Cyprus,CYP,1997,0.0,0.0,0.0,0.0,0.0,0.0,0.0,0.0,0.0,0.0,0.0,0.0,0.0,0.0,0.0,0.0,0.0,0.0,0.0,
Cyprus,CYP,1998,0.0,0.0,0.0,0.0,0.0,0.0,0.0,0.0,0.0,0.0,0.0,0.0,0.0,0.0,0.0,0.0,0.0,0.0,0.0,
Cyprus,CYP,1999,0.0,0.0,0.0,0.0,0.0,0.0,0.0,0.0,0.0,0.0,0.0,0.0,0.0,0.0,0.0,0.0,0.0,0.0,0.0,
Cyprus,CYP,2000,0.0,0.0,0.0,0.0,0.0,0.0,0.0,0.0,0.0,0.0,0.0,0.0,0.0,0.0,0.0,0.0,0.0,0.0,0.0,
Cyprus,CYP,2001,0.0,0.0,0.0,0.0,0.0,0.0,0.0,0.0,0.0,0.0,0.0,0.0,0.0,0.0,0.0,0.0,0.0,0.0,0.0,
Cyprus,CYP,2002,0.0,0.0,0.0,0.0,0.0,0.0,0.0,0.0,0.0,0.0,0.0,0.0,0.0,0.0,0.0,0.0,0.0,0.0,0.0,
Cyprus,CYP,2003,0.0,0.0,0.0,0.0,0.0,0.0,0.0,0.0,0.0,0.0,0.0,0.0,0.0,0.0,0.0,0.0,0.0,0.0,0.0,
Cyprus,CYP,2004,0.0069648223,0.0,0.0004,0.000355,0.0,0.0,0.0,0.0,0.0,0.0,0.0,0.0,0.0,0.0,0.0032733772,0.0,0.0,0.003691445,0.0,
Cyprus,CYP,2005,0.0075332997,0.0,0.000566,0.000355,0.0,0.0,0.0,0.0,0.0,0.0,0.0,0.0,0.0,0.0,0.0029053607,0.0,0.0,0.0046279384,0.0,
Cyprus,CYP,2006,0.012689397,0.000155,0.001002,0.000355,0.0,0.0,0.0,0.0,0.0,0.0,0.0,0.0,0.0,0.0,0.0029382573,0.0,0.0,0.008314299,0.0,
Cyprus,CYP,2007,0.02963039,0.0014,0.001733,0.000356,0.0,0.0,0.0,0.0,0.0,0.0,0.0,0.0,0.0,0.0,0.002874116,0.0,0.0,0.013973603,0.0,
Cyprus,CYP,2008,0.13309906,12,3,0.000356,0.0,0.0,0.0,0.0,0.01,0.19723865,0.0,0.0,0.0,0.0,0.0027889886,0.0,0.0,0.02347399,0.0,
Cyprus,CYP,2009,0.28097296,27,4,0.000356,0.0,0.0,0.0,0.0,0.03,0.57581574,0.0,0.0,0.0,0.0,0.0028409807,0.0,0.0,0.031901516,0.0,
Cyprus,CYP,2010,0.6377341,35,7,31,0.0,0.03,0.0,0.01,0.04,1.500938,0.0,0.0,0.0,0.03,0.25265142,0.5628518,0.01,0.05701388,0.18761726,
Cyprus,CYP,2011,1.5228559,52,12,114,0.0,0.11,0.0,0.01,0.05,3.4552846,0.0,0.0,0.0,0.11,0.93249923,2.2357724,0.01,0.0981579,0.20325203,
Cyprus,CYP,2012,2.3008752,0.05,22,185,0.0,0.19,0.0,0.02,0.05,5.508475,0.0,0.0,0.0,0.19,1.6049948,4.025424,0.02,0.190864,0.42372882,
Cyprus,CYP,2013,3.2324405,49,47,231,0.0,0.23,0.0,0.05,0.05,7.692308,0.0,0.0,0.0,0.23,2.2263288,5.361305,0.05,0.4529764,1.1655011,
Cyprus,CYP,2014,3.1309736,0.0505,0.0836,0.1839,0.0,0.18,0.0,0.08,0.05,7.142857,0.0,0.0,0.0,0.18,1.7607836,4.147465,0.08,0.8004432,1.8433179,
Cyprus,CYP,2015,3.776322,0.051236,0.126659,0.221857,0.0,0.22,0.0,0.13,0.05,8.810573,0.0,0.0,0.0,0.22,2.0471663,4.845815,0.13,1.1687349,2.8634362,
Cyprus,CYP,2016,3.6664777,0.052021,0.145937,0.226701,0.0,0.23,0.0,0.15,0.05,8.793456,0.0,0.0,0.0,0.23,1.9122425,4.7034764,0.15,1.2309911,3.0674849,
Cyprus,CYP,2017,3.6376648,0.05175,0.17202,0.21145,0.0,0.21,0.0,0.17,0.05,8.6,0.0,0.0,0.0,0.21,1.7263935,4.2,0.17,1.4044658,3.4,
Cyprus,CYP,2018,3.8665202,0.05136,0.19183,0.22061,0.0,0.22,0.0,0.2,0.06,9.486166,0.0,0.0,0.0,0.22,1.7980142,4.347826,0.2,1.563451,3.9525692,
Cyprus,CYP,2019,4.2749753,0.05792,0.218267,0.238565,0.0,0.24,0.0,0.22,0.06,10.097087,0.0,0.0,0.0,0.24,1.9353127,4.660194,0.22,1.7706491,4.2718444,
Cyprus,CYP,2020,5.661981,0.060632,0.295608,0.240408,0.0,0.24,0.0,0.3,0.06,12.371135,0.0,0.0,0.0,0.24,2.2325015,4.948454,0.3,2.7451065,6.1855674,
Cyprus,CYP,2021,,0.041871,0.473899,0.246478,,0.25,0.0,0.47,0.06,15.234375,0.0,,0.0,0.25,2.1643562,4.8828125,0.47,4.1613703,9.1796875,
Cyprus,CYP,2022,,,,,,0.22,0.0,0.62,0.06,16.697588,0.0,,0.0,0.22,,4.0816326,0.62,,11.502783,
Czechia,CZE,1965,1.4077873,0.0,0.0,0.0,2.231797,0.0,2.231797,0.0,0.0,,2.231797,1.4077873,,0.0,0.0,,0.0,0.0,,
Czechia,CZE,1966,1.3170925,0.0,0.0,0.0,2.1036344,0.0,2.1036344,0.0,0.0,,2.1036344,1.3170925,,0.0,0.0,,0.0,0.0,,
Czechia,CZE,1967,1.2057946,0.0,0.0,0.0,1.8959225,0.0,1.8959225,0.0,0.0,,1.8959225,1.2057946,,0.0,0.0,,0.0,0.0,,
Czechia,CZE,1968,0.89475876,0.0,0.0,0.0,1.4672408,0.0,1.4672408,0.0,0.0,,1.4672408,0.89475876,,0.0,0.0,,0.0,0.0,,
Czechia,CZE,1969,0.7005398,0.0,0.0,0.0,1.1976573,0.0,1.1976573,0.0,0.0,,1.1976573,0.7005398,,0.0,0.0,,0.0,0.0,,
Czechia,CZE,1970,0.9598851,0.0,0.0,0.0,1.7103078,0.0,1.7103078,0.0,0.0,,1.7103078,0.9598851,,0.0,0.0,,0.0,0.0,,
Czechia,CZE,1971,0.6451211,0.0,0.0,0.0,1208,0.0,1208,0.0,0.0,,1208,0.6451211,,0.0,0.0,,0.0,0.0,,
Czechia,CZE,1972,0.67121583,0.0,0.0,0.0,1264,0.0,1264,0.0,0.0,,1264,0.67121583,,0.0,0.0,,0.0,0.0,,
Czechia,CZE,1973,0.5706368,0.0,0.0,0.0,1081,0.0,1081,0.0,0.0,,1081,0.5706368,,0.0,0.0,,0.0,0.0,,
Czechia,CZE,1974,0.9500237,0.0,0.0,0.0,1819,0.0,1819,0.0,0.0,,1819,0.9500237,,0.0,0.0,,0.0,0.0,,
Czechia,CZE,1975,0.9102295,0.0,0.0,0.0,1814,0.0,1814,0.0,0.0,,1814,0.9102295,,0.0,0.0,,0.0,0.0,,
Czechia,CZE,1976,0.70589465,0.0,0.0,0.0,1446,0.0,1446,0.0,0.0,,1446,0.70589465,,0.0,0.0,,0.0,0.0,,
Czechia,CZE,1977,0.92965907,0.0,0.0,0.0,1967,0.0,1967,0.0,0.0,,1967,0.92965907,,0.0,0.0,,0.0,0.0,,
Czechia,CZE,1978,0.8529741,0.0,0.0,0.0,1.83,0.0,1.83,0.0,0.0,,1.83,0.8529741,,0.0,0.0,,0.0,0.0,,
Czechia,CZE,1979,1.0576006,0.0,0.0,0.0,2293,0.0,2293,0.0,0.0,,2293,1.0576006,,0.0,0.0,,0.0,0.0,,
Czechia,CZE,1980,1.1426238,0.0,0.0,0.0,2399,0.0,2399,0.0,0.0,,2399,1.1426238,,0.0,0.0,,0.0,0.0,,
Czechia,CZE,1981,0.9889816,0.0,0.0,0.0,2061,0.0,2061,0.0,0.0,,2061,0.9889816,,0.0,0.0,,0.0,0.0,,
Czechia,CZE,1982,0.81085956,0.0,0.0,0.0,1.67,0.0,1.67,0.0,0.0,,1.67,0.81085956,,0.0,0.0,,0.0,0.0,,
Czechia,CZE,1983,0.80229473,0.0,0.0,0.0,1655,0.0,1655,0.0,0.0,,1655,0.80229473,,0.0,0.0,,0.0,0.0,,
Czechia,CZE,1984,0.6089416,0.0,0.0,0.0,1298,0.0,1298,0.0,0.0,,1298,0.6089416,,0.0,0.0,,0.0,0.0,,
Czechia,CZE,1985,0.7824311,0.0,0.0,0.0,1671,0.0,1671,0.0,0.0,2.8750367,1671,0.7824311,2.8750367,0.0,0.0,0.0,0.0,0.0,0.0,
Czechia,CZE,1986,0.8687312,0.0,0.0,0.0,1876,0.0,1876,0.0,0.0,3.0954032,1876,0.8687312,3.0954032,0.0,0.0,0.0,0.0,0.0,0.0,
Czechia,CZE,1987,1.1157936,0.0,0.0,0.0,2465,0.0,2465,0.0,0.0,3.963277,2465,1.1157936,3.963277,0.0,0.0,0.0,0.0,0.0,0.0,
Czechia,CZE,1988,0.9459827,0.0,0.0,0.0,2099,0.0,2099,0.0,0.0,3.2626605,2099,0.9459827,3.2626605,0.0,0.0,0.0,0.0,0.0,0.0,
Czechia,CZE,1989,0.76388884,0.0,0.0,0.0,1643,0.0,1643,0.0,0.0,2.5226085,1643,0.76388884,2.5226085,0.0,0.0,0.0,0.0,0.0,0.0,
Czechia,CZE,1990,0.6279108,0.0,0.0,0.0,1161,0.0,1.16,0.0,0.0,1.8628553,1.16,0.6279108,1.8628553,0.0,0.0,0.0,0.0,0.0,0.0,
Czechia,CZE,1991,0.6470877,0.0,0.0,0.0,1089,0.0,1.09,0.0,0.0,1.8076285,1.09,0.6470877,1.8076285,0.0,0.0,0.0,0.0,0.0,0.0,
Czechia,CZE,1992,0.85835934,0.0,0.0,0.0,1402,0.0,1.4,0.0,0.0,2.3708723,1.4,0.85835934,2.3708723,0.0,0.0,0.0,0.0,0.0,0.0,
Czechia,CZE,1993,0.99214965,221,0.0,0.0,1369,0.0,1.37,0.0,0.16,2.6078064,1.37,0.8449055,2.3350947,0.0,0.0,0.0,0.0,0.0,0.0,
Czechia,CZE,1994,1.1369475,309,0.0,0.0,1.46,0.0,1.46,0.0,0.32,3.047945,1.46,0.9254919,2.5,0.0,0.0,0.0,0.0,0.0,0.0,
Czechia,CZE,1995,1.4834487,405,0.0,0.0,2002,0.0,2.0,0.0,0.41,3.9782107,2.0,1.2175488,3.3014195,0.0,0.0,0.0,0.0,0.0,0.0,
Czechia,CZE,1996,1.3430386,292,0.0,0.0,1969,0.0,1.97,0.0,0.29,3.5406547,1.97,1.157697,3.086323,0.0,0.0,0.0,0.0,0.0,0.0,
Czechia,CZE,1997,1.3685676,494,0.0,0.0,1699,0.0,1.7,0.0,0.49,3.4106836,1.7,1.0416167,2.6475627,0.0,0.0,0.0,0.0,0.0,0.0,
Czechia,CZE,1998,1.281692,587,0.0,0.0,1396,0.0,1.4,0.0,0.59,3.079542,1.4,0.8815333,2.1665118,0.0,0.0,0.0,0.0,0.0,0.0,
Czechia,CZE,1999,1.5926199,683,0.0,0.0,1681,0.0,1.68,0.0,0.68,3.6777308,1.68,1.1070428,2.6180458,0.0,0.0,0.0,0.0,0.0,0.0,
Czechia,CZE,2000,1.4434271,517,0.0,0.0,1758,0.0,1.76,0.0,0.52,3.127572,1.76,1.0955992,2.414266,0.0,0.0,0.0,0.0,0.0,0.0,
Czechia,CZE,2001,1.5818,514,0.0,0.0002,2054,0.0,2.05,0.0,0.52,3.4626784,2.05,1.2435412,2.7620587,0.0,0.0001213592,0.0,0.0,0.0,0.0,
Czechia,CZE,2002,1.8193735,494,0.0,0.0016,2492,0.0,2.49,0.0,0.5,3.9342105,2.49,1.4944233,3.2763157,0.0,0.0009587888,0.0,0.0,0.0,0.0,
Czechia,CZE,2003,1.0856818,0.49,0.0,0.0039,1383,0.0,1.38,0.0,0.49,2.2587268,1.38,0.7794937,1.666868,0.0,0.0021971809,0.0,0.0,0.0,0.0,
Czechia,CZE,2004,1.4602342,0.580831,0.0001,0.0099,2.0191,0.01,2.02,0.0,0.71,3.2700799,2.02,1.1032102,2.4107888,0.01,0.0054092286,0.011934598,0.0,5.4775934e-05,0.0,
Czechia,CZE,2005,1.7223583,0.648312,6.8e-05,0.02128,2.37991,0.02,2.38,0.0,0.73,3.8203344,2.38,1.3121133,2.904919,0.02,0.011732259,0.024411082,0.0,3.749231e-05,0.0,
Czechia,CZE,2006,1.9475973,0.912375,0.00017,0.049375,2.55073,0.05,2.55,0.0,0.92,4.207506,2.55,1.3708607,3.0480516,0.05,0.02653605,0.059765715,0.0,9.129176e-05,0.0,
Czechia,CZE,2007,1.9150995,1.187319,0.001754,0.125098,2.079338,0.13,2.09,0.0,1.2,3.896548,2.09,1.1228039,2.3812237,0.13,0.0675506,0.1481144,0.0,0.00094952894,0.0,
Czechia,CZE,2008,2.1536171,1.456526,0.012937,0.244661,2.024335,0.24,2.02,0.01,1.45,4.466859,2.02,1.1074822,2.4255524,0.24,0.13385022,0.28818443,0.01,0.007077609,0.012007685,
Czechia,CZE,2009,2.7962987,1.86202,0.088807,0.288067,2.42962,0.29,2.43,0.09,1.85,5.7079864,2.43,1.3767211,2.9764822,0.29,0.16323042,0.35521802,0.09,0.05032167,0.11024008,
Czechia,CZE,2010,3.3554666,2.146246,0.615702,0.335493,2.7894,0.34,2.79,0.62,2.16,6.933365,2.79,1.5074468,3.2731113,0.34,0.181307,0.39887378,0.62,0.33273748,0.72735804,
Czechia,CZE,2011,4.272681,2.705329,2118,0.3968,2.1341,0.4,1.96,2.18,2.7,8.353525,1.96,1.1721125,2.2614515,0.4,0.21793458,0.46152073,2.18,1.1632699,2.5152879,
Czechia,CZE,2012,4.792661,3.361419,2.1731,0.4173,2.2315,0.42,2.13,2.15,3.37,9.317631,2.13,1.22432,2.4593005,0.42,0.22895306,0.48493245,2.15,1.1922786,2.4823925,
Czechia,CZE,2013,5.6041293,3.995469,2.0702,0.4783,2.8564,0.48,2.73,2.03,4.06,10.821503,2.73,1.5873221,3.1766348,0.48,0.26579472,0.5585292,2.03,1.1504252,2.362113,
Czechia,CZE,2014,5.645436,4.661073,2.1229,0.4765,1.9092,0.48,1.91,2.12,4.66,10.786966,1.91,1.0777328,2.2467945,0.48,0.26898164,0.56463945,2.12,1.1983652,2.493824,
Czechia,CZE,2015,5.8991933,4.791685,2.2638,0.5726,1.7948,0.57,1.79,2.26,4.79,11.403296,1.79,1.0268339,2.169171,0.57,0.32759362,0.69074166,2.26,1.2951562,2.7387302,
Czechia,CZE,2016,5.94577,4.76655,2131,497,2.0005,0.5,2.0,2.13,4.76,11.449823,2.0,1.1534272,2.438727,0.5,0.28655505,0.6096817,2.13,1.2286695,2.5972443,
Czechia,CZE,2017,5.815572,4.964567,2.193368,0.591038,1.8695,0.59,1.87,2.2,4.97,11.226394,1.87,1.0248219,2.1799953,0.59,0.323995,0.687806,2.2,1.2023597,2.5647004,
Czechia,CZE,2018,5.6855097,4.826179,2.339677,0.60933,1.6274,0.61,1.63,2.36,4.83,10.856551,1.63,0.88972116,1.876583,0.61,0.33312875,0.7022795,2.36,1.2791325,2.7170157,
Czechia,CZE,2019,6.1152124,5.0306,2.2859,0.7,2008,0.7,2.01,2.34,5.03,11.752361,2.01,1.107641,2.3434768,0.7,0.38612977,0.8161362,2.34,1.2609344,2.7282267,
Czechia,CZE,2020,6.691049,5.0917,2.2331,0.6991,2.1423,0.7,2.14,2.34,5.21,12.963194,2.14,1.2726423,2.6699939,0.7,0.41530332,0.8733624,2.34,1.3265824,2.9195256,
Czechia,CZE,2021,6.497798,5.255897,2.1506805,0.6015169,2.4081883,0.6,2.41,2.32,5.38,12.791114,2.41,1.3521881,2.8782995,0.6,0.33774933,0.71658903,2.32,1.2075986,2.7708108,
Czechia,CZE,2022,,,,,,0.65,2.03,2.51,5.31,12.336976,2.03,,2.3851485,0.65,,0.76371753,2.51,,2.9491246,
,,,,,,,,,,,,,,,,,,,,,,
,,,,,,,,,,,,,,,,,,,,,,
,,,,,,,,,,,,,,,,,,,,,,
,,,,,,,,,,,,,,,,,,,,,,
,,,,,,,,,,,,,,,,,,,,,,
,,,,,,,,,,,,,,,,,,,,,,
,,,,,,,,,,,,,,,,,,,,,,
,,,,,,,,,,,,,,,,,,,,,,
,,,,,,,,,,,,,,,,,,,,,,
,,,,,,,,,,,,,,,,,,,,,,
,,,,,,,,,,,,,,,,,,,,,,
,,,,,,,,,,,,,,,,,,,,,,
,,,,,,,,,,,,,,,,,,,,,,
,,,,,,,,,,,,,,,,,,,,,,
,,,,,,,,,,,,,,,,,,,,,,
,,,,,,,,,,,,,,,,,,,,,,
,,,,,,,,,,,,,,,,,,,,,,
,,,,,,,,,,,,,,,,,,,,,,
,,,,,,,,,,,,,,,,,,,,,,
,,,,,,,,,,,,,,,,,,,,,,
,,,,,,,,,,,,,,,,,,,,,,
,,,,,,,,,,,,,,,,,,,,,,
Denmark,DNK,1965,0.04447716,0.0,0.0,0.0,25,0.0,25,0.0,0.0,,25,0.04447716,,0.0,0.0,,0.0,0.0,,
Denmark,DNK,1966,0.040665347,0.0,0.0,0.0,26,0.0,26,0.0,0.0,,26,0.040665347,,0.0,0.0,,0.0,0.0,,
Denmark,DNK,1967,0.03888248,0.0,0.0,0.0,25,0.0,25,0.0,0.0,,25,0.03888248,,0.0,0.0,,0.0,0.0,,
Denmark,DNK,1968,0.031256683,0.0,0.0,0.0,21,0.0,21,0.0,0.0,,21,0.031256683,,0.0,0.0,,0.0,0.0,,
Denmark,DNK,1969,0.028526576,0.0,0.0,0.0,22,0.0,22,0.0,0.0,,22,0.028526576,,0.0,0.0,,0.0,0.0,,
Denmark,DNK,1970,0.029206116,0.0,0.0,0.0,24,0.0,24,0.0,0.0,,24,0.029206116,,0.0,0.0,,0.0,0.0,,
Denmark,DNK,1971,0.030904578,0.0,0.0,0.0,24,0.0,24,0.0,0.0,,24,0.030904578,,0.0,0.0,,0.0,0.0,,
Denmark,DNK,1972,0.029284108,0.0,0.0,0.0,24,0.0,24,0.0,0.0,,24,0.029284108,,0.0,0.0,,0.0,0.0,,
Denmark,DNK,1973,0.030267373,0.0,0.0,0.0,24,0.0,24,0.0,0.0,,24,0.030267373,,0.0,0.0,,0.0,0.0,,
Denmark,DNK,1974,0.033269178,0.0,0.0,0.0,24,0.0,24,0.0,0.0,,24,0.033269178,,0.0,0.0,,0.0,0.0,,
Denmark,DNK,1975,0.02953616,0.0,0.0,0.0,21,0.0,21,0.0,0.0,,21,0.02953616,,0.0,0.0,,0.0,0.0,,
Denmark,DNK,1976,0.024274977,0.0,0.0,0.0,19,0.0,19,0.0,0.0,,19,0.024274977,,0.0,0.0,,0.0,0.0,,
Denmark,DNK,1977,0.03255087,0.0,0.0,0.0,26,0.0,26,0.0,0.0,,26,0.03255087,,0.0,0.0,,0.0,0.0,,
Denmark,DNK,1978,0.037017047,0.0,0.0,3,27,3,27,0.0,0.0,,27,0.03331904,,3,0.0036980065,,0.0,0.0,,
Denmark,DNK,1979,0.043281496,0.0,0.0,6,29,6,29,0.0,0.0,,29,0.035859026,,6,0.007422473,,0.0,0.0,,
Denmark,DNK,1980,0.056611072,0.0,0.0,0.0105,0.0341,0.0105,0.0341,0.0,0.0,,0.0341,0.043283373,,0.0105,0.013327702,,0.0,0.0,,
Denmark,DNK,1981,0.065005064,0.0,0.0,0.0105,0.0355,0.0105,0.0355,0.0,0.0,,0.0355,0.050166965,,0.0105,0.0148381,,0.0,0.0,,
Denmark,DNK,1982,0.07215245,0.0,0.0,0.0185,0.0303,0.0185,0.0303,0.0,0.0,,0.0303,0.044799592,,0.0185,0.02735285,,0.0,0.0,,
Denmark,DNK,1983,0.1496665,33,0.0,0.0271,0.0335,0.0271,0.0335,0.0,33,,0.0335,0.052105244,,0.0271,0.04215082,,0.0,0.0,,
Denmark,DNK,1984,0.15148832,33,0.0,0.0332,0.0302,0.0332,0.0302,0.0,33,,0.0302,0.04619994,,0.0332,0.050789263,,0.0,0.0,,
Denmark,DNK,1985,0.16285835,36,0.0,0.0514,0.0297,0.0514,0.0297,0.0,36,0.40181115,0.0297,0.040319633,0.10191111,0.0514,0.069778785,0.17637141,0.0,0.0,0.0,
Denmark,DNK,1986,0.27791977,51,0.0,0.1256,0.0286,0.1256,0.0286,0.0,51,0.66659975,0.0286,0.03798449,0.09290815,0.1256,0.16681276,0.4080162,0.0,0.0,0.0,
Denmark,DNK,1987,0.37065881,61,0.0,0.1738,0.0294,0.1738,0.0294,0.0,61,0.89591783,0.0294,0.040502828,0.09969714,0.1738,0.23943487,0.58936614,0.0,0.0,0.0,
Denmark,DNK,1988,0.5722486,0.08,0.0,0.2917,0.0328,0.2917,0.0328,0.0,0.08,1.4410659,0.0328,0.045683615,0.11685281,0.2917,0.40627816,1.0392063,0.0,0.0,0.0,
Denmark,DNK,1989,0.88691425,126,0.0,0.4284,0.0229,0.4284,0.0229,0.0,126,2.5172758,0.0229,0.03458119,0.09985383,0.4284,0.6469255,1.8680079,0.0,0.0,0.0,
Denmark,DNK,1990,1.2664866,0.21,0.0,0.6103,28,0.61,0.03,0.0,0.19,3.1947656,0.03,0.040995948,0.11547344,0.61,0.89356387,2.34796,0.0,0.0,0.0,
Denmark,DNK,1991,1.4587734,355,0.0,0.7401,0.0254,0.74,0.03,0.0,0.29,2.9009302,0.03,0.032255232,0.08210181,0.74,0.9398467,2.025178,0.0,0.0,0.0,
Denmark,DNK,1992,2.040864,521,0.0,0.9154,0.0277,0.92,0.03,0.0,0.41,4.4227643,0.03,0.037549194,0.09756097,0.92,1.2408856,2.99187,0.0,0.0,0.0,
Denmark,DNK,1993,2.3619852,728,0.0,1.0342,0.0275,1.03,0.03,0.0,0.55,4.738081,0.03,0.035156038,0.08828723,1.03,1.3221223,3.031195,0.0,0.0,0.0,
Denmark,DNK,1994,2.1321414,0.5733997,0.0,1137,0.0326,1.14,0.03,0.0,0.57,4.2878265,0.03,0.038861305,0.07392804,1.14,1.3553784,2.8092656,0.0,0.0,0.0,
Denmark,DNK,1995,2.313322,0.64684045,0.0,1.1773,0.0303,1.18,0.03,0.0,0.65,5.0626016,0.03,0.036777273,0.08165487,1.18,1.4289747,3.211758,0.0,0.0,0.0,
Denmark,DNK,1996,2.1877265,0.8321832,0.000161111,1.2269,0.0193,1.23,0.02,0.0,0.83,3.883495,0.02,0.019686852,0.037341297,1.23,1.2514898,2.29649,0.0,0.00016481409,0.0,
Denmark,DNK,1997,3.3808846,0.9756674,0.000319444,1.9342,0.0192,1.93,0.02,0.0,0.98,6.6169825,0.02,0.021587303,0.04516712,1.93,2.174697,4.358627,0.0,0.00035910713,0.0,
Denmark,DNK,1998,4.675769,1.078157,0.0004,2.8199,0.0273,2.82,0.03,0.0,1.08,9.566698,0.03,0.031820495,0.07302824,2.82,3.2868345,6.864654,0.0,0.0004664461,0.0,
Denmark,DNK,1999,5.3890667,1.3189089,0.000880556,3029,0.0305,3.03,0.03,0.0,1.32,11.262535,0.03,0.03665453,0.07714065,3.03,3.64022,7.791206,0.0,0.0010578296,0.0,
Denmark,DNK,2000,7.0956745,1.2996056,0.0012,4.2412,0.0302,4.24,0.03,0.0,1.3,15.472222,0.03,0.037756357,0.083333336,4.24,5.302391,11.777777,0.0,0.0015032829,0.0,
Denmark,DNK,2001,7.4025154,1.5115592,0.0012,4.3060193,0.0276,4.31,0.03,0.0,1.51,15.509013,0.03,0.034181036,0.0795334,4.31,5.3327537,11.426299,0.0,0.0014871553,0.0,
Denmark,DNK,2002,8.586957,1.8791215,0.001280556,4.876939,0.0318,4.88,0.03,0.0,1.88,17.286152,0.03,0.03920454,0.07637475,4.88,6.012524,12.423626,0.0,0.0015839129,0.0,
Denmark,DNK,2003,9.462801,2.4933515,0.001519444,5.5607834,0.0212,5.56,0.02,0.0,2.49,17.48267,0.02,0.024088817,0.043327555,5.56,6.3185363,12.045061,0.0,0.0017304479,0.0,
Denmark,DNK,2004,11.729121,2.9107547,0.001838889,6.5831113,0.0265,6.58,0.03,0.0,2.91,23.5527,0.03,0.031600803,0.07422069,6.58,7.8502374,16.27907,0.0,0.0021955378,0.0,
Denmark,DNK,2005,12.488843,3.1742494,0.002161111,6614,0.0225,6.61,0.02,0.0,3.17,27.049406,0.02,0.027610164,0.05520287,6.61,8.116144,18.244549,0.0,0.002654629,0.0,
Denmark,DNK,2006,10.61084,3.0699494,0.002213889,6.1079583,0.0234,6.11,0.02,0.0,3.07,20.171015,0.02,0.025924176,0.04385003,6.11,6.7668257,13.396185,0.0,0.0024550948,0.0,
Denmark,DNK,2007,12.42254,3.105064,0.002494444,7.1712,0.0282,7.17,0.03,0.0,3.1,26.201982,0.03,0.032717396,0.07631645,7.17,8.319968,18.239634,0.0,0.0028949417,0.0,
Denmark,DNK,2008,12.6056,3.1405714,0.002622222,6.9278,0.0258,6.93,0.03,0.0,3.14,27.580559,0.03,0.030903442,0.08192245,6.93,8.298179,18.924086,0.0,0.0031377298,0.0,
Denmark,DNK,2009,13.32837,3.3202577,0.00375,6.7205,0.0189,6.72,0.02,0.0,3.32,27.652557,0.02,0.023903713,0.05497526,6.72,8.499737,18.471687,0.0,0.0047426005,0.0,
Denmark,DNK,2010,15.651074,4.5939307,0.006161111,7.809422,0.020641668,7.81,0.02,0.01,4.59,31.97839,0.02,0.024624279,0.051453564,7.81,9.316188,20.092617,0.01,0.007354345,0.025726782,
Denmark,DNK,2011,18.64669,4.375025,0.015130556,9.774183,0.016869444,9.77,0.02,0.01,4.37,40.232822,0.02,0.021155668,0.056785915,9.77,12.257635,27.739922,0.01,0.01897498,0.028392958,
Denmark,DNK,2012,20.934052,4.4460053,0.10386111,10.269938,0.017475,10.27,0.02,0.1,4.45,48.33876,0.02,0.023499275,0.06514658,10.27,13.810377,33.452766,0.1,0.13966602,0.3257329,
Denmark,DNK,2013,21.378275,4.313503,0.51754165,11.123275,0.013419444,11.12,0.01,0.52,4.31,45.941277,0.01,0.017172022,0.02878526,11.12,14.233751,32.00921,0.52,0.6622653,1.4968336,
Denmark,DNK,2014,24.633705,4.3018527,0.5955167,13.078503,0.015102778,13.08,0.02,0.6,4.29,55.886925,0.02,0.019833459,0.0621311,13.08,17.175076,40.63374,0.6,0.78205,1.8639331,
Denmark,DNK,2015,26.659948,4.200628,0.6042611,14.133092,0.018030556,14.13,0.02,0.6,4.18,65.43381,0.02,0.024357768,0.06913239,14.13,19.092604,48.842033,0.6,0.8163053,2.0739717,
Denmark,DNK,2016,25.71348,4.845242,0.74378055,12.781731,0.019272221,12.78,0.02,0.74,4.85,60.1964,0.02,0.025646672,0.06546645,12.78,17.009382,41.83306,0.74,0.98979145,2.4222586,
Denmark,DNK,2017,30.301117,6.248558,0.7514861,14.78,0.017872222,14.78,0.02,0.75,6.25,70.25459,0.02,0.023500083,0.06445375,14.78,19.434185,47.631325,0.75,0.9881272,2.4170158,
Denmark,DNK,2018,29.154387,5.890091,0.952973,13.901956,0.014861111,13.9,0.01,0.95,5.89,68.346504,0.01,0.019714953,0.032938074,13.9,18.442577,45.783924,0.95,1.2642307,3.1291173,
Denmark,DNK,2019,32.79566,5.949397,0.9632695,16.149834,0.016955,16.15,0.02,0.96,5.94,78.17689,0.02,0.02284987,0.06777363,16.15,21.764833,54.72721,0.96,1.2981805,3.2531345,
Denmark,DNK,2020,37.272453,5.92386,1.180532,16.330214,0.017064,16.33,0.02,1.18,5.92,81622,0.02,0.025720373,0.06961364,16.33,24.614344,56.839542,1.18,1.7794024,4.107205,
Denmark,DNK,2021,39.24958,8.734226,1.2779185,16.031755,0.0163087,16.05,0.02,1.31,8.72,78.947365,0.02,0.02287643,0.060496066,16.05,22.487892,48.548088,1.31,1.7925481,3.9624922,
Denmark,DNK,2022,,,,,,18.94,0.02,1.99,7.95,83.962814,0.02,,0.058105756,18.94,,55.02615,1.99,,5.7815228,
Ecuador,ECU,1965,8.505215,0.0,0.0,0.0,249,0.0,249,0.0,0.0,,249,8.505215,,0.0,0.0,,0.0,0.0,,
Ecuador,ECU,1966,9.248206,0.0,0.0,0.0,285,0.0,285,0.0,0.0,,285,9.248206,,0.0,0.0,,0.0,0.0,,
Ecuador,ECU,1967,9.417127,0.0,0.0,0.0,314,0.0,314,0.0,0.0,,314,9.417127,,0.0,0.0,,0.0,0.0,,
Ecuador,ECU,1968,8.330954,0.0,0.0,0.0,328,0.0,328,0.0,0.0,,328,8.330954,,0.0,0.0,,0.0,0.0,,
Ecuador,ECU,1969,8.701673,0.0,0.0,0.0,364,0.0,364,0.0,0.0,,364,8.701673,,0.0,0.0,,0.0,0.0,,
Ecuador,ECU,1970,8.106536,0.0,0.0,0.0,405,0.0,405,0.0,0.0,,405,8.106536,,0.0,0.0,,0.0,0.0,,
Ecuador,ECU,1971,8.015814,0.0,0.0,0.0,0.44,0.0,0.44,0.0,0.0,,0.44,8.015814,,0.0,0.0,,0.0,0.0,,
Ecuador,ECU,1972,7.758966,0.0,0.0,0.0,445,0.0,445,0.0,0.0,,445,7.758966,,0.0,0.0,,0.0,0.0,,
Ecuador,ECU,1973,7.0862336,0.0,0.0,0.0,435,0.0,435,0.0,0.0,,435,7.0862336,,0.0,0.0,,0.0,0.0,,
Ecuador,ECU,1974,6.9780536,0.0,0.0,0.0,0.5,0.0,0.5,0.0,0.0,,0.5,6.9780536,,0.0,0.0,,0.0,0.0,,
Ecuador,ECU,1975,8.653943,0.0,0.0,0.0,628,0.0,628,0.0,0.0,,628,8.653943,,0.0,0.0,,0.0,0.0,,
Ecuador,ECU,1976,7.57248,0.0,0.0,0.0,605,0.0,605,0.0,0.0,,605,7.57248,,0.0,0.0,,0.0,0.0,,
Ecuador,ECU,1977,5.8732605,0.0,0.0,0.0,558,0.0,558,0.0,0.0,,558,5.8732605,,0.0,0.0,,0.0,0.0,,
Ecuador,ECU,1978,7.960053,0.0,0.0,0.0,791,0.0,791,0.0,0.0,,791,7.960053,,0.0,0.0,,0.0,0.0,,
Ecuador,ECU,1979,6.851764,0.0,0.0,0.0,709,0.0,709,0.0,0.0,,709,6.851764,,0.0,0.0,,0.0,0.0,,
Ecuador,ECU,1980,6.642501,0.0,0.0,0.0,872,0.0,872,0.0,0.0,,872,6.642501,,0.0,0.0,,0.0,0.0,,
Ecuador,ECU,1981,5.3501143,0.0,0.0,0.0,779,0.0,779,0.0,0.0,,779,5.3501143,,0.0,0.0,,0.0,0.0,,
Ecuador,ECU,1982,5.5936837,0.0,0.0,0.0,895,0.0,895,0.0,0.0,,895,5.5936837,,0.0,0.0,,0.0,0.0,,
Ecuador,ECU,1983,10.982115,0.0,0.0,0.0,1721,0.0,1721,0.0,0.0,,1721,10.982115,,0.0,0.0,,0.0,0.0,,
Ecuador,ECU,1984,18.537539,0.0,0.0,0.0,3233,0.0,3233,0.0,0.0,,3233,18.537539,,0.0,0.0,,0.0,0.0,,
Ecuador,ECU,1985,15.903298,0.0,0.0,0.0,3279,0.0,3279,0.0,0.0,71.939445,3279,15.903298,71.939445,0.0,0.0,0.0,0.0,0.0,0.0,
Ecuador,ECU,1986,18.56394,0.0,0.0,0.0,4012,0.0,4012,0.0,0.0,80.04789,4012,18.56394,80.04789,0.0,0.0,0.0,0.0,0.0,0.0,
Ecuador,ECU,1987,20.51675,0.0,0.0,0.0,4.57,0.0,4.57,0.0,0.0,84.881134,4.57,20.51675,84.881134,0.0,0.0,0.0,0.0,0.0,0.0,
Ecuador,ECU,1988,18.759295,0.0,0.0,0.0,4826,0.0,4826,0.0,0.0,85.552216,4826,18.759295,85.552216,0.0,0.0,0.0,0.0,0.0,0.0,
Ecuador,ECU,1989,18.673532,0.0,0.0,0.0,4954,0.0,4954,0.0,0.0,85.872765,4954,18.673532,85.872765,0.0,0.0,0.0,0.0,0.0,0.0,
Ecuador,ECU,1990,18.208445,0.0,0.0,0.0,4.9866877,0.0,4.9866877,0.0,0.0,78.544685,4.9866877,18.208445,78.544685,0.0,0.0,0.0,0.0,0.0,0.0,
Ecuador,ECU,1991,16.781824,0.0,0.0,0.0,5.075921,0.0,5.075921,0.0,0.0,72.77874,5.075921,16.781824,72.77874,0.0,0.0,0.0,0.0,0.0,0.0,
Ecuador,ECU,1992,16.528347,0.0,0.0,0.0,4.973581,0.0,4.973581,0.0,0.0,69.11565,4.973581,16.528347,69.11565,0.0,0.0,0.0,0.0,0.0,0.0,
Ecuador,ECU,1993,18.627613,0.0,0.0,0.0,5.8101373,0.0,5.8101373,0.0,0.0,78.39561,5.8101373,18.627613,78.39561,0.0,0.0,0.0,0.0,0.0,0.0,
Ecuador,ECU,1994,19.351002,0.0,0.0,0.0,6.5652776,0.0,6.5652776,0.0,0.0,80.61493,6.5652776,19.351002,80.61493,0.0,0.0,0.0,0.0,0.0,0.0,
Ecuador,ECU,1995,16.093634,0.0,0.0,0.0,5.160551,0.0,5.160551,0.0,0.0,61.226696,5.160551,16.093634,61.226696,0.0,0.0,0.0,0.0,0.0,0.0,
Ecuador,ECU,1996,17.381893,0.0,0.0,0.0,6.3434153,0.0,6.3434153,0.0,0.0,65.53657,6.3434153,17.381893,65.53657,0.0,0.0,0.0,0.0,0.0,0.0,
Ecuador,ECU,1997,16.071613,0.0,0.0,0.0,6.5341773,0.0,6.5341773,0.0,0.0,63.06056,6.5341773,16.071613,63.06056,0.0,0.0,0.0,0.0,0.0,0.0,
Ecuador,ECU,1998,15.920069,0.0,0.0,0.0,6.5060954,0.0,6.5060954,0.0,0.0,59.74183,6.5060954,15.920069,59.74183,0.0,0.0,0.0,0.0,0.0,0.0,
Ecuador,ECU,1999,19.251896,0.0,0.0,0.0,7.176726,0.0,7.176726,0.0,0.0,69.62207,7.176726,19.251896,69.62207,0.0,0.0,0.0,0.0,0.0,0.0,
Ecuador,ECU,2000,21.613928,0.0,0.0,0.0,7.6112313,0.0,7.53,0.0,0.0,72.753624,7.53,21.613928,72.753624,0.0,0.0,0.0,0.0,0.0,0.0,
Ecuador,ECU,2001,19.692354,0.0,0.0,0.0,7.0706525,0.0,7.0,0.0,0.0,65.17691,7.0,19.692354,65.17691,0.0,0.0,0.0,0.0,0.0,0.0,
Ecuador,ECU,2002,21.095179,0.0,0.0,0.0,7.524256,0.0,7.45,0.0,0.0,64.50217,7.45,21.095179,64.50217,0.0,0.0,0.0,0.0,0.0,0.0,
Ecuador,ECU,2003,19.533443,0.0,0.0,0.0,7.180417,0.0,7.11,0.0,0.0,63.425514,7.11,19.533443,63.425514,0.0,0.0,0.0,0.0,0.0,0.0,
Ecuador,ECU,2004,18.734905,0.00324057,0.0,0.0,7.4116993,0.0,7.34,0.0,0.37,58.944954,7.34,18.725845,56.116207,0.0,0.0,0.0,0.0,0.0,0.0,
Ecuador,ECU,2005,16.596605,0.102856286,1.24e-05,0.0,6.8826394,0.0,6.81,0.0,0.61,61.019737,6.81,16.324602,56.003292,0.0,0.0,0.0,0.0,2.9451741e-05,0.0,
Ecuador,ECU,2006,16.25161,0.14555573,1.4875e-05,0.0,7.129493,0.0,7.06,0.0,0.83,58.357986,7.06,15.887682,52.218933,0.0,0.0,0.0,0.0,3.306731e-05,0.0,
Ecuador,ECU,2007,19.557272,0.21875276,1.8162e-05,0.000962135,9.037655,0.0,8.95,0.0,0.98,59.891438,8.95,19.035067,53.9807,0.0,0.0020256185,0.0,0.0,3.8277773e-05,0.0,
Ecuador,ECU,2008,22.617521,0.20832446,2.6687e-05,0.002682461,11.293333,0.0,11.18,0.0,1.24,68.017525,11.18,22.148096,61.226723,0.0,0.005253706,0.0,0.0,5.2343195e-05,0.0,
Ecuador,ECU,2009,18.929243,0.2165198,7.88e-06,0.003204417,9.225408,0.0,9.13,0.0,1.54,59.54241,9.13,18.428444,50.94866,0.0,0.0063977954,0.0,0.0,1.573619e-05,0.0,
Ecuador,ECU,2010,15.936485,0.23556188,0.0,0.00343485,8.636401,0.0,8.55,0.0,1.72,54.65673,8.55,15.445815,45.502926,0.0,0.0061392607,0.0,0.0,0.0,0.0,
Ecuador,ECU,2011,19.198841,0.27820036,"0,05812",0.00334467,11.133088,0.0,11.02,0.0,1.49,62.927567,11.02,18.653755,55.4326,0.0,0.005601301,0.0,0.0,9.7347904e-05,0.0,
Ecuador,ECU,2012,19.840086,0.29635325,0.00032566,0.002398368,12.237723,0.0,12.12,0.0,1.68,62.415195,12.12,19.29189,54.816822,0.0,0.0037849727,0.0,0.0,0.0005126482,0.0,
Ecuador,ECU,2013,17.377462,0.29578793,0.003663607,0.056702975,11.038825,0.06,10.93,0.0,1.92,57.531193,10.93,16.759819,48.707664,0.06,0.08608986,0.26737967,0.0,0.005555272,0.0,
Ecuador,ECU,2014,17.276142,0.3994712,0.016482696,0.07974247,11.457895,0.08,11.34,0.02,2.34,58.763325,11.34,16.461626,48.358208,0.08,0.11456654,0.3411514,0.02,0.023680836,0.08528785,
Ecuador,ECU,2015,19.640232,0.40775105,0.036057927,0.098806314,13.09627,0.1,12.97,0.04,2.33,61.53846,12.97,18.754915,51.6939,0.1,0.14149866,0.39856517,0.04,0.051637884,0.15942606,
Ecuador,ECU,2016,23.628025,0.4897965,0.038754817,0.08395875,15.833842,0.08,15.68,0.04,2.23,66.43331,15.68,22.61842,57.774506,0.08,0.11993395,0.2947679,0.04,0.05536069,0.14738394,
Ecuador,ECU,2017,28.335857,0.43085,0.03748,0.0734,20.08861,0.07,19.89,0.04,1.58,77.54222,19.89,27.477312,71.469635,0.07,0.100396864,0.25152713,0.04,0.051265407,0.14372979,
Ecuador,ECU,2018,27.386934,0.42796764,0.038079325,0.08025777,20.678001,0.08,20.47,0.04,1.71,76.817085,20.47,26.571339,70.51326,0.08,0.103131704,0.27557698,0.04,0.048932124,0.13778849,
Ecuador,ECU,2019,31.76902,0.45472345,0.16645227,0.085526936,24.664263,0.09,24.66,0.04,1.52,81.45511,24.66,30.767733,76.34675,0.09,0.10669163,0.27863777,0.04,0.20764291,0.12383901,
Ecuador,ECU,2020,36.035774,0.47058,0.03776,0.0771,24.33326,0.08,24.33,0.04,1.38,82.55033,24.33,35.04654,77.75647,0.08,0.11104507,0.25567272,0.04,0.054384667,0.12783636,
Ecuador,ECU,2021,32.3542,0.41493,0.03687,0.06201,25.57461,0.06,25.57,0.04,1.35,83.54978,25.57,31.606415,79.06617,0.06,0.07663507,0.18552876,0.04,0.045565866,0.12368584,
Egypt,EGY,1965,5.5878944,0.0,0.0,0.0,1.7324048,0.0,1.7324048,0.0,0.0,,1.7324048,5.5878944,,0.0,0.0,,0.0,0.0,,
Egypt,EGY,1966,5.5950437,0.0,0.0,0.0,1.8252122,0.0,1.8252122,0.0,0.0,,1.8252122,5.5950437,,0.0,0.0,,0.0,0.0,,
Egypt,EGY,1967,7.041625,0.0,0.0,0.0,1.966633,0.0,1.966633,0.0,0.0,,1.966633,7.041625,,0.0,0.0,,0.0,0.0,,
Egypt,EGY,1968,9.956793,0.0,0.0,0.0,3.0007727,0.0,3.0007727,0.0,0.0,,3.0007727,9.956793,,0.0,0.0,,0.0,0.0,,
Egypt,EGY,1969,16.08243,0.0,0.0,0.0,3.9907181,0.0,3.9907181,0.0,0.0,,3.9907181,16.08243,,0.0,0.0,,0.0,0.0,,
Egypt,EGY,1970,15.164636,0.0,0.0,0.0,4.6889834,0.0,4.6889834,0.0,0.0,,4.6889834,15.164636,,0.0,0.0,,0.0,0.0,,
Egypt,EGY,1971,15.877998,0.0,0.0,0.0,5.0469546,0.0,5.0469546,0.0,0.0,,5.0469546,15.877998,,0.0,0.0,,0.0,0.0,,
Egypt,EGY,1972,14.63569,0.0,0.0,0.0,5.161859,0.0,5.161859,0.0,0.0,,5.161859,14.63569,,0.0,0.0,,0.0,0.0,,
Egypt,EGY,1973,15.458052,0.0,0.0,0.0,5.1530204,0.0,5.1530204,0.0,0.0,,5.1530204,15.458052,,0.0,0.0,,0.0,0.0,,
Egypt,EGY,1974,16.143082,0.0,0.0,0.0,6.11645,0.0,6.11645,0.0,0.0,,6.11645,16.143082,,0.0,0.0,,0.0,0.0,,
Egypt,EGY,1975,16.16058,0.0,0.0,0.0,6.792618,0.0,6.792618,0.0,0.0,,6.792618,16.16058,,0.0,0.0,,0.0,0.0,,
Egypt,EGY,1976,15.923643,0.0,0.0,0.0,8.003533,0.0,8.003533,0.0,0.0,,8.003533,15.923643,,0.0,0.0,,0.0,0.0,,
Egypt,EGY,1977,16.571007,0.0,0.0,0.0,9.037673,0.0,9.037673,0.0,0.0,,9.037673,16.571007,,0.0,0.0,,0.0,0.0,,
Egypt,EGY,1978,17.237103,0.0,0.0,0.0,9.930392,0.0,9.930392,0.0,0.0,,9.930392,17.237103,,0.0,0.0,,0.0,0.0,,
Egypt,EGY,1979,15.267534,0.0,0.0,0.0,9.607776,0.0,9.607776,0.0,0.0,,9.607776,15.267534,,0.0,0.0,,0.0,0.0,,
Egypt,EGY,1980,13.69403,0.0,0.0,0.0,9.802229,0.0,9.802229,0.0,0.0,,9.802229,13.69403,,0.0,0.0,,0.0,0.0,,
Egypt,EGY,1981,12.52634,0.0,0.0,0.0,10.213233,0.0,10.213233,0.0,0.0,,10.213233,12.52634,,0.0,0.0,,0.0,0.0,,
Egypt,EGY,1982,11.533038,0.0,0.0,0.0,10.491655,0.0,10.491655,0.0,0.0,,10.491655,11.533038,,0.0,0.0,,0.0,0.0,,
Egypt,EGY,1983,9.980415,0.0,0.0,0.0,9.815488,0.0,9.815488,0.0,0.0,,9.815488,9.980415,,0.0,0.0,,0.0,0.0,,
Egypt,EGY,1984,8.979603,0.0,0.0,0.0,9.629872,0.0,9.629872,0.0,0.0,,9.629872,8.979603,,0.0,0.0,,0.0,0.0,,
Egypt,EGY,1985,8.225812,0.0,0.0,0.0,9148,0.0,9148,0.0,0.0,30.237823,9148,8.225812,30.237823,0.0,0.0,0.0,0.0,0.0,0.0,
Egypt,EGY,1986,7.8884335,0.0,0.0,0.0,8972,0.0,8972,0.0,0.0,27.639322,8972,7.8884335,27.639322,0.0,0.0,0.0,0.0,0.0,0.0,
Egypt,EGY,1987,7.4370356,0.0,0.0,0.0,8.9695,0.0,8.9695,0.0,0.0,25.156712,8.9695,7.4370356,25.156712,0.0,0.0,0.0,0.0,0.0,0.0,
Egypt,EGY,1988,7.2144046,0.0,0.0,0.0,8829,0.0,8829,0.0,0.0,22.806587,8829,7.2144046,22.806587,0.0,0.0,0.0,0.0,0.0,0.0,
Egypt,EGY,1989,7.3539524,0.0,0.0,0.0,9487,0.0,9487,0.0,0.0,23.358656,9487,7.3539524,23.358656,0.0,0.0,0.0,0.0,0.0,0.0,
Egypt,EGY,1990,7.5208654,0.0,0.0,0.0,9953,0.0,9953,0.0,0.0,23.724451,9953,7.5208654,23.724451,0.0,0.0,0.0,0.0,0.0,0.0,
Egypt,EGY,1991,7.396339,0.0,0.0,0.0,9916,0.0,9916,0.0,0.0,22.913393,9916,7.396339,22.913393,0.0,0.0,0.0,0.0,0.0,0.0,
Egypt,EGY,1992,7.380686,0.0,0.0,0.0,9.8,0.0,9.8,0.0,0.0,21.784071,9.8,7.380686,21.784071,0.0,0.0,0.0,0.0,0.0,0.0,
Egypt,EGY,1993,7.595429,0.0,0.0,0.0,10.0925,0.0,10.0925,0.0,0.0,21.59424,10.0925,7.595429,21.59424,0.0,0.0,0.0,0.0,0.0,0.0,
Egypt,EGY,1994,7.676783,0.0,0.0,0.0,10728,0.0,10728,0.0,0.0,22.096806,10728,7.676783,22.096806,0.0,0.0,0.0,0.0,0.0,0.0,
Egypt,EGY,1995,7.558946,0.0,0.0,0.0,11192,0.0,11192,0.0,0.0,22.095871,11192,7.558946,22.095871,0.0,0.0,0.0,0.0,0.0,0.0,
Egypt,EGY,1996,7.361754,0.0,0.0,0.0,11484,0.0,11484,0.0,0.0,21.437372,11484,7.361754,21.437372,0.0,0.0,0.0,0.0,0.0,0.0,
Egypt,EGY,1997,7.243849,0.0,0.0,0.0,11771,0.0,11771,0.0,0.0,20.729431,11771,7.243849,20.729431,0.0,0.0,0.0,0.0,0.0,0.0,
Egypt,EGY,1998,7.1541786,0.0,0.0,0.0,12.1045,0.0,12.1045,0.0,0.0,19.942501,12.1045,7.1541786,19.942501,0.0,0.0,0.0,0.0,0.0,0.0,
Egypt,EGY,1999,7.409151,0.0,0.0,12,13.4405,12,13.4405,0.0,0.0,20.466146,13.4405,7.4025416,20.447891,12,0.0066091693,0.018256366,0.0,0.0,0.0,
Egypt,EGY,2000,7.416068,0.0,0.0002,0.0805,14178,0.14,13.56,0.0,0.0,18.39667,13.56,7.374095,18.208673,0.14,0.04186869,0.18799517,0.0,0.00010406893,0.0,
Egypt,EGY,2001,7.225909,0.0,0.0009,179,14.4135,0.22,14.98,0.0,0.0,19.150812,14.98,7.136831,18.873629,0.22,0.088631704,0.27718282,0.0,0.00044570753,0.0,
Egypt,EGY,2002,6.795776,0.0,1,0.2125,13.9945,0.2,12.73,0.0,0.0,15.245844,12.73,6.6936574,15.010023,0.2,0.10164006,0.23582125,0.0,0.00047795105,0.0,
Egypt,EGY,2003,5.937698,0.0,1,286,12939,0.37,12.89,0.0,0.0,14.655171,12.89,5.808853,14.246242,0.37,0.12839727,0.40893012,0.0,0.00044720224,0.0,
Egypt,EGY,2004,5.634644,0.0,1,0.5040505,12.8315,0.52,12.52,0.0,0.0,13.553685,12.52,5.4212604,13.013201,0.52,0.21295945,0.54048437,0.0,0.00042355733,0.0,
Egypt,EGY,2005,5.385706,0.0,1,0.5101111,12644,0.55,12.52,0.0,0.0,12.669639,12.52,5.176458,12.136487,0.55,0.20883965,0.53315234,0.0,0.00040907113,0.0,
Egypt,EGY,2006,5.1723137,0.0,1,0.6050606,12.7845,0.62,12.8,0.0,0.0,12.255708,12.8,4.938215,11.689498,0.62,0.2337142,0.56621003,0.0,0.00038462703,0.0,
Egypt,EGY,2007,5.3631554,0.0,0.0012,0.66243637,14.2175,0.83,15.35,0.0,0.0,13.621822,15.35,5.1239815,12.923051,0.83,0.2387418,0.6987708,0.0,0.00043193705,0.0,
Egypt,EGY,2008,5.414237,0.0,0.0015,0.92981315,15096,0.91,14.53,0.0,0.0,12.42256,14.53,5.0996265,11.690401,0.91,0.31410304,0.73215866,0.0,0.0005075774,0.0,
Egypt,EGY,2009,4.800595,0.0,0.0022,1.0371939,13.7725,1.13,12.73,0.0,0.0,10.526316,12.73,4.4637237,9.66811,1.13,0.3361588,0.85820615,0.0,0.00071243965,0.0,
Egypt,EGY,2010,4.461719,0.0,0.0252,1.4091434,12.9545,1.5,12.92,0.21,0.0,9.127208,12.92,4.0169554,8.06039,1.5,0.43694973,0.9358039,0.21,0.007814077,0.13101254,
Egypt,EGY,2011,4.3315444,0.0,0.244569,1.4948249,12.99,1.52,12.81,0.22,0.0,9.262795,12.81,3.8200324,8.15508,1.52,0.4395904,0.9676598,0.22,0.07192159,0.14005601,
Egypt,EGY,2012,4.1802897,0.0,0.504201,1.3362031,13.0275,1.12,12.99,0.24,0.0,8.729241,12.99,3.662838,7.9019403,1.12,0.3756895,0.68130666,0.24,0.14176217,0.14599428,
Egypt,EGY,2013,4.1771846,0.0,0.025437,1.5765831,13.2365,1.33,13.22,0.11,0.0,8.71426,13.22,3.7262003,7.8582892,1.33,0.44382316,0.7905843,0.11,0.0071607507,0.065386675,
Egypt,EGY,2014,4.1816525,0.0,0.139549,1.0281278,13587,1.44,13.68,0.24,0.0,8.762622,13.68,3.850719,7.8042107,1.44,0.29138377,0.82149583,0.24,0.039549865,0.13691597,
Egypt,EGY,2015,4.328853,0.0,42,1.8945454,13.6835,2.06,13.41,0.17,0.0,8.39416,13.41,3.7921696,7.1972947,2.06,0.52504385,1.1056247,0.17,0.011639636,0.091240875,
Egypt,EGY,2016,4.131468,0.0,0.23361,2.396693,13.1975,2.2,12.72,0.58,0.0,8.176399,12.72,3.4448903,6.7099223,2.2,0.62559915,1.1605211,0.58,0.060978286,0.30595556,
Egypt,EGY,2017,3.8699906,0.0,0.602545,2.1095762,12788,2.33,12.6,0.6,0.0,7.8896565,12.6,3.192842,6.4011383,2.33,0.5267081,1.1837025,0.6,0.15044034,0.30481613,
Egypt,EGY,2018,4.0554056,0.0,0.553013,2.987391,12.812546,3.02,12.77,1.52,0.0,8.671476,12.77,3.1774135,6.397155,3.02,0.74085003,1.5128745,1.52,0.13714299,0.7614468,
Egypt,EGY,2019,5.1698976,0.0,1.48996,4.978727,14.0795,4.23,12.09,4.43,0.0,10.662351,12.09,3.5423841,6.2124248,4.23,1.2526413,2.173578,4.43,0.37487203,2.2763474,
Egypt,EGY,2020,6.564624,0.0,2.8365073,6.848341,14.9035,4.23,12.09,4.51,0.0,11.004279,12.09,3.978953,6.3870254,4.23,1.8283777,2.2346663,4.51,0.7572938,2.382588,
Egypt,EGY,2021,6.230571,0.0,2.8287573,7.6288185,14.636906,4.23,14.0,4.8,0.0,11.386897,14.0,3.6341164,6.9221263,4.23,1.8941174,2.091471,4.8,0.70233655,2.3733006,
Estonia,EST,1985,0.0,,,,0.0,,0.0,,,,0.0,0.0,0.0,,,,,,,
Estonia,EST,1986,0.0,,,,0.0,,0.0,,,,0.0,0.0,0.0,,,,,,,
Estonia,EST,1987,0.0,,,,0.0,,0.0,,,,0.0,0.0,0.0,,,,,,,
Estonia,EST,1988,0.0,,,,0.0,,0.0,,,,0.0,0.0,0.0,,,,,,,
Estonia,EST,1989,0.0,,,,0.0,,0.0,,,,0.0,0.0,0.0,,,,,,,
Estonia,EST,1990,0.0,0.0,0.0,0.0,0.0,0.0,0.0,0.0,0.0,0.0,0.0,0.0,0.0,0.0,0.0,0.0,0.0,0.0,0.0,
Estonia,EST,1991,0.0,0.0,0.0,0.0,0.0,0.0,0.0,0.0,0.0,0.0,0.0,0.0,0.0,0.0,0.0,0.0,0.0,0.0,0.0,
Estonia,EST,1992,0.0,0.0,0.0,0.0,0.0,0.0,0.0,0.0,0.0,0.0,0.0,0.0,0.0,0.0,0.0,0.0,0.0,0.0,0.0,
Estonia,EST,1993,0.0,0.0,0.0,0.0,0.0,0.0,0.0,0.0,0.0,0.0,0.0,0.0,0.0,0.0,0.0,0.0,0.0,0.0,0.0,
Estonia,EST,1994,0.0,0.0,0.0,0.0,0.0,0.0,0.0,0.0,0.0,0.0,0.0,0.0,0.0,0.0,0.0,0.0,0.0,0.0,0.0,
Estonia,EST,1995,0.030831562,6,0.0,0.0,0.0,0.0,0.0,0.0,0.01,0.115074806,0.0,0.0,0.0,0.0,0.0,0.0,0.0,0.0,0.0,
Estonia,EST,1996,0.024195744,5,0.0,0.0,0.0,0.0,0.0,0.0,0.0,0.0,0.0,0.0,0.0,0.0,0.0,0.0,0.0,0.0,0.0,
Estonia,EST,1997,0.039256863,8,0.0,0.0,0.0,0.0,0.0,0.0,0.01,0.10845987,0.0,0.0,0.0,0.0,0.0,0.0,0.0,0.0,0.0,
Estonia,EST,1998,0.06567057,12,0.0,0.0,0.0,0.0,0.0,0.0,0.01,0.11737089,0.0,0.0,0.0,0.0,0.0,0.0,0.0,0.0,0.0,
Estonia,EST,1999,0.09331137,12,0.0,0.0,4,0.0,0.0,0.0,0.01,0.12106537,0.0,0.02202215,0.0,0.0,0.0,0.0,0.0,0.0,0.0,
Estonia,EST,2000,0.10166839,13,0.0,0.0,5,0.0,0.0,0.0,0.01,0.11750881,0.0,0.026697392,0.0,0.0,0.0,0.0,0.0,0.0,0.0,
Estonia,EST,2001,0.09630356,11,0.0,0.0,7,0.0,0.01,0.0,0.01,0.23557127,0.01,0.03555924,0.11778563,0.0,0.0,0.0,0.0,0.0,0.0,
Estonia,EST,2002,0.18708262,27,0.0,0.0014,6,0.0,0.01,0.0,0.02,0.3516999,0.01,0.030378226,0.1172333,0.0,0.0070882533,0.0,0.0,0.0,0.0,
Estonia,EST,2003,0.22028498,26,0.0,0.0061,13,0.01,0.01,0.0,0.03,0.492126,0.01,0.060010917,0.098425195,0.01,0.028164795,0.098425195,0.0,0.0,0.0,
Estonia,EST,2004,0.28742737,31,0.0,0.0076,22,0.01,0.02,0.0,0.03,0.58195925,0.02,0.09890089,0.19398642,0.01,0.03414754,0.09699321,0.0,0.0,0.0,
Estonia,EST,2005,0.5005239,33,0.0,0.0539,22,0.05,0.02,0.0,0.04,1.0784314,0.02,0.097715735,0.19607843,0.05,0.23940401,0.49019608,0.0,0.0,0.0,
Estonia,EST,2006,0.59395134,38,0.0,0.0763,14,0.08,0.01,0.0,0.04,1.3360741,0.01,0.06255324,0.102774926,0.08,0.3409162,0.8221994,0.0,0.0,0.0,
Estonia,EST,2007,0.5890301,36,0.0,91,22,0.09,0.02,0.0,0.03,1.1494253,0.02,0.084343486,0.16420361,0.09,0.3488748,0.7389162,0.0,0.0,0.0,
Estonia,EST,2008,0.8455263,38,0.0,133,28,0.13,0.03,0.0,0.04,1.8903592,0.03,0.11595731,0.28355387,0.13,0.55079705,1.2287334,0.0,0.0,0.0,
Estonia,EST,2009,2.7872162,314,0.0001,195,32,0.2,0.03,0.0,0.31,6.1503425,0.03,0.15219817,0.34168565,0.2,0.9274589,2.2779045,0.0,0.00047780722,0.0,
Estonia,EST,2010,4.3919716,742,0.0001,277,27,0.28,0.03,0.0,0.74,8.095605,0.03,0.10244964,0.231303,0.28,1.0510584,2.158828,0.0,0.00037936436,0.0,
Estonia,EST,2011,4.9312315,783,0.0002,368,0.03,0.37,0.03,0.0,0.78,9.154383,0.03,0.11342637,0.23273855,0.37,1.3913622,2.8704422,0.0,0.00075760984,0.0,
Estonia,EST,2012,6.1257634,1001,0.0003,434,42,0.43,0.04,0.0,1.0,12.29097,0.04,0.15671892,0.33444816,0.43,1.6194274,3.5953176,0.0,0.0011189323,0.0,
Estonia,EST,2013,4.7120137,667,0.0014,529,26,0.53,0.03,0.0,0.67,9.262049,0.03,0.09158879,0.22590362,0.53,1.8634803,3.9909637,0.0,0.004918743,0.0,
Estonia,EST,2014,5.5141263,0.74,0.0031,604,0.0267,0.6,0.03,0.0,0.76,11.164659,0.03,0.09777588,0.24096386,0.6,2.2118633,4.8192773,0.0,0.011339687,0.0,
Estonia,EST,2015,6.578982,779,0.0059,0.7151,27,0.71,0.03,0.0,0.82,15.369459,0.03,0.10627684,0.2955665,0.71,2.8147607,6.9950743,0.0,0.023223964,0.0,
Estonia,EST,2016,6.427242,885,0.009677,594,35,0.59,0.04,0.01,0.95,13.064914,0.04,0.13279516,0.32867706,0.59,2.2537217,4.8479867,0.01,0.03673149,0.082169265,
Estonia,EST,2017,6.830332,1038,0.014492,723,26,0.72,0.03,0.01,1.1,14.1337385,0.03,0.08841564,0.22796352,0.72,2.4586325,5.4711246,0.01,0.049281567,0.075987846,
Estonia,EST,2018,7.507283,1261,0.030802,636,15,0.64,0.01,0.03,1.31,16.087309,0.01,0.051110126,0.080840744,0.64,2.1670735,5.1738076,0.03,0.104953036,0.24252224,
Estonia,EST,2019,9.91299,1299,0.0735,687,19,0.69,0.02,0.07,1.36,28.120895,0.02,0.080058895,0.26281208,0.69,2.8947532,9.067017,0.07,0.30970055,0.9198423,
Estonia,EST,2020,14.138368,1777,0.1269118,844,0.03,0.84,0.03,0.25,1.85,48.848686,0.03,0.13419002,0.49342105,0.84,3.7752159,13.815789,0.25,0.5676773,4.111842,
Estonia,EST,2021,14.325047,2.1158469,0.2521306,0.7421591,0.031054053,0.73,0.02,0.35,1.77,39.91655,0.02,0.12334465,0.27816412,0.73,2.9478104,10.15299,0.35,1.0014476,4.867872,
Estonia,EST,2022,,,,,,0.63,0.02,0.53,2.49,44.004795,0.02,,0.23980814,0.63,,7.5539565,0.53,,6.3549156,
Finland,FIN,1965,23.966585,0.0,0.0,0.0,9.353536,0.0,9.353536,0.0,0.0,,9.353536,23.966585,,0.0,0.0,,0.0,0.0,,
Finland,FIN,1966,23.36688,0.0,0.0,0.0,10.380808,0.0,10.380808,0.0,0.0,,10.380808,23.36688,,0.0,0.0,,0.0,0.0,,
Finland,FIN,1967,24.873165,0.0,0.0,0.0,11.6292925,0.0,11.6292925,0.0,0.0,,11.6292925,24.873165,,0.0,0.0,,0.0,0.0,,
Finland,FIN,1968,20.672768,0.0,0.0,0.0,10.488889,0.0,10.488889,0.0,0.0,,10.488889,20.672768,,0.0,0.0,,0.0,0.0,,
Finland,FIN,1969,15.680414,0.0,0.0,0.0,8.745455,0.0,8.745455,0.0,0.0,,8.745455,15.680414,,0.0,0.0,,0.0,0.0,,
Finland,FIN,1970,15.499043,0.0,0.0,0.0,9.524242,0.0,9.524242,0.0,0.0,,9.524242,15.499043,,0.0,0.0,,0.0,0.0,,
Finland,FIN,1971,16.927217,0.0,0.0,0.0,10.680808,0.0,10.680808,0.0,0.0,,10.680808,16.927217,,0.0,0.0,,0.0,0.0,,
Finland,FIN,1972,15.603095,0.0,0.0,0.0,10.379798,0.0,10.379798,0.0,0.0,,10.379798,15.603095,,0.0,0.0,,0.0,0.0,,
Finland,FIN,1973,14.4314785,0.0,0.0,0.0,10.579798,0.0,10.579798,0.0,0.0,,10.579798,14.4314785,,0.0,0.0,,0.0,0.0,,
Finland,FIN,1974,18.064272,0.0,0.0,0.0,12.703031,0.0,12.703031,0.0,0.0,,12.703031,18.064272,,0.0,0.0,,0.0,0.0,,
Finland,FIN,1975,17.08967,0.0,0.0,0.0,12.209091,0.0,12.209091,0.0,0.0,,12.209091,17.08967,,0.0,0.0,,0.0,0.0,,
Finland,FIN,1976,12.514572,0.0,0.0,0.0,9.481818,0.0,9.481818,0.0,0.0,,9.481818,12.514572,,0.0,0.0,,0.0,0.0,,
Finland,FIN,1977,15.202662,0.0,0.0,0.0,12.181818,0.0,12.181818,0.0,0.0,,12.181818,15.202662,,0.0,0.0,,0.0,0.0,,
Finland,FIN,1978,11.782436,0.0,0.0,0.0,9.79899,0.0,9.79899,0.0,0.0,,9.79899,11.782436,,0.0,0.0,,0.0,0.0,,
Finland,FIN,1979,12.091409,0.0,0.0,0.0,10.8707075,0.0,10.8707075,0.0,0.0,,10.8707075,12.091409,,0.0,0.0,,0.0,0.0,,
Finland,FIN,1980,11.415307,0.0,0.0,0.0,10.217172,0.0,10.217172,0.0,0.0,,10.217172,11.415307,,0.0,0.0,,0.0,0.0,,
Finland,FIN,1981,15.109192,0.0,0.0,0.0,13.654546,0.0,13.654546,0.0,0.0,,13.654546,15.109192,,0.0,0.0,,0.0,0.0,,
Finland,FIN,1982,14.6664095,0.0,0.0,0.0,13.088889,0.0,13.088889,0.0,0.0,,13.088889,14.6664095,,0.0,0.0,,0.0,0.0,,
Finland,FIN,1983,15.364748,0.0,0.0,0.0,13.580808,0.0,13.580808,0.0,0.0,,13.580808,15.364748,,0.0,0.0,,0.0,0.0,,
Finland,FIN,1984,14.383723,0.0,0.0,0.0,13.247475,0.0,13.247475,0.0,0.0,,13.247475,14.383723,,0.0,0.0,,0.0,0.0,,
Finland,FIN,1985,12.764183,0.0,0.0,0.0,12.334343,0.0,12.334343,0.0,0.0,24.971338,12.334343,12.764183,24.971338,0.0,0.0,0.0,0.0,0.0,0.0,
Finland,FIN,1986,12.675924,0.0,0.0,0.0,12.389899,0.0,12.389899,0.0,0.0,25.312368,12.389899,12.675924,25.312368,0.0,0.0,0.0,0.0,0.0,0.0,
Finland,FIN,1987,13.406022,0.0,0.0,0.0,13.795959,0.0,13.795959,0.0,0.0,26.022257,13.795959,13.406022,26.022257,0.0,0.0,0.0,0.0,0.0,0.0,
Finland,FIN,1988,13.070466,0.0,0.0,0.0,13.362626,0.0,13.362626,0.0,0.0,24.981071,13.362626,13.070466,24.981071,0.0,0.0,0.0,0.0,0.0,0.0,
Finland,FIN,1989,12.690624,0.0,0.0,0.0,13.030303,0.0,13.030303,0.0,0.0,24.420065,13.030303,12.690624,24.420065,0.0,0.0,0.0,0.0,0.0,0.0,
Finland,FIN,1990,15.044628,5156,0.0005,0.0,10.860606,0.0,10.86,0.0,5.16,29.453943,10.86,9.946513,19.966906,0.0,0.0,0.0,0.0,0.00045769507,0.0,0.0
Finland,FIN,1991,16.643732,4999,0.0005,0.0006,13.19798,0.0,13.2,0.0,5.0,31.390137,13.2,11.812587,22.766472,0.0,0.000537262,0.0,0.0,0.00044729796,0.0,0.0
Finland,FIN,1992,18.367647,4.95,0.0006,0.0024,15.108081,0.0,15.11,0.0,4.95,34.747967,15.11,13.566476,26.173567,0.0,0.0021510262,0.0,0.0,0.00053902186,0.0,0.0
Finland,FIN,1993,17.727713,5958,0.0007,0.0044,13.473738,0.0,13.48,0.0,5.96,31.827108,13.48,11.996453,22.069416,0.0,0.0039143385,0.0,0.0,0.0006231158,0.0,0.0
Finland,FIN,1994,15.916638,6465,0.0008,0.0072,11.779798,0.01,11.79,0.0,6.47,27.83364,11.79,9.990633,17.961609,0.01,0.006102836,0.015234613,0.0,0.0006788011,0.0,0.0
Finland,FIN,1995,17.851295,6608,0.0008,0.0108,12.91707,0.01,12.93,0.0,6.61,30.527796,12.93,11.493516,20.190506,0.01,0.009609784,0.015615241,0.0,0.0007121578,0.0,0.0
Finland,FIN,1996,15.462067,5889,1,11,11.821919,0.01,11.86,0.0,5.89,25.598156,11.86,10.04825,17.094265,0.01,0.009349663,0.014413376,0.0,0.00084636174,0.0,0.0
Finland,FIN,1997,17.178953,7891,0.0012,0.0166,11.914041,0.02,12.24,0.0,7.89,29.135336,12.24,10.008086,17.69809,0.02,0.013944432,0.028918449,0.0,0.0010100659,0.0,0.0
Finland,FIN,1998,20.300835,9333,0.0013,23,14.9258585,0.02,15.05,0.0,9.33,34.78261,15.05,12.107919,21.454027,0.02,0.018657718,0.028510334,0.0,0.0010516156,0.0,0.0
Finland,FIN,1999,17.990025,8363,0.0014,49,12.673434,0.05,12.78,0.0,8.36,30.506763,12.78,10.481546,18.399078,0.05,0.04052539,0.071983874,0.0,0.0011576175,0.0,0.0
Finland,FIN,2000,19.702833,8.588527,0.0016,0.0766,14.598788,0.08,14.66,0.0,8.64,33.5005,14.66,12.010572,21.005875,0.08,0.06301958,0.114629604,0.0,0.0013138434,0.0,0.0
Finland,FIN,2001,17.716715,8.211789,0.0017,0.0696,13.149596,0.07,13.2,0.0,8.27,28.99448,13.2,10.520653,17.768206,0.07,0.05568515,0.09422533,0.0,0.0013616949,0.0,0.0
Finland,FIN,2002,16.264904,8.932421,0.0019,63,10.730404,0.06,10.78,0.0,8.99,26.535526,10.78,8.48593,14.425263,0.06,0.04982234,0.080289036,0.0,0.001505225,0.0,0.0
Finland,FIN,2003,14.593681,9292,0.0021,0.0919,9.550505,0.09,9.59,0.0,9.38,22.668886,9.59,7.0081925,11.405804,0.09,0.067436524,0.10704091,0.0,0.0015392341,0.0,0.0
Finland,FIN,2004,19.509205,10.370948,0.0024,0.1203,15.015051,0.12,15.07,0.0,10.44,29.94159,15.07,10.994099,17.60514,0.12,0.0880843,0.14018692,0.0,0.001757471,0.0,0.0
Finland,FIN,2005,19.46372,9.479474,0.0026,0.1683,13.563637,0.17,13.78,0.0,9.51,33.35703,13.78,10.863037,19.593346,0.17,0.13479048,0.2417176,0.0,0.0020822042,0.0,0.0
Finland,FIN,2006,17.534887,10.756632,0.0034,0.1527,11.427273,0.16,11.49,0.0,10.81,27.373552,11.49,8.4712515,14.003655,0.16,0.11319938,0.19500303,0.0,0.002518475,0.0,0.0
Finland,FIN,2007,18.869097,9928,0.0038,0.1884,14.131919,0.19,14.18,0.0,9.95,30.054375,14.18,10.441778,17.52348,0.19,0.13920482,0.2347998,0.0,0.0028090572,0.0,0.43303058
Finland,FIN,2008,22.427767,10.391263,0.0039,0.2605,17.080303,0.26,17.11,0.0,10.4,36.074303,17.11,13.005693,22.226551,0.26,0.1983561,0.33775005,0.0,0.002973153,0.0,0.991635
Finland,FIN,2009,19.18046,8.743579,0.0043,0.2766,12.7,0.28,12.69,0.0,8.73,30.231262,12.69,10.368609,17.67902,0.28,0.22582342,0.3900808,0.0,0.0035080996,0.0,2.6928995
Finland,FIN,2010,19.647142,10.98021,0.0047,0.2943,12.871717,0.29,12.92,0.0,10.97,30.097088,12.92,9.608743,16.081654,0.29,0.21969506,0.3609659,0.0,0.0035113317,0.0,3.5050526
Finland,FIN,2011,20.955502,11.182842,0.0053,0.4814,12.402323,0.48,12.45,0.01,11.24,33.028275,12.45,9.767817,17.005875,0.48,0.37914082,0.6556482,0.01,0.0041713854,0.013659337,2.416091
Finland,FIN,2012,24.975452,11.101263,0.0057,0.4943,16.835253,0.49,16.86,0.01,11.2,40.747612,16.86,13.5488615,24.054789,0.49,0.3978082,0.6991012,0.01,0.004590202,0.014267371,3.066077
Finland,FIN,2013,22.647865,11.942632,0.0065,0.7737,12.800404,0.77,12.84,0.01,12.01,36.10876,12.84,10.195925,18.089602,0.77,0.6162764,1.0848125,0.01,0.005179502,0.014088475,3.844533
Finland,FIN,2014,24.728233,11.707263,8,1.1072,13.3739395,1.11,13.4,0.01,11.76,38.75535,13.4,10.970295,19.761097,1.11,0.9082074,1.6369268,0.01,0.0065603396,0.014747088,4.2955194
Finland,FIN,2015,28.137722,11.317895,0.011111111,2.350505,16.751514,2.33,16.77,0.01,11.42,44.66062,16.77,13.701389,24.531889,2.33,1.9225237,3.408426,0.01,0.009088003,0.014628437,5.011313
Finland,FIN,2016,26.58672,11.422105,0.022222223,3.09899,15.791919,3.07,15.8,0.02,11.52,44.407124,15.8,12.6396675,23.07243,3.07,2.4803948,4.4830604,0.02,0.017786404,0.029205605,1.2871335
Finland,FIN,2017,28.707514,11.833684,0.04949495,4.8434343,14.757576,4.8,14.77,0.05,11.86,46.89409,14.77,11.980607,22.002087,4.8,3.9320335,7.150306,0.05,0.040181402,0.07448235,3.6252928
Finland,FIN,2018,28.641554,12.825263,0.09090909,5.8979797,13.269697,5.84,13.3,0.09,12.91,45.927406,13.3,10.503395,19.005428,5.84,4.6684427,8.345242,0.09,0.07195746,0.12860817,3.3016832
Finland,FIN,2019,29.214561,13.2021055,0.14848484,6.085859,12.3707075,6.02,12.42,0.15,13.29,46.621822,12.42,9.961048,18.163206,6.02,4.900409,8.803744,0.15,0.11956185,0.21936241,3.9501984
Finland,FIN,2020,33.16851,11.497894,0.22121212,8.018182,15.827272,7.94,15.88,0.22,11.57,51.818974,15.88,13.252526,23.108265,7.94,6.713801,11.554132,0.22,0.18522577,0.3201397,3.5324442
Finland,FIN,2021,34.61129,13.605263,0.30808082,8.215152,15.70707,8.18,15.79,0.3,13.58,52.90746,15.79,12.769421,22.071568,8.18,6.678694,11.434162,0.3,0.25046134,0.41934586,3.3617778
Finland,FIN,2022,,,,,,11.19,14.02,0.3,13.99,54.63347,14.02,,19.391424,11.19,,15.477178,0.3,,0.41493776,
France,FRA,1965,10.584984,0.0,0.0,0.0,46.881092,0.0,46.881092,0.0,0.0,,46.881092,10.584984,,0.0,0.0,,0.0,0.0,,
France,FRA,1966,11.602393,0.39,0.0,0.0,52.20847,0.0,52.20847,0.0,0.39,,52.20847,11.509577,,0.0,0.0,,0.0,0.0,,
France,FRA,1967,9.537199,605,0.0,0.0,45.37766,0.0,45.37766,0.0,605,,45.37766,9.401877,,0.0,0.0,,0.0,0.0,,
France,FRA,1968,10.09288,926,0.0,0.0,50.42261,0.0,50.42261,0.0,926,,50.42261,9.896674,,0.0,0.0,,0.0,0.0,,
France,FRA,1969,9.634168,1067,0.0,0.0,52.94209,0.0,52.94209,0.0,1067,,52.94209,9.429019,,0.0,0.0,,0.0,0.0,,
France,FRA,1970,9.537436,1.3702458,0.0,0.0,56.681484,0.0,56.681484,0.0,1.3702458,,56.681484,9.294863,,0.0,0.0,,0.0,0.0,,
France,FRA,1971,7.9428425,1.3918225,0.0,0.0,48.856724,0.0,48.856724,0.0,1.3918225,,48.856724,7.7058578,,0.0,0.0,,0.0,0.0,,
France,FRA,1972,7.446317,1.5151953,0.0,0.0,48.831467,0.0,48.831467,0.0,1.5151953,,48.831467,7.20497,,0.0,0.0,,0.0,0.0,,
France,FRA,1973,6.7090616,1.5500864,0.0,0.0,47.696262,0.0,47.696262,0.0,1.5500864,,47.696262,6.481657,,0.0,0.0,,0.0,0.0,,
France,FRA,1974,8.01622,1.5770591,0.0,0.0,56.230286,0.0,56.230286,0.0,1.5770591,,56.230286,7.780643,,0.0,0.0,,0.0,0.0,,
France,FRA,1975,9.053055,1.4158849,0.0,0.0,60.107937,0.0,60.107937,0.0,1.4158849,,60.107937,8.828549,,0.0,0.0,,0.0,0.0,,
France,FRA,1976,6.8996778,1.3329,0.0,0.0,48.56463,0.0,48.56463,0.0,1.3329,,48.56463,6.70113,,0.0,0.0,,0.0,0.0,,
France,FRA,1977,10.595119,1.3745815,0.0,0.0,76.322975,0.0,76.322975,0.0,1.3745815,,76.322975,10.39305,,0.0,0.0,,0.0,0.0,,
France,FRA,1978,9.109527,1.4183881,0.0,0.0,68.35983,0.0,68.35983,0.0,1.4183881,,68.35983,8.909949,,0.0,0.0,,0.0,0.0,,
France,FRA,1979,8.611678,1.4840102,0.0,0.0,66.419136,0.0,66.419136,0.0,1.4840102,,66.419136,8.408854,,0.0,0.0,,0.0,0.0,,
France,FRA,1980,9.114398,1.4710236,0.0,0.0,69.52675,0.0,69.52675,0.0,1.4710236,,69.52675,8.910869,,0.0,0.0,,0.0,0.0,,
France,FRA,1981,9.551752,1.4921525,0.0,0.0,72.19517,0.0,72.19517,0.0,1.4921525,,72.19517,9.343281,,0.0,0.0,,0.0,0.0,,
France,FRA,1982,9.705157,1.52734,0.0,0.0,70.57486,0.0,70.57486,0.0,1.52734,,70.57486,9.483593,,0.0,0.0,,0.0,0.0,,
France,FRA,1983,9.325617,1.5587,0.0,0.0,69.443016,0.0,69.443016,0.0,1.5587,,69.443016,9.104992,,0.0,0.0,,0.0,0.0,,
France,FRA,1984,8.554503,1.6223,0.0,0.0,65.69011,0.0,65.69011,0.0,1.6223,,65.69011,8.332356,,0.0,0.0,,0.0,0.0,,
France,FRA,1985,7.887791,1.65215,0.0,0.0,62.453335,0.0,62.453335,0.0,1.65215,18.663372,62.453335,7.668782,18.182373,0.0,0.0,0.0,0.0,0.0,0.0,
France,FRA,1986,7.7647924,1.6628,0.0,0.0,63.010845,0.0,63.010845,0.0,1.6628,17.854536,63.010845,7.549715,17.395485,0.0,0.0,0.0,0.0,0.0,0.0,
France,FRA,1987,8.584645,1.7506,0.0,0.0,71.087555,0.0,71.087555,0.0,1.7506,19.276115,71.087555,8.362334,18.812828,0.0,0.0,0.0,0.0,0.0,0.0,
France,FRA,1988,9.174313,1.77325,0.0,0.0,77.11729,0.0,77.11729,0.0,1.77325,20.144228,77.11729,8.952092,19.691439,0.0,0.0,0.0,0.0,0.0,0.0,
France,FRA,1989,5.5997367,1.84145,0.0,0.0,46.842293,0.0,46.842293,0.0,1.84145,11.986945,46.842293,5.3717656,11.533543,0.0,0.0,0.0,0.0,0.0,0.0,
France,FRA,1990,6.222641,1913,0.0,0.000271526,53866,0.0,53.87,0.0,1.91,13.370086,53.87,5.992851,12.9122715,0.0,3.0203992e-05,0.0,0.0,0.0,0.0,0.0
France,FRA,1991,6.2665405,2102,0.0,0.000489604,57602,0.0,57.6,0.0,2.1100001,13.2212925,57.6,6.0289803,12.754086,0.0,5.1226154e-05,0.0,0.0,0.0,0.0,0.0
France,FRA,1992,7.399244,2134,0.001488,0.000489604,68956,0.0,68.96,0.0,2.1399999,15.45585,68.96,7.157376,14.990653,0.0,5.0800405e-05,0.0,0.0,0.00015444885,0.0,0.02624891
France,FRA,1993,6.9688835,1974,0.001683,0.00240218,64895,0.0,64.89,0.0,1.97,14.23583,64.89,6.734607,13.816378,0.0,0.0002495679,0.0,0.0,0.00017450257,0.0,0.2923782
France,FRA,1994,8.563506,2157,0.0018785,0.004704,78794,0.0,78.79,0.0,2.1599998,17.056469,78.79,8.27928,16.601349,0.0,0.00049452117,0.0,0.0,0.00019741362,0.0,0.94942665
France,FRA,1995,7.823903,2329,0.00204,0.0047142,73119,0.0,73.12,0.0,2.33,15.360343,73.12,7.504825,14.885994,0.0,0.00048401835,0.0,0.0,0.00020922704,0.0,1.8613815
France,FRA,1996,6.882894,2423,0.0026503,0.0074302,66044,0.01,66.04,0.0,2.42,13.447639,66.04,6.5358534,12.970383,0.01,0.00073534844,0.0019640191,0.0,0.00026215962,0.0,2.678552
France,FRA,1997,6.803889,2675,0.0034068,0.0111284,63764,0.01,63.76,0.0,2.67,13.262536,63.76,6.3971257,12.727563,0.01,0.0011164609,0.0019961675,0.0,0.0003421084,0.0,3.2066004
France,FRA,1998,6.470214,2653,0.0040885,0.0194972,62093,0.02,62.09,0.0,2.65,12.766879,62.09,6.089973,12.240513,0.02,0.0019122529,0.003942829,0.0,0.00040078338,0.0,2.9976673
France,FRA,1999,7.388863,2853,0.0045475,0.03694443,72514,0.04,72.51,0.0,2.85,14.465783,72.51,6.9885454,13.911325,0.04,0.00356052,0.0076741558,0.0,0.00043818555,0.0,3.1512532
France,FRA,2000,6.7445607,2986,0.00522325,48,66363,0.05,64.78,0.01,2.99,12.71177,64.78,6.3152604,12.140181,0.05,0.004567796,0.009370315,0.01,0.0004970359,0.001874063,3.7758656
France,FRA,2001,7.405367,3334,0.0061605,131,74268,0.13,72.62,0.01,3.33,13.996136,72.62,6.93655,13.35786,0.13,0.012235258,0.023912443,0.01,0.00057579303,0.0018394187,3.7668989
France,FRA,2002,6.175621,3537,0.00710345,265,60397,0.27,58.88,0.01,3.53,11.354416,58.88,5.6627903,10.664349,0.27,0.024846254,0.048902415,0.01,0.0006656439,0.0018112005,4.034773
France,FRA,2003,5.962182,3717,0.0077673,388,58943,0.39,57.35,0.01,3.72,10.978354,57.35,5.435075,10.242535,0.39,0.035777085,0.06965281,0.01,0.0007162672,0.0017859695,4.430088
France,FRA,2004,5.970315,3782,0.008447984,595,59555,0.59,58.04,0.01,3.78,11.005131,58.04,5.4121256,10.232903,0.59,0.054071266,0.10402157,0.01,0.0007673786,0.0017630776,4.643859
France,FRA,2005,5.365334,3872,0.01050076,962,51.48,0.96,50.14,0.01,3.8700001,9.647984,50.14,4.676072,8.798653,0.96,0.08738115,0.16846244,0.01,0.00095381454,0.001754817,7.501699
France,FRA,2006,5.969732,3841,0.01190605,2182,56303,2.18,54.88,0.01,3.8400002,10.723592,54.88,5.123061,9.661972,2.18,0.19854215,0.38380283,0.01,0.0010833412,0.0017605633,7.866113
France,FRA,2007,6.6387134,4216,18,4.07,57604,4.07,55.99,0.02,4.22,11.437008,55.99,5.30155,9.958912,4.07,0.37458006,0.7239288,0.02,0.001656621,0.0035573894,13.113837
France,FRA,2008,7.6322675,4436,42,5694,63654,5.69,62.16,0.04,4.44,12.748745,62.16,5.803908,10.956201,5.69,0.5191732,1.0029083,0.04,0.0038295197,0.007050322,24.178932
France,FRA,2009,7.70645,4578,174,7912,56994,7.91,55.49,0.17,4.58,12.877686,55.49,5.4697347,10.48544,7.91,0.7593175,1.4946806,0.17,0.016698845,0.032123353,27.055717
France,FRA,2010,8.220292,4917,0.62,9945,62714,9.94,61.2,0.62,4.92,13.624007,61.2,5.8066397,10.87362,9.94,0.92079973,1.7660749,0.62,0.057405315,0.110157594,26.374874
France,FRA,2011,7.185518,5.48,2078,12052,44791,12.37,45.74,2.33,5.58,11.6355295,45.74,4.288427,8.061332,12.37,1.1538953,2.1801198,2.33,0.19895405,0.41064504,26.244072
France,FRA,2012,9.137363,6.3471003,4016,15.107985,58.78245,15.18,59.83,4.43,5.8100004,15.033152,59.83,5.5905185,10.550539,15.18,1.4368485,2.6768708,4.43,0.38194263,0.7811948,30.628035
France,FRA,2013,10.4594345,7.80987,4735,16.054344,70.84405,16.13,71.92,5.19,6.18,17.246943,71.92,6.6261725,12.476364,16.13,1.5015919,2.7981608,5.19,0.44287318,0.90033823,28.553371
France,FRA,2014,10.459279,8.320374,5913,17.250189,62.829517,17.32,63.77,6.39,6.5499997,16.6075,63.77,6.0971355,11.263003,17.32,1.674002,3.059044,6.39,0.57381254,1.1285964,28.88099
France,FRA,2015,10.147399,8.844254,7.2631626,21.350168,54.556957,21.42,55.56,7.75,7.11,16.002232,55.56,5.2318974,9.680792,21.42,2.0474362,3.7322276,7.75,0.696522,1.3503624,30.707294
France,FRA,2016,10.975246,9.635901,8.164943,21.307964,59.923428,21.38,60.84,8.66,8.12,17.721292,60.84,5.8102303,10.890539,21.38,2.0660396,3.8270829,8.66,0.79168034,1.5501655,28.094324
France,FRA,2017,10.437264,10.333821,9.102625,24.54369,48.964455,24.61,50.0,9.59,8.43,16.657675,50.0,4.75486,8.991511,24.61,2.3833985,4.425622,9.59,0.8839415,1.724572,27.349375
France,FRA,2018,12.132495,10.550078,10.411551,28.53087,63.915768,28.6,65.11,10.92,8.99,19.731518,65.11,6.058622,11.307157,28.6,2.7044618,4.9667435,10.92,0.98691845,1.896393,31.01172
France,FRA,2019,12.384905,10.743961,11.747336,34.61536,56.027714,34.72,56.91,12.33,9.25,20.011667,56.91,5.405574,10.059748,34.72,3.3397024,6.137312,12.33,1.1333872,2.1795235,28.762793
France,FRA,2020,14.788747,10.668056,12.925406,39.74983,61.17179,39.86,62.59,13.46,9.37,23.761024,62.59,6.5299044,11.871029,39.86,4.2431736,7.559981,13.46,1.3797481,2.5528686,26.882746
France,FRA,2021,13.671011,11.1924715,14.605709,36.96734,57.966537,36.83,59.62,15.73,10.18,22.231913,59.62,5.8052735,10.832516,36.83,3.7022312,6.6917405,15.73,1.4627429,2.8580253,29.719494
France,FRA,2022,,,,,,38.46,46.18,19.98,10.6,24.542046,46.18,,9.836414,38.46,,8.192042,19.98,,4.255772,
Germany,DEU,1965,1.614503,0.0,0.0,0.0,16.21221,0.0,16.21221,0.0,0.0,,16.21221,1.614503,,0.0,0.0,,0.0,0.0,,
Germany,DEU,1966,1.7416129,0.0,0.0,0.0,17.533998,0.0,17.533998,0.0,0.0,,17.533998,1.7416129,,0.0,0.0,,0.0,0.0,,
Germany,DEU,1967,1.6582538,0.0,0.0,0.0,16.652311,0.0,16.652311,0.0,0.0,,16.652311,1.6582538,,0.0,0.0,,0.0,0.0,,
Germany,DEU,1968,1.5761398,0.0,0.0,0.0,16.89899,0.0,16.89899,0.0,0.0,,16.89899,1.5761398,,0.0,0.0,,0.0,0.0,,
Germany,DEU,1969,1.1857672,0.0,0.0,0.0,13.713478,0.0,13.713478,0.0,0.0,,13.713478,1.1857672,,0.0,0.0,,0.0,0.0,,
Germany,DEU,1970,1.5171292,0.92002016,0.0,0.0,17.533678,0.0,17.533678,0.0,0.92002016,,17.533678,1.4357978,,0.0,0.0,,0.0,0.0,,
Germany,DEU,1971,1.1796806,1.0010282,0.0,0.0,13.455188,0.0,13.455188,0.0,1.0010282,,13.455188,1.0919782,,0.0,0.0,,0.0,0.0,,
Germany,DEU,1972,1.1219959,1.0187488,0.0,0.0,13.205894,0.0,13.205894,0.0,1.0187488,,13.205894,1.0357395,,0.0,0.0,,0.0,0.0,,
Germany,DEU,1973,1.2137141,1.0531049,0.0,0.0,15.229462,0.0,15.229462,0.0,1.0531049,,15.229462,1.1294044,,0.0,0.0,,0.0,0.0,,
Germany,DEU,1974,1.4188614,1.07625,0.0,0.0,17.638132,0.0,17.638132,0.0,1.07625,,17.638132,1.3311741,,0.0,0.0,,0.0,0.0,,
Germany,DEU,1975,1.4353294,1.1247102,0.0,0.0,17.059124,0.0,17.059124,0.0,1.1247102,,17.059124,1.3399583,,0.0,0.0,,0.0,0.0,,
Germany,DEU,1976,1.1208524,1.2776853,0.0,0.0,13.846833,0.0,13.846833,0.0,1.2776853,,13.846833,1.0193156,,0.0,0.0,,0.0,0.0,,
Germany,DEU,1977,1.3967295,1.2465839,0.0,0.0,17.58216,0.0,17.58216,0.0,1.2465839,,17.58216,1.2974242,,0.0,0.0,,0.0,0.0,,
Germany,DEU,1978,1.408961,1.317466,0.0,0.0,18.362234,0.0,18.362234,0.0,1.317466,,18.362234,1.3076738,,0.0,0.0,,0.0,0.0,,
Germany,DEU,1979,1.3454018,1.4433178,0.0,0.0,18.383686,0.0,18.383686,0.0,1.4433178,,18.383686,1.2402805,,0.0,0.0,,0.0,0.0,,
Germany,DEU,1980,1.4781905,1.9662538,0.0,0.0,19.069143,0.0,19.069143,0.0,1.9662538,,19.069143,1.3301288,,0.0,0.0,,0.0,0.0,,
Germany,DEU,1981,1.5739785,1.8042376,0.0,0.0,19.914673,0.0,19.914673,0.0,1.8042376,,19.914673,1.4337504,,0.0,0.0,,0.0,0.0,,
Germany,DEU,1982,1.6178513,1.798813,0.0,0.0,19.737993,0.0,19.737993,0.0,1.798813,,19.737993,1.4729381,,0.0,0.0,,0.0,0.0,,
Germany,DEU,1983,1.4992614,1.5402381,0.0,0.0,18.712017,0.0,18.712017,0.0,1.5402381,,18.712017,1.3769088,,0.0,0.0,,0.0,0.0,,
Germany,DEU,1984,1.4371842,1.6429448,0.0,0.0,18.479174,0.0,18.479174,0.0,1.6429448,,18.479174,1.3113233,,0.0,0.0,,0.0,0.0,,
Germany,DEU,1985,1.3216147,1.6440297,0.0,0.0,17.40065,0.0,17.40065,0.0,1.6440297,3.6446776,17.40065,1.1992912,3.3300512,0.0,0.0,0.0,0.0,0.0,0.0,
Germany,DEU,1986,1.4105299,1.5955696,0.0,1,18.571981,1,18.571981,0.0,1.5955696,3.8522167,18.571981,1.2907481,3.54727,1,6.92049e-05,0.00019100118,0.0,0.0,0.0,
Germany,DEU,1987,1.5094993,1.4458493,0.0,2,20.34297,2,20.34297,0.0,1.4458493,4.0926185,20.34297,1.4018048,3.820692,2,0.00013787978,0.00037562777,0.0,0.0,0.0,
Germany,DEU,1988,1.5009333,1.6378818,0.0,8,20.079391,8,20.079391,0.0,1.6378818,3.9537015,20.079391,1.3789544,3.6541736,8,0.00054965063,0.0014558901,0.0,0.0,0.0,
Germany,DEU,1989,1.3991727,1.7492679,0.0,26,18.243729,26,18.243729,0.0,1.7492679,3.5756316,18.243729,1.2662935,3.2585475,26,0.0018046536,0.0046439106,0.0,0.0,0.0,
Germany,DEU,1990,1.33694,1435,1,71,17335,0.07,17.43,0.0,1.6,3.4929228,17.43,1.222604,3.1875205,0.07,0.00500749,0.012801288,0.0,7.022886e-05,0.0,0.0
Germany,DEU,1991,1.2709577,1511,1,0.1,15.85,0.22,14.89,0.0,1.87,3.1689155,14.89,1.1457437,2.7788663,0.22,0.007228666,0.041057795,0.0,7.1979994e-05,0.0,0.0
Germany,DEU,1992,1.5204551,1562,2,275,18635,0.29,17.4,0.0,2.04,3.6971107,17.4,1.374379,3.260503,0.29,0.020281952,0.05434172,0.0,0.00014757218,0.0,0.05167209
Germany,DEU,1993,1.5835441,1663,3,0.6,18.96,0.67,17.88,0.0,1.97,3.9273474,17.88,1.4045883,3.4220748,0.67,0.044449,0.12823212,0.0,0.00022199804,0.0,0.05167209
Germany,DEU,1994,1.7396334,1906,4,909,20195,1.43,19.93,0.01,2.07,4.4629765,19.93,1.5102125,3.7946725,1.43,0.06797639,0.27227202,0.01,0.000299262,0.0019040002,0.28933114
Germany,DEU,1995,1.8891898,2049,5,1.5,21556,1.71,21.78,0.01,2.43,4.8666506,21.78,1.6036263,4.087761,1.71,0.11159026,0.32093993,0.01,0.00037178717,0.0018768416,0.36166975
Germany,DEU,1996,1.6823945,2143,6,2032,18818,2.08,21.96,0.01,2.5,4.821224,21.96,1.3552536,3.9877245,2.08,0.14634264,0.37770796,0.01,0.00043231042,0.0018159037,0.5683348
Germany,DEU,1997,1.8035167,2297,11,2966,18952,3.03,17.36,0.02,2.65,4.2079525,17.36,1.3826368,3.1678255,3.03,0.21638356,0.5529096,0.02,0.0008025029,0.0036495684,0.9300046
Germany,DEU,1998,1.970565,2718,15,4489,19002,4.59,17.22,0.04,3.06,4.509577,17.22,1.3978573,3.117419,4.59,0.33022738,0.8309497,0.04,0.0011034524,0.0072413916,1.0333371
Germany,DEU,1999,2.2275858,2.94,19,5528,20686,5.53,19.65,0.03,3.51,5.197814,19.65,1.5432659,3.5563037,5.53,0.41241297,1.0008326,0.03,0.0014174826,0.0054294714,1.3433348
Germany,DEU,2000,2.8871117,3.4,0.0,9.5,24.9,9.35,21.73,0.06,4.33,6.1977983,21.73,1.8461816,3.7969596,9.35,0.7043665,1.6337587,0.06,0.0,0.010484012,2.583337
Germany,DEU,2001,2.9411676,5.2,0.1,10.5,23.2,10.46,22.73,0.12,4.59,6.513259,22.73,1.6775793,3.9062364,10.46,0.75924927,1.7975906,0.12,0.0072309473,0.020622455,3.6166625
Germany,DEU,2002,3.538632,6.4,0.2,15.8,23.7,15.86,23.12,0.19,5.31,7.6431365,23.12,1.7243558,3.9727814,15.86,1.1495706,2.7252731,0.19,0.014551527,0.03264829,5.6833367
Germany,DEU,2003,3.6419897,8.948651,313,19087,18.321198,19.09,18.32,0.31,8.95,7.745544,18.32,1.3248755,3.0404623,19.09,1.3802536,3.1682546,0.31,0.022634221,0.051448867,6.912907
Germany,DEU,2004,4.5165977,10.635514,557,26019,20.745722,26.02,20.75,0.56,10.64,9.498919,20.75,1.4908614,3.4000785,26.02,1.8698179,4.2636166,0.56,0.040028,0.09176116,10.579198
Germany,DEU,2005,5.2084193,14.7062,1308,27774,19638,27.77,19.64,1.28,14.71,10.335665,19.64,1.41905,3.201774,27.77,2.0069606,4.5271516,1.28,0.09451661,0.20866957,16.176365
Germany,DEU,2006,6.0263047,18.9344,2265,31324,20031,31.32,20.03,2.22,18.94,11.512996,20.03,1.4030259,3.1803243,31.32,2.1940184,4.9729285,2.22,0.15864678,0.35248727,26.60217
Germany,DEU,2007,7.6538334,24.6164,3137,40507,21.17,40.51,21.17,3.08,24.62,14.135471,21.17,1.5374829,3.3480413,40.51,2.941843,6.406667,3.08,0.22782634,0.48710284,33.02326
Germany,DEU,2008,7.8176284,28.0316,4508,41385,20443,41.38,20.44,4.42,28.04,14.88945,20.44,1.459999,3.2280478,41.38,2.9556358,6.53506,4.42,0.32195252,0.6980417,29.390696
Germany,DEU,2009,8.45428,30.9048,6715,39.42,19031,39.42,19.03,6.58,30.91,16.290285,19.03,1.4394774,3.231229,39.42,2.981672,6.693381,6.58,0.50791293,1.1172615,29.409874
Germany,DEU,2010,8.792469,33.9517,11963,38547,20953,38.55,20.95,11.73,33.949997,16.8385,20.95,1.5116826,3.353932,38.55,2.7810256,6.1715546,11.73,0.8630869,1.8778816,36.448257
Germany,DEU,2011,10.566965,36.9098,19991,49857,17671,49.86,17.67,19.6,36.91,20.496721,17.67,1.3137597,2.9198408,49.86,3.7066445,8.239007,19.6,1.4862412,3.2387595,35.813656
Germany,DEU,2012,11.899699,43.2284,26744,51.68,21755,51.68,21.75,26.38,43.23,23.056463,21.75,1.5856501,3.5058591,51.68,3.7667844,8.330244,26.38,1.9492818,4.252164,33.560238
Germany,DEU,2013,12.063335,45593,30621,52737,22998,52.74,23.0,31.01,45.59,24.136892,23.0,1.6202364,3.6441414,52.74,3.715384,8.356174,31.01,2.1572857,4.9132533,35.74399
Germany,DEU,2014,13.278847,48385,34558,58497,19587,58.5,19.59,36.06,48.39,26.21824,19.59,1.4310244,3.1599321,58.5,4.273785,9.436245,36.06,2.5248044,5.8165984,39.94682
Germany,DEU,2015,14.823544,50459,37171,80624,18977,80.62,18.98,38.73,50.460003,29.472189,18.98,1.3525369,2.962986,80.62,5.746268,12.585667,38.73,2.6492674,6.0461774,36.827896
Germany,DEU,2016,14.607312,51103,36.67,79924,20546,79.92,20.55,38.1,51.1,29.499044,20.55,1.4321636,3.1961057,79.92,5.5711207,12.429818,38.1,2.5560908,5.9256263,37.246746
Germany,DEU,2017,16.196213,51.08,37893,105693,20.15,105.69,20.15,39.4,51.079998,33.48555,20.15,1.3784059,3.1191468,105.69,7.2301664,16.360428,39.4,2.5921555,6.098977,38.017643
Germany,DEU,2018,17.084951,50972,43459,109951,17693,109.95,17.69,43.46,50.97,35.097675,17.69,1.2341868,2.7958655,109.95,7.6697044,17.377356,43.46,3.0315113,6.8687572,39.05974
Germany,DEU,2019,18.768305,50323,44383,125894,19731,125.89,19.73,44.38,50.33,40.089077,19.73,1.407511,3.2911308,125.89,8.980649,20.999517,44.38,3.1660612,7.4029593,40.795673
Germany,DEU,2020,21.122828,51092,48641,132102,18322,132.1,18.72,49.5,51.16,44.332405,18.72,1.4019129,3.3000739,132.1,10.107821,23.287382,49.5,3.7217796,8.726157,39.174717
Germany,DEU,2021,19.453121,50.9,49.0,117.7,19.1,114.65,19.66,49.34,47.15,39.64001,19.66,1.423246,3.3766146,114.65,8.770474,19.691193,49.34,3.65126,8.474169,33.663513
Germany,DEU,2022,,,,,,126.1,17.45,58.98,47.54,42.893654,17.45,,2.993139,126.1,,21.629503,58.98,,10.116638,
Greece,GRC,1965,2.9926248,0.0,0.0,0.0,801,0.0,801,0.0,0.0,,801,2.9926248,,0.0,0.0,,0.0,0.0,,
Greece,GRC,1966,5.9037366,0.0,0.0,0.0,1.73,0.0,1.73,0.0,0.0,,1.73,5.9037366,,0.0,0.0,,0.0,0.0,,
Greece,GRC,1967,5.1454077,0.0,0.0,0.0,1.66,0.0,1.66,0.0,0.0,,1.66,5.1454077,,0.0,0.0,,0.0,0.0,,
Greece,GRC,1968,4.0803204,0.0,0.0,0.0,1368,0.0,1368,0.0,0.0,,1368,4.0803204,,0.0,0.0,,0.0,0.0,,
Greece,GRC,1969,5.802621,0.0,0.0,0.0,2055,0.0,2055,0.0,0.0,,2055,5.802621,,0.0,0.0,,0.0,0.0,,
Greece,GRC,1970,6.6985598,0.0,0.0,0.0,2636,0.0,2636,0.0,0.0,,2636,6.6985598,,0.0,0.0,,0.0,0.0,,
Greece,GRC,1971,5.6566277,0.0,0.0,0.0,2652,0.0,2652,0.0,0.0,,2652,5.6566277,,0.0,0.0,,0.0,0.0,,
Greece,GRC,1972,5.0900455,0.0,0.0,0.0,2677,0.0,2677,0.0,0.0,,2677,5.0900455,,0.0,0.0,,0.0,0.0,,
Greece,GRC,1973,3.6736455,0.0,0.0,0.0,2223,0.0,2223,0.0,0.0,,2223,3.6736455,,0.0,0.0,,0.0,0.0,,
Greece,GRC,1974,3.9671507,0.0,0.0,0.0,2347,0.0,2347,0.0,0.0,,2347,3.9671507,,0.0,0.0,,0.0,0.0,,
Greece,GRC,1975,3.004863,0.0,0.0,0.0,2015,0.0,2015,0.0,0.0,,2015,3.004863,,0.0,0.0,,0.0,0.0,,
Greece,GRC,1976,2.5362146,0.0,0.0,0.0,1879,0.0,1879,0.0,0.0,,1879,2.5362146,,0.0,0.0,,0.0,0.0,,
Greece,GRC,1977,2.501576,0.0,0.0,0.0,1922,0.0,1922,0.0,0.0,,1922,2.501576,,0.0,0.0,,0.0,0.0,,
Greece,GRC,1978,3.8218632,0.0,0.0,0.0,2988,0.0,2988,0.0,0.0,,2988,3.8218632,,0.0,0.0,,0.0,0.0,,
Greece,GRC,1979,5.1934614,0.0,0.0,0.0,3566,0.0,3566,0.0,0.0,,3566,5.1934614,,0.0,0.0,,0.0,0.0,,
Greece,GRC,1980,5.006544,0.0,0.0,0.0,3405,0.0,3405,0.0,0.0,,3405,5.006544,,0.0,0.0,,0.0,0.0,,
Greece,GRC,1981,5.126492,0.0,0.0,0.0,3407,0.0,3407,0.0,0.0,,3407,5.126492,,0.0,0.0,,0.0,0.0,,
Greece,GRC,1982,5.2865105,0.0,0.0,0.0,3561,0.0,3561,0.0,0.0,,3561,5.2865105,,0.0,0.0,,0.0,0.0,,
Greece,GRC,1983,3.454517,0.0,0.0,0.0,2.34,0.0,2.34,0.0,0.0,,2.34,3.454517,,0.0,0.0,,0.0,0.0,,
Greece,GRC,1984,4.0465713,0.0,0.0,0.0,2862,0.0,2862,0.0,0.0,,2862,4.0465713,,0.0,0.0,,0.0,0.0,,
Greece,GRC,1985,3.7546213,0.0,0.0,0.0,2805,0.0,2805,0.0,0.0,10.1117525,2805,3.7546213,10.1117525,0.0,0.0,0.0,0.0,0.0,0.0,
Greece,GRC,1986,4.3210115,0.0,0.0,0.0,3235,0.0,3235,0.0,0.0,11.456599,3235,4.3210115,11.456599,0.0,0.0,0.0,0.0,0.0,0.0,
Greece,GRC,1987,3.396962,0.0,0.0,1,2.78,1,2.78,0.0,0.0,9.186707,2.78,3.3957455,9.183404,1,0.0012163091,0.0033033828,0.0,0.0,0.0,
Greece,GRC,1988,2.7383277,0.0,0.0,1,2366,1,2366,0.0,0.0,7.088099,2366,2.7371757,7.0851045,1,0.0011519709,0.00299455,0.0,0.0,0.0,
Greece,GRC,1989,2.0288122,0.0,0.0,1,1.9,1,1.9,0.0,0.0,5.5171814,1.9,2.0277495,5.514279,1,0.0010627089,0.0029022521,0.0,0.0,0.0,
Greece,GRC,1990,1.8226951,0.0,0.0,2,1769,0.0,1.77,0.0,0.0,5.089132,1.77,1.820636,5.089132,0.0,0.0020593144,0.0,0.0,0.0,0.0,
Greece,GRC,1991,3.1458604,0.0,0.0,2,3099,0.0,3.1,0.0,0.0,8.673755,3.1,3.1438305,8.673755,0.0,0.0020298546,0.0,0.0,0.0,0.0,
Greece,GRC,1992,2.2052267,1,0.0,8,2203,0.01,2.2,0.0,0.0,5.937668,2.2,2.1961708,5.9108005,0.01,0.007978826,0.026867274,0.0,0.0,0.0,
Greece,GRC,1993,2.2926176,1,0.0,47,2282,0.05,2.28,0.0,0.0,6.110674,2.28,2.2453103,5.9795437,0.05,0.04624438,0.13113034,0.0,0.0,0.0,
Greece,GRC,1994,2.5512795,1,0.0,37,2599,0.04,2.6,0.0,0.0,6.5362716,2.6,2.5144384,6.4372373,0.04,0.03579616,0.09903441,0.0,0.0,0.0,
Greece,GRC,1995,3.3267503,1,0.0,34,3529,0.03,3.53,0.0,0.0,8.619855,3.53,3.2940059,8.547215,0.03,0.031735916,0.07263923,0.0,0.0,0.0,
Greece,GRC,1996,3.991272,0.0,0.0,36,4348,0.04,4.35,0.0,0.0,10.348892,4.35,3.9584968,10.254598,0.04,0.03277506,0.09429515,0.0,0.0,0.0,
Greece,GRC,1997,3.4691076,0.0,0.0,37,3882,0.04,3.88,0.0,0.0,9.055209,3.88,3.4363554,8.962809,0.04,0.03275249,0.09240009,0.0,0.0,0.0,
Greece,GRC,1998,3.1588402,0.0,0.0,73,3717,0.07,3.72,0.0,0.0,8.205239,3.72,3.0979972,8.053692,0.07,0.06084311,0.15154795,0.0,0.0,0.0,
Greece,GRC,1999,3.964062,1,0.0,162,4592,0.16,4.59,0.0,0.0,9.6173315,4.59,3.828111,9.29338,0.16,0.13505094,0.32395223,0.0,0.0,0.0,
Greece,GRC,2000,3.2847326,0.0,0.0,451,3693,0.45,3.69,0.0,0.0,7.7499065,3.69,2.9272485,6.9075255,0.45,0.35748416,0.8423812,0.0,0.0,0.0,
Greece,GRC,2001,2.296041,79,0.0,756,2097,0.76,2.1,0.0,0.08,5.5388093,2.1,1.638332,3.956292,0.76,0.5906433,1.431801,0.0,0.0,0.0,
Greece,GRC,2002,2.7831922,126,0.0,651,2.8,0.65,2.8,0.0,0.13,6.6357737,2.8,2.1714604,5.1899905,0.65,0.5048645,1.2048192,0.0,0.0,0.0,
Greece,GRC,2003,4.297642,105,0.0,1021,4766,1.02,4.77,0.0,0.1,10.172711,4.77,3.4701064,8.238341,1.02,0.7433862,1.761658,0.0,0.0,0.0,
Greece,GRC,2004,4.291226,123,1,1121,4672,1.12,4.67,0.0,0.12,10.051021,4.67,3.380731,7.942177,1.12,0.81117284,1.9047619,0.0,0.00072543265,0.0,
Greece,GRC,2005,4.6003256,122,1,1266,5017,1.27,5.02,0.0,0.12,10.785798,5.02,3.5949855,8.446913,1.27,0.907166,2.136968,0.0,0.0007159847,0.0,
Greece,GRC,2006,5.32195,114,1,1699,5865,1.7,5.86,0.0,0.11,12.747216,5.86,4.0574136,9.739073,1.7,1.1753702,2.8253284,0.0,0.0006888663,0.0,
Greece,GRC,2007,3.1136858,184,1,1818,2591,1.82,2.59,0.0,0.18,7.319407,2.59,1.747085,4.1301227,1.82,1.2258589,2.9022484,0.0,0.00067565206,0.0,
Greece,GRC,2008,3.9871402,191,5,2242,3312,2.24,3.31,0.01,0.19,9.138589,3.31,2.2862642,5.2606487,2.24,1.5476463,3.5600765,0.01,0.003452779,0.015893199,
Greece,GRC,2009,5.8433247,218,0.05,2543,5374,2.54,5.35,0.05,0.22,13.361716,5.35,3.821972,8.760439,2.54,1.8085735,4.1591616,0.05,0.035559833,0.08187326,
Greece,GRC,2010,7.824593,0.19,158,2714,7.46,2.71,7.47,0.16,0.19,18.351341,7.47,5.5325675,13.018473,2.71,2.0127866,4.7229,0.16,0.11717769,0.2788428,
Greece,GRC,2011,6.159234,207,0.61,3315,4011,3.32,4.01,0.61,0.21,13.7692175,4.01,3.0217838,6.7747936,3.32,2.497435,5.6090555,0.61,0.45955828,1.0305796,
Greece,GRC,2012,8.102894,204,1694,3.85,4403,3.85,4.39,1.69,0.2,16.674896,4.39,3.5030727,7.2263374,3.85,3.0631,6.3374486,1.69,1.3477639,2.781893,
Greece,GRC,2013,12.095451,216,3648,4139,6346,4.14,6.35,3.65,0.22,25.140057,6.35,5.3355875,11.116947,4.14,3.479987,7.2478995,3.65,3.0671642,6.390056,
Greece,GRC,2014,10.859847,0.22,3792,3689,4476,3.69,4.48,3.79,0.22,24.190666,4.48,3.979024,8.8977165,3.69,3.2794054,7.328699,3.79,3.3709693,7.527309,
Greece,GRC,2015,13.008345,231,3.9,4621,6098,4.62,6.1,3.9,0.23,28.65136,6.1,5.326383,11.769245,4.62,4.0362773,8.913756,3.9,3.4065094,7.5245996,
Greece,GRC,2016,13.225245,274,3.93,5146,5543,5.15,5.54,3.93,0.27,27.366293,5.54,4.9049153,10.1819515,5.15,4.5536165,9.465172,3.93,3.4775965,7.222937,
Greece,GRC,2017,14.015645,0.310028,3.991477,5.536987,3.962547,5.54,3.96,3.99,0.31,25.009062,3.96,4.006211,7.176513,5.54,5.5979996,10.039869,3.99,4.0354595,7.2308807,
Greece,GRC,2018,13.455227,0.31407,3.790652,6.300259,5.743448,6.3,5.74,3.79,0.31,30.309858,5.74,4.76642,10.779343,6.3,5.228511,11.830986,3.79,3.1458173,7.117371,
Greece,GRC,2019,13.694194,0.402027,4.42851,7.266347,3.977615,7.27,4.0,4.43,0.4,33.14121,4.0,3.370822,8.233841,7.27,6.1578507,14.965006,4.43,3.7529316,9.1189785,
Greece,GRC,2020,16.707697,0.453554,4.446854,9.310104,3.30228,9.31,3.34,4.45,0.45,36.44103,3.34,3.1329842,6.935216,9.31,8.832809,19.331396,4.45,4.21888,9.240032,
Greece,GRC,2021,19.391674,0.17746587,5.1679754,10.470926,5.8237925,10.48,5.9,5.25,0.5,40.494053,5.9,5.2092843,10.795974,10.48,9.366068,19.176579,5.25,4.622667,9.606587,
Greece,GRC,2022,,,,,,10.86,4.73,6.62,0.5,43.306637,4.73,,9.019833,10.86,,20.709383,6.62,,12.623952,
Hong Kong,HKG,1965,0.0,0.0,0.0,0.0,0.0,0.0,0.0,0.0,0.0,,0.0,0.0,,0.0,0.0,,0.0,0.0,,
Hong Kong,HKG,1966,0.0,0.0,0.0,0.0,0.0,0.0,0.0,0.0,0.0,,0.0,0.0,,0.0,0.0,,0.0,0.0,,
Hong Kong,HKG,1967,0.0,0.0,0.0,0.0,0.0,0.0,0.0,0.0,0.0,,0.0,0.0,,0.0,0.0,,0.0,0.0,,
Hong Kong,HKG,1968,0.0,0.0,0.0,0.0,0.0,0.0,0.0,0.0,0.0,,0.0,0.0,,0.0,0.0,,0.0,0.0,,
Hong Kong,HKG,1969,0.0,0.0,0.0,0.0,0.0,0.0,0.0,0.0,0.0,,0.0,0.0,,0.0,0.0,,0.0,0.0,,
Hong Kong,HKG,1970,0.0,0.0,0.0,0.0,0.0,0.0,0.0,0.0,0.0,,0.0,0.0,,0.0,0.0,,0.0,0.0,,
Hong Kong,HKG,1971,0.0,0.0,0.0,0.0,0.0,0.0,0.0,0.0,0.0,,0.0,0.0,,0.0,0.0,,0.0,0.0,,
Hong Kong,HKG,1972,0.0,0.0,0.0,0.0,0.0,0.0,0.0,0.0,0.0,,0.0,0.0,,0.0,0.0,,0.0,0.0,,
Hong Kong,HKG,1973,0.0,0.0,0.0,0.0,0.0,0.0,0.0,0.0,0.0,,0.0,0.0,,0.0,0.0,,0.0,0.0,,
Hong Kong,HKG,1974,0.0,0.0,0.0,0.0,0.0,0.0,0.0,0.0,0.0,,0.0,0.0,,0.0,0.0,,0.0,0.0,,
Hong Kong,HKG,1975,0.0,0.0,0.0,0.0,0.0,0.0,0.0,0.0,0.0,,0.0,0.0,,0.0,0.0,,0.0,0.0,,
Hong Kong,HKG,1976,0.0,0.0,0.0,0.0,0.0,0.0,0.0,0.0,0.0,,0.0,0.0,,0.0,0.0,,0.0,0.0,,
Hong Kong,HKG,1977,0.0,0.0,0.0,0.0,0.0,0.0,0.0,0.0,0.0,,0.0,0.0,,0.0,0.0,,0.0,0.0,,
Hong Kong,HKG,1978,0.0,0.0,0.0,0.0,0.0,0.0,0.0,0.0,0.0,,0.0,0.0,,0.0,0.0,,0.0,0.0,,
Hong Kong,HKG,1979,0.0,0.0,0.0,0.0,0.0,0.0,0.0,0.0,0.0,,0.0,0.0,,0.0,0.0,,0.0,0.0,,
Hong Kong,HKG,1980,0.0,0.0,0.0,0.0,0.0,0.0,0.0,0.0,0.0,,0.0,0.0,,0.0,0.0,,0.0,0.0,,
Hong Kong,HKG,1981,0.0,0.0,0.0,0.0,0.0,0.0,0.0,0.0,0.0,,0.0,0.0,,0.0,0.0,,0.0,0.0,,
Hong Kong,HKG,1982,0.0,0.0,0.0,0.0,0.0,0.0,0.0,0.0,0.0,,0.0,0.0,,0.0,0.0,,0.0,0.0,,
Hong Kong,HKG,1983,0.0,0.0,0.0,0.0,0.0,0.0,0.0,0.0,0.0,,0.0,0.0,,0.0,0.0,,0.0,0.0,,
Hong Kong,HKG,1984,0.0,0.0,0.0,0.0,0.0,0.0,0.0,0.0,0.0,,0.0,0.0,,0.0,0.0,,0.0,0.0,,
Hong Kong,HKG,1985,0.0,0.0,0.0,0.0,0.0,0.0,0.0,0.0,0.0,0.0,0.0,0.0,0.0,0.0,0.0,0.0,0.0,0.0,0.0,
Hong Kong,HKG,1986,0.0,0.0,0.0,0.0,0.0,0.0,0.0,0.0,0.0,0.0,0.0,0.0,0.0,0.0,0.0,0.0,0.0,0.0,0.0,
Hong Kong,HKG,1987,0.0,0.0,0.0,0.0,0.0,0.0,0.0,0.0,0.0,0.0,0.0,0.0,0.0,0.0,0.0,0.0,0.0,0.0,0.0,
Hong Kong,HKG,1988,0.0,0.0,0.0,0.0,0.0,0.0,0.0,0.0,0.0,0.0,0.0,0.0,0.0,0.0,0.0,0.0,0.0,0.0,0.0,
Hong Kong,HKG,1989,0.0,0.0,0.0,0.0,0.0,0.0,0.0,0.0,0.0,0.0,0.0,0.0,0.0,0.0,0.0,0.0,0.0,0.0,0.0,
Hong Kong,HKG,1990,0.0,0.0,0.0,0.0,0.0,0.0,0.0,0.0,0.0,0.0,0.0,0.0,0.0,0.0,0.0,0.0,0.0,0.0,0.0,
Hong Kong,HKG,1991,0.0,0.0,0.0,0.0,0.0,0.0,0.0,0.0,0.0,0.0,0.0,0.0,0.0,0.0,0.0,0.0,0.0,0.0,0.0,
Hong Kong,HKG,1992,0.0,0.0,0.0,0.0,0.0,0.0,0.0,0.0,0.0,0.0,0.0,0.0,0.0,0.0,0.0,0.0,0.0,0.0,0.0,
Hong Kong,HKG,1993,0.0,0.0,0.0,0.0,0.0,0.0,0.0,0.0,0.0,0.0,0.0,0.0,0.0,0.0,0.0,0.0,0.0,0.0,0.0,
Hong Kong,HKG,1994,0.0,0.0,0.0,0.0,0.0,0.0,0.0,0.0,0.0,0.0,0.0,0.0,0.0,0.0,0.0,0.0,0.0,0.0,0.0,
Hong Kong,HKG,1995,0.0,0.0,0.0,0.0,0.0,0.0,0.0,0.0,0.0,0.0,0.0,0.0,0.0,0.0,0.0,0.0,0.0,0.0,0.0,
Hong Kong,HKG,1996,0.0,0.0,0.0,0.0,0.0,0.0,0.0,0.0,0.0,0.0,0.0,0.0,0.0,0.0,0.0,0.0,0.0,0.0,0.0,
Hong Kong,HKG,1997,0.0,0.0,0.0,0.0,0.0,0.0,0.0,0.0,0.0,0.0,0.0,0.0,0.0,0.0,0.0,0.0,0.0,0.0,0.0,
Hong Kong,HKG,1998,0.0,0.0,0.0,0.0,0.0,0.0,0.0,0.0,0.0,0.0,0.0,0.0,0.0,0.0,0.0,0.0,0.0,0.0,0.0,
Hong Kong,HKG,1999,0.0,0.0,0.0,0.0,0.0,0.0,0.0,0.0,0.0,0.0,0.0,0.0,0.0,0.0,0.0,0.0,0.0,0.0,0.0,
Hong Kong,HKG,2000,0.0,0.0,0.0,0.0,0.0,0.0,0.0,0.0,0.0,0.0,0.0,0.0,0.0,0.0,0.0,0.0,0.0,0.0,0.0,
Hong Kong,HKG,2001,0.0,0.0,0.0,0.0,0.0,0.0,0.0,0.0,0.0,0.0,0.0,0.0,0.0,0.0,0.0,0.0,0.0,0.0,0.0,
Hong Kong,HKG,2002,0.0,0.0,0.0,0.0,0.0,0.0,0.0,0.0,0.0,0.0,0.0,0.0,0.0,0.0,0.0,0.0,0.0,0.0,0.0,
Hong Kong,HKG,2003,0.0,0.0,0.0,0.0,0.0,0.0,0.0,0.0,0.0,0.0,0.0,0.0,0.0,0.0,0.0,0.0,0.0,0.0,0.0,
Hong Kong,HKG,2004,0.0,0.0,0.0,0.0,0.0,0.0,0.0,0.0,0.0,0.0,0.0,0.0,0.0,0.0,0.0,0.0,0.0,0.0,0.0,
Hong Kong,HKG,2005,0.0,0.0,0.0,0.0,0.0,0.0,0.0,0.0,0.0,0.0,0.0,0.0,0.0,0.0,0.0,0.0,0.0,0.0,0.0,
Hong Kong,HKG,2006,0.0006911576,0.0,0.0,0.000694,0.0,0.0,0.0,0.0,0.0,0.0,0.0,0.0,0.0,0.0,0.0006911576,0.0,0.0,0.0,0.0,
Hong Kong,HKG,2007,0.000804969,0.0,0.0,0.000865,0.0,0.0,0.0,0.0,0.0,0.0,0.0,0.0,0.0,0.0,0.000804969,0.0,0.0,0.0,0.0,
Hong Kong,HKG,2008,0.0008013578,0.0,0.0,0.000807,0.0,0.0,0.0,0.0,0.0,0.0,0.0,0.0,0.0,0.0,0.0008013578,0.0,0.0,0.0,0.0,
Hong Kong,HKG,2009,0.0009893064,0.0,0.0,0.001099,0.0,0.0,0.0,0.0,0.0,0.0,0.0,0.0,0.0,0.0,0.0009893064,0.0,0.0,0.0,0.0,
Hong Kong,HKG,2010,0.040526018,39,1,0.001041,0.0,0.0,0.0,0.0,0.0,0.0,0.0,0.0,0.0,0.0,0.0008994731,0.0,0.0,0.00086401304,0.0,
Hong Kong,HKG,2011,0.044920437,43,3,0.000868,0.0,0.0,0.0,0.0,0.0,0.0,0.0,0.0,0.0,0.0,0.00072706304,0.0,0.0,0.0025135127,0.0,
Hong Kong,HKG,2012,0.044864498,41,3,0.001053,0.0,0.0,0.0,0.0,0.0,0.0,0.0,0.0,0.0,0.0,0.0009127915,0.0,0.0,0.0025979453,0.0,
Hong Kong,HKG,2013,0.038566995,36,3,0.000836,0.0,0.0,0.0,0.0,0.0,0.0,0.0,0.0,0.0,0.0,0.0007007365,0.0,0.0,0.0025123968,0.0,
Hong Kong,HKG,2014,0.046603356,43,3,0.0009,0.0,0.0,0.0,0.0,0.0,0.0,0.0,0.0,0.0,0.0,0.00076879386,0.0,0.0,0.002565565,0.0,
Hong Kong,HKG,2015,0.059699725,57,4,0.000811,0.0,0.0,0.0,0.0,0.0,0.0,0.0,0.0,0.0,0.0,0.00066871854,0.0,0.0,0.0033010535,0.0,
Hong Kong,HKG,2016,0.06550138,65,4,0.000492,0.0,0.0,0.0,0.0,0.0,0.0,0.0,0.0,0.0,0.0,0.0003929008,0.0,0.0,0.0031912827,0.0,
Hong Kong,HKG,2017,0.06267911,0.065044,0.005605,0.001045,0.0,0.0,0.0,0.01,0.0,0.028694406,0.0,0.0,0.0,0.0,0.0007726895,0.0,0.01,0.004149343,0.028694406,
Hong Kong,HKG,2018,0.06412575,0.067185,0.006383,0.0007,0.0,0.0,0.0,0.01,0.0,0.029052878,0.0,0.0,0.0,0.0,0.00050945824,0.0,0.01,0.0046439376,0.029052878,
Hong Kong,HKG,2019,0.07460387,0.074305,0.006883,0.0007,0.0,0.0,0.0,0.02,0.0,0.05757052,0.0,0.0,0.0,0.0,0.0005350443,0.0,0.02,0.0052618063,0.05757052,
Hong Kong,HKG,2020,0.10073566,0.074305,0.007883,0.0008,0.0,0.0,0.0,0.02,0.0,0.06035003,0.0,0.0,0.0,0.0,0.00081366196,0.0,0.02,0.008018229,0.06035003,
Hong Kong,HKG,2021,0.108698964,0.07552527,0.008085128,0.000820513,0.0,0.0,0.0,0.02,0.0,0.056737587,0.0,0.0,0.0,0.0,0.0008827362,0.0,0.02,0.008701746,0.056737587,
Hungary,HUN,1965,0.11989386,0.0,0.0,0.0,75,0.0,75,0.0,0.0,,75,0.11989386,,0.0,0.0,,0.0,0.0,,
Hungary,HUN,1966,0.15773733,0.0,0.0,0.0,0.1,0.0,0.1,0.0,0.0,,0.1,0.15773733,,0.0,0.0,,0.0,0.0,,
Hungary,HUN,1967,0.13554126,0.0,0.0,0.0,82,0.0,82,0.0,0.0,,82,0.13554126,,0.0,0.0,,0.0,0.0,,
Hungary,HUN,1968,0.14179073,0.0,0.0,0.0,89,0.0,89,0.0,0.0,,89,0.14179073,,0.0,0.0,,0.0,0.0,,
Hungary,HUN,1969,0.14133148,0.0,0.0,0.0,95,0.0,95,0.0,0.0,,95,0.14133148,,0.0,0.0,,0.0,0.0,,
Hungary,HUN,1970,0.12151648,0.0,0.0,0.0,88,0.0,88,0.0,0.0,,88,0.12151648,,0.0,0.0,,0.0,0.0,,
Hungary,HUN,1971,0.128392,0.0,0.0,0.0,96,0.0,96,0.0,0.0,,96,0.128392,,0.0,0.0,,0.0,0.0,,
Hungary,HUN,1972,0.14248806,0.0,0.0,0.0,0.11,0.0,0.11,0.0,0.0,,0.11,0.14248806,,0.0,0.0,,0.0,0.0,,
Hungary,HUN,1973,0.120818384,0.0,0.0,0.0,101,0.0,101,0.0,0.0,,101,0.120818384,,0.0,0.0,,0.0,0.0,,
Hungary,HUN,1974,0.09401585,0.0,0.0,0.0,81,0.0,81,0.0,0.0,,81,0.09401585,,0.0,0.0,,0.0,0.0,,
Hungary,HUN,1975,0.17870052,0.0,0.0,0.0,163,0.0,163,0.0,0.0,,163,0.17870052,,0.0,0.0,,0.0,0.0,,
Hungary,HUN,1976,0.1693199,0.0,0.0,0.0,165,0.0,165,0.0,0.0,,165,0.1693199,,0.0,0.0,,0.0,0.0,,
Hungary,HUN,1977,0.14541946,0.0,0.0,0.0,149,0.0,149,0.0,0.0,,149,0.14541946,,0.0,0.0,,0.0,0.0,,
Hungary,HUN,1978,0.12593117,0.0,0.0,0.0,138,0.0,138,0.0,0.0,,138,0.12593117,,0.0,0.0,,0.0,0.0,,
Hungary,HUN,1979,0.13454616,0.0,0.0,0.0,146,0.0,146,0.0,0.0,,146,0.13454616,,0.0,0.0,,0.0,0.0,,
Hungary,HUN,1980,0.10290331,0.0,0.0,0.0,112,0.0,112,0.0,0.0,,112,0.10290331,,0.0,0.0,,0.0,0.0,,
Hungary,HUN,1981,0.15593338,0.0,0.0,0.0,168,0.0,168,0.0,0.0,,168,0.15593338,,0.0,0.0,,0.0,0.0,,
Hungary,HUN,1982,0.14692831,0.0,0.0,0.0,159,0.0,159,0.0,0.0,,159,0.14692831,,0.0,0.0,,0.0,0.0,,
Hungary,HUN,1983,0.1457432,0.0,0.0,0.0,155,0.0,155,0.0,0.0,,155,0.1457432,,0.0,0.0,,0.0,0.0,,
Hungary,HUN,1984,0.16569237,0.0,0.0,0.0,181,0.0,181,0.0,0.0,,181,0.16569237,,0.0,0.0,,0.0,0.0,,
Hungary,HUN,1985,0.13748026,0.0,0.0,0.0,155,0.0,155,0.0,0.0,0.5784877,155,0.13748026,0.5784877,0.0,0.0,0.0,0.0,0.0,0.0,
Hungary,HUN,1986,0.13723414,0.0,0.0,0.0,154,0.0,154,0.0,0.0,0.54913706,154,0.13723414,0.54913706,0.0,0.0,0.0,0.0,0.0,0.0,
Hungary,HUN,1987,0.14415859,0.0,0.0,0.0,169,0.0,169,0.0,0.0,0.5680863,169,0.14415859,0.5680863,0.0,0.0,0.0,0.0,0.0,0.0,
Hungary,HUN,1988,0.14756292,0.0,0.0,0.0,169,0.0,169,0.0,0.0,0.5781138,169,0.14756292,0.5781138,0.0,0.0,0.0,0.0,0.0,0.0,
Hungary,HUN,1989,0.14161773,0.0,0.0,0.0,158,0.0,158,0.0,0.0,0.533856,158,0.14161773,0.533856,0.0,0.0,0.0,0.0,0.0,0.0,
Hungary,HUN,1990,0.17966974,17,0.0,0.0,178,0.0,0.18,0.0,0.02,0.70323485,0.18,0.16287671,0.6329114,0.0,0.0,0.0,0.0,0.0,0.0,
Hungary,HUN,1991,0.21547885,24,0.0,0.0,194,0.0,0.19,0.0,0.02,0.7009346,0.19,0.19009174,0.63417894,0.0,0.0,0.0,0.0,0.0,0.0,
Hungary,HUN,1992,0.21209235,46,0.0,0.0,158,0.0,0.16,0.0,0.05,0.66287875,0.16,0.16137311,0.5050505,0.0,0.0,0.0,0.0,0.0,0.0,
Hungary,HUN,1993,0.21881689,39,0.0,0.0,166,0.0,0.17,0.0,0.04,0.6381039,0.17,0.17454694,0.5165603,0.0,0.0,0.0,0.0,0.0,0.0,
Hungary,HUN,1994,0.21855822,45,0.0,0.0,161,0.0,0.16,0.0,0.05,0.62649167,0.16,0.16789748,0.47732696,0.0,0.0,0.0,0.0,0.0,0.0,
Hungary,HUN,1995,0.23041439,56,0.0,0.0,163,0.0,0.16,0.0,0.06,0.6466784,0.16,0.16807692,0.47031158,0.0,0.0,0.0,0.0,0.0,0.0,
Hungary,HUN,1996,0.26410878,0.05,0.0,0.0,207,0.0,0.21,0.0,0.05,0.74095184,0.21,0.2094838,0.5984611,0.0,0.0,0.0,0.0,0.0,0.0,
Hungary,HUN,1997,0.28335416,53,0.0,0.0,216,0.0,0.22,0.0,0.05,0.7627119,0.22,0.22401512,0.6214689,0.0,0.0,0.0,0.0,0.0,0.0,
Hungary,HUN,1998,0.22453971,0.06,0.0,0.0,155,0.0,0.16,0.0,0.06,0.5913978,0.16,0.15836203,0.4301075,0.0,0.0,0.0,0.0,0.0,0.0,
Hungary,HUN,1999,0.2573081,65,0.0,0.0,181,0.0,0.18,0.0,0.06,0.6344171,0.18,0.18542291,0.47581282,0.0,0.0,0.0,0.0,0.0,0.0,
Hungary,HUN,2000,0.26188785,65,0.0,0.0,178,0.0,0.18,0.0,0.06,0.68201196,0.18,0.1878388,0.51150894,0.0,0.0,0.0,0.0,0.0,0.0,
Hungary,HUN,2001,0.26927036,0.07,0.0,1,186,0.0,0.19,0.0,0.07,0.7138935,0.19,0.190388,0.5216914,0.0,0.0010259105,0.0,0.0,0.0,0.0,
Hungary,HUN,2002,0.24771267,42,0.0,1,194,0.0,0.19,0.0,0.04,0.63623786,0.19,0.19945915,0.5255878,0.0,0.0010273763,0.0,0.0,0.0,0.0,
Hungary,HUN,2003,0.3591855,161,0.0,4,171,0.0,0.17,0.0,0.16,0.9668913,0.17,0.17438242,0.4980955,0.0,0.0040828544,0.0,0.0,0.0,0.0,
Hungary,HUN,2004,1.0114942,725,0.0,6,205,0.01,0.2,0.0,0.73,2.78849,0.2,0.20446754,0.59329575,0.01,0.005980216,0.029664788,0.0,0.0,0.0,
Hungary,HUN,2005,1.9106504,1658,0.0,0.01,202,0.01,0.2,0.0,1.66,5.230769,0.2,0.1873205,0.55944055,0.01,0.009273304,0.027972028,0.0,0.0,0.0,
Hungary,HUN,2006,1.5408134,1264,0.0,43,186,0.04,0.19,0.0,1.26,4.1562066,0.19,0.17400205,0.5299861,0.04,0.040226318,0.11157601,0.0,0.0,0.0,
Hungary,HUN,2007,1.9637135,1563,0.0,0.11,0.21,0.11,0.21,0.0,1.56,4.7047048,0.21,0.19782889,0.5255255,0.11,0.10362469,0.2752753,0.0,0.0,0.0,
Hungary,HUN,2008,2.4881732,1938,1,205,213,0.2,0.21,0.0,1.94,5.8720636,0.21,0.20224026,0.5247376,0.2,0.19464435,0.4997501,0.0,0.00094796316,0.0,
Hungary,HUN,2009,3.3081076,2335,1,331,228,0.33,0.23,0.0,2.33,8.047897,0.23,0.23358423,0.6404901,0.33,0.33910695,0.9189641,0.0,0.0010292038,0.0,
Hungary,HUN,2010,3.356313,2297,1,527,188,0.53,0.19,0.0,2.3,8.081349,0.19,0.1879174,0.5084292,0.53,0.5267684,1.4182498,0.0,0.0009993521,0.0,
Hungary,HUN,2011,3.0736933,1859,1,626,222,0.63,0.22,0.0,1.86,7.5235977,0.22,0.22744119,0.6107718,0.63,0.6413432,1.7490283,0.0,0.0010243905,0.0,
Hungary,HUN,2012,3.186504,1655,8,0.771181,213,0.77,0.21,0.01,1.65,7.62565,0.21,0.23252289,0.6065858,0.77,0.84186506,2.224148,0.01,0.008736822,0.028885039,
Hungary,HUN,2013,3.550579,1832,25,0.717905,213,0.72,0.21,0.02,1.83,9.190083,0.21,0.24382737,0.6942149,0.72,0.82180727,2.3801653,0.02,0.028618291,0.0661157,
Hungary,HUN,2014,4.012245,2126,67,0.65654,301,0.66,0.3,0.07,2.13,10.76661,0.3,0.34215328,1.0221466,0.66,0.74630314,2.2487223,0.07,0.0761603,0.23850085,
Hungary,HUN,2015,3.8928456,2161,141,693,234,0.69,0.23,0.14,2.16,10.63057,0.23,0.2509705,0.75932646,0.69,0.74325883,2.2779794,0.14,0.15122585,0.46219873,
Hungary,HUN,2016,3.8303542,2071,244,684,259,0.68,0.26,0.24,2.07,10.216913,0.26,0.27131152,0.81735307,0.68,0.71651375,2.1376927,0.24,0.25559852,0.7544797,
Hungary,HUN,2017,3.8641884,2155,349,758,0.22,0.76,0.22,0.35,2.15,10.60006,0.22,0.21732947,0.67011875,0.76,0.7487988,2.3149557,0.35,0.34476355,1.066098,
Hungary,HUN,2018,4.1346164,2309,629,607,222,0.61,0.22,0.63,2.31,11.807077,0.22,0.21643312,0.6890072,0.61,0.5917789,1.910429,0.63,0.61322725,1.9730661,
Hungary,HUN,2019,4.9454613,2245,1497,729,219,0.73,0.22,1.5,2.25,13.746709,0.22,0.20992695,0.643463,0.73,0.6987978,2.1351273,1.5,1.4349798,4.387248,
Hungary,HUN,2020,5.8162417,2171,2459,655,244,0.65,0.24,2.46,2.17,15.871191,0.24,0.23681465,0.6900518,0.65,0.6357116,1.8688903,2.46,2.3865876,7.073031,
Hungary,HUN,2021,6.819573,2.217125,3.793289,0.651231,0.208048,0.66,0.21,3.8,2.24,19.215796,0.21,0.19291607,0.5839822,0.66,0.60386497,1.8353727,3.8,3.5173914,10.567297,
Hungary,HUN,2022,,,,,,0.61,0.19,4.47,2.26,21.199324,0.19,,0.5349099,0.61,,1.7173424,4.47,,12.584458,
Iceland,ISL,1965,24.983986,0.0,0.0,0.0,0.6407,0.0,0.6407,0.0,0.0,,0.6407,24.983986,,0.0,0.0,,0.0,0.0,,
Iceland,ISL,1966,23.200014,0.0,0.0,0.0,0.6239,0.0,0.6239,0.0,0.0,,0.6239,23.200014,,0.0,0.0,,0.0,0.0,,
Iceland,ISL,1967,24.937162,0.0,0.0,0.0,0.6645,0.0,0.6645,0.0,0.0,,0.6645,24.937162,,0.0,0.0,,0.0,0.0,,
Iceland,ISL,1968,24.370615,0.0,0.0,0.0,0.6869,0.0,0.6869,0.0,0.0,,0.6869,24.370615,,0.0,0.0,,0.0,0.0,,
Iceland,ISL,1969,30.625391,0.001904,0.0,0.0,0.8601,0.0,0.8601,0.0,0.001904,,0.8601,30.560637,,0.0,0.0,,0.0,0.0,,
Iceland,ISL,1970,41.689293,0.012091,0.0,0.0,1.4129,0.0,1.4129,0.0,0.012091,,1.4129,41.34974,,0.0,0.0,,0.0,0.0,,
Iceland,ISL,1971,41.70726,0.012033,0.0,0.0,1.5396,0.0,1.5396,0.0,0.012033,,1.5396,41.39679,,0.0,0.0,,0.0,0.0,,
Iceland,ISL,1972,42.6058,0.021664,0.0,0.0,1.7026,0.0,1.7026,0.0,0.021664,,1.7026,42.091858,,0.0,0.0,,0.0,0.0,,
Iceland,ISL,1973,45.067017,0.0242,0.0,0.0,2181,0.0,2181,0.0,0.0242,,2181,44.592224,,0.0,0.0,,0.0,0.0,,
Iceland,ISL,1974,47.447186,0.005751,0.0,0.0,2.2582,0.0,2.2582,0.0,0.005751,,2.2582,47.33161,,0.0,0.0,,0.0,0.0,,
Iceland,ISL,1975,48.562763,0.018347,0.0,0.0,2.2056,0.0,2.2056,0.0,0.018347,,2.2056,48.17819,,0.0,0.0,,0.0,0.0,,
Iceland,ISL,1976,50.019867,0.019012,0.0,0.0,2.3495,0.0,2.3495,0.0,0.019012,,2.3495,49.634457,,0.0,0.0,,0.0,0.0,,
Iceland,ISL,1977,50.608696,0.016126,0.0,0.0,2.5197,0.0,2.5197,0.0,0.016126,,2.5197,50.29978,,0.0,0.0,,0.0,0.0,,
Iceland,ISL,1978,50.14911,0.018285,0.0,0.0,2605,0.0,2605,0.0,0.018285,,2605,49.81358,,0.0,0.0,,0.0,0.0,,
Iceland,ISL,1979,52.477844,0.04563,0.0,0.0,2.8191,0.0,2.8191,0.0,0.04563,,2.8191,51.675217,,0.0,0.0,,0.0,0.0,,
Iceland,ISL,1980,55.954315,0.044672,0.0,0.0,3.0532,0.0,3.0532,0.0,0.044672,,3.0532,55.17959,,0.0,0.0,,0.0,0.0,,
Iceland,ISL,1981,56.7724,0.123133,0.0,0.0,3.0845,0.0,3.0845,0.0,0.123133,,3.0845,54.677856,,0.0,0.0,,0.0,0.0,,
Iceland,ISL,1982,61.470432,0.158968,0.0,0.0,3.4071,0.0,3.4071,0.0,0.158968,,3.4071,58.83618,,0.0,0.0,,0.0,0.0,,
Iceland,ISL,1983,62.748474,0.171714,0.0,0.0,3.5879,0.0,3.5879,0.0,0.171714,,3.5879,59.993256,,0.0,0.0,,0.0,0.0,,
Iceland,ISL,1984,62.04727,0.173233,0.0,0.0,3.7379,0.0,3.7379,0.0,0.173233,,3.7379,59.405373,,0.0,0.0,,0.0,0.0,,
Iceland,ISL,1985,61.471844,0.171233,0.0,0.0,3.6629,0.0,3.6629,0.0,0.171233,99.914604,3.6629,58.832664,95.45241,0.0,0.0,0.0,0.0,0.0,0.0,
Iceland,ISL,1986,62.145615,0.212339,0.0,0.0,3.8418,0.0,3.8418,0.0,0.212339,99.90875,3.8418,59.01557,94.67594,0.0,0.0,0.0,0.0,0.0,0.0,
Iceland,ISL,1987,61.632626,0.234136,0.0,0.0,3914,0.0,3914,0.0,0.234136,99.90614,3914,58.28678,94.267075,0.0,0.0,0.0,0.0,0.0,0.0,
Iceland,ISL,1988,62.10895,0.245608,0.0,0.0,4164,0.0,4164,0.0,0.245608,99.85649,4164,58.781876,94.29465,0.0,0.0,0.0,0.0,0.0,0.0,
Iceland,ISL,1989,60.840477,0.257508,0.0,0.0,4.2132,0.0,4.2132,0.0,0.257508,99.89905,4.2132,57.46988,94.144966,0.0,0.0,0.0,0.0,0.0,0.0,
Iceland,ISL,1990,60.333626,0.28291,0.0,0.0,4.1537,0.0,4.2,0.0,0.3,99.77827,4.2,56.632233,93.12637,0.0,0.0,0.0,0.0,0.0,0.0,
Iceland,ISL,1991,61.54583,0.267025,0.0,0.0,4.1537,0.0,4.2,0.0,0.28,99.77729,4.2,57.969753,93.5412,0.0,0.0,0.0,0.0,0.0,0.0,
Iceland,ISL,1992,60.99951,0.229769,0.0,0.0,4.304298,0.0,4.31,0.0,0.23,99.78021,4.31,58.0271,94.72527,0.0,0.0,0.0,0.0,0.0,0.0,
Iceland,ISL,1993,61.05936,0.254272,0.0,0.0,4.460998,0.0,4.47,0.0,0.26,99.999985,4.47,57.89286,94.50317,0.0,0.0,0.0,0.0,0.0,0.0,
Iceland,ISL,1994,61.05491,0.258365,0.0,0.0,4.509295,0.0,4.51,0.0,0.26,100.000015,4.51,57.872993,94.54927,0.0,0.0,0.0,0.0,0.0,0.0,
Iceland,ISL,1995,61.592953,0.288177,0.0,0.0,4.677187,0.0,4.68,0.0,0.29,99.79919,4.68,58.154625,93.9759,0.0,0.0,0.0,0.0,0.0,0.0,
Iceland,ISL,1996,59.821136,0.34313428,0.0,0.0,4.762314,0.0,4.77,0.0,0.35,100.0,4.77,55.95253,93.16406,0.0,0.0,0.0,0.0,0.0,0.0,
Iceland,ISL,1997,62.260468,0.37307242,0.0,0.0,5.201305,0.0,5.21,0.0,0.38,100.0,5.21,58.251125,93.20214,0.0,0.0,0.0,0.0,0.0,0.0,
Iceland,ISL,1998,64.60303,0.65265805,0.0,0.0,5.615576,0.0,5.62,0.0,0.65,100.0,5.62,58.12097,89.63317,0.0,0.0,0.0,0.0,0.0,0.0,
Iceland,ISL,1999,67.37353,1.135673,0.0,0.0,6.041841,0.0,6.05,0.0,1.14,100.0,6.05,57.078148,84.144646,0.0,0.0,0.0,0.0,0.0,0.0,
Iceland,ISL,2000,67.80518,1.322663,0.0,0.0,6.350488,0.0,6.36,0.0,1.32,100.0,6.36,56.51081,82.8125,0.0,0.0,0.0,0.0,0.0,0.0,
Iceland,ISL,2001,69.64024,1.450863,0.0,0.0,6.572595,0.0,6.58,0.0,1.45,100.0,6.58,57.467228,81.94272,0.0,0.0,0.0,0.0,0.0,0.0,
Iceland,ISL,2002,69.7559,1.43042,0.0,0.0,6.970682,0.0,6.98,0.0,1.43,99.88123,6.98,58.27978,82.897865,0.0,0.0,0.0,0.0,0.0,0.0,
Iceland,ISL,2003,69.68164,1.4046782,0.0,0.0,7.0823274,0.0,7.09,0.0,1.41,99.88249,7.09,58.54016,83.31374,0.0,0.0,0.0,0.0,0.0,0.0,
Iceland,ISL,2004,68.89618,1.4823828,0.0,0.0,7.131893,0.0,7.13,0.0,1.48,100.0,7.13,57.437603,82.81069,0.0,0.0,0.0,0.0,0.0,0.0,
Iceland,ISL,2005,68.649345,1.6590298,0.0,0.0,7.015286,0.0,7.02,0.0,1.66,100.0,7.02,55.947964,80.87557,0.0,0.0,0.0,0.0,0.0,0.0,
Iceland,ISL,2006,70.91828,2.632598,0.0,0.0,7.288997,0.0,7.29,0.0,2.63,100.0,7.29,52.663685,73.4879,0.0,0.0,0.0,0.0,0.0,0.0,
Iceland,ISL,2007,74.30169,3.5806527,0.0,0.0,8.393735,0.0,8.39,0.0,3.58,100.0,8.39,52.718933,70.0919,0.0,0.0,0.0,0.0,0.0,0.0,
Iceland,ISL,2008,81.15162,4.037937,0.0,0.0,12.427433,0.0,12.43,0.0,4.04,100.0,12.43,61.86242,75.47056,0.0,0.0,0.0,0.0,0.0,0.0,
Iceland,ISL,2009,82.5026,4.5530868,0.0,0.0,12.279343,0.0,12.28,0.0,4.55,100.0,12.28,60.851116,72.96494,0.0,0.0,0.0,0.0,0.0,0.0,
Iceland,ISL,2010,83.07628,4.4653225,0.0,0.0,12.592082,0.0,12.59,0.0,4.47,100.0,12.59,61.98401,73.79836,0.0,0.0,0.0,0.0,0.0,0.0,
Iceland,ISL,2011,83.27399,4.701463,0.0,"0,007936",12.506839,0.0,12.51,0.0,4.7,100.0,12.51,61.19831,72.6903,0.0,3.882561e-05,0.0,0.0,0.0,0.0,
Iceland,ISL,2012,83.54047,5.209505,0.0,0.0,12.33653,0.0,12.34,0.0,5.21,100.0,12.34,59.45006,70.31339,0.0,0.0,0.0,0.0,0.0,0.0,
Iceland,ISL,2013,83.09186,5.244992,0.0,0.005484748,12.8628435,0.0,12.86,0.0,5.25,100.0,12.86,59.704693,71.01049,0.0,0.02545178,0.0,0.0,0.0,0.0,
Iceland,ISL,2014,82.747856,5.2383647,0.0,0.008385545,12.873015,0.01,12.87,0.0,5.24,100.0,12.87,59.482212,71.02649,0.01,0.038755458,0.055187635,0.0,0.0,0.0,
Iceland,ISL,2015,81.80247,5.002982,0.0,0.010894204,13.780769,0.01,13.78,0.0,5.0,100.0,13.78,60.632008,73.336876,0.01,0.047931813,0.053219795,0.0,0.0,0.0,
Iceland,ISL,2016,79.91398,5.06728,0.0,0.009209778,13.469596,0.01,13.47,0.0,5.07,100.0,13.47,58.687557,72.614555,0.01,0.040146478,0.05390836,0.0,0.0,0.0,
Iceland,ISL,2017,78.81927,5.1695986,0.0,0.008126884,14.0587225,0.01,14.06,0.0,5.17,100.0,14.06,58.236427,73.07693,0.01,0.033681512,0.051975053,0.0,0.0,0.0,
Iceland,ISL,2018,77.96496,6.009834,0.0,0.004363,13.812796,0.0,13.81,0.0,6.01,100.0,13.81,54.988987,69.67709,0.0,0.01738761,0.0,0.0,0.0,0.0,
Iceland,ISL,2019,80.09719,6.0181384,0.0,0.006569191,13.461466,0.01,13.46,0.0,6.02,100.0,13.46,56.032055,69.06106,0.01,0.02732681,0.051308364,0.0,0.0,0.0,
Iceland,ISL,2020,86.836586,5.9606023,0.0,0.0066603,13.156972,0.01,13.16,0.0,5.96,100.0,13.16,60.50321,68.79247,0.01,0.03064206,0.052273918,0.0,0.0,0.0,
Iceland,ISL,2021,86.874535,5.787858,0.0,0.006083361,13.824003,0.006083361,13.824003,0.0,5.787858,99.98653,13.824003,61.955643,70.45662,0.006083361,0.027261456,0.031004988,0.0,0.0,0.0,
India,IND,1965,9.149455,0.0,0.0,0.0,19.166937,0.0,19.166937,0.0,0.0,,19.166937,9.149455,,0.0,0.0,,0.0,0.0,,
India,IND,1966,9.270712,0.0,0.0,0.0,20.015463,0.0,20.015463,0.0,0.0,,20.015463,9.270712,,0.0,0.0,,0.0,0.0,,
India,IND,1967,10.058605,0.0,0.0,0.0,22.39752,0.0,22.39752,0.0,0.0,,22.39752,10.058605,,0.0,0.0,,0.0,0.0,,
India,IND,1968,10.8575325,0.0,0.0,0.0,25.849072,0.0,25.849072,0.0,0.0,,25.849072,10.8575325,,0.0,0.0,,0.0,0.0,,
India,IND,1969,10.873967,0.0,0.0,0.0,28.699583,0.0,28.699583,0.0,0.0,,28.699583,10.873967,,0.0,0.0,,0.0,0.0,,
India,IND,1970,11.78412,0.0,0.0,0.0,30.436407,0.0,30.436407,0.0,0.0,,30.436407,11.78412,,0.0,0.0,,0.0,0.0,,
India,IND,1971,12.426771,0.0,0.0,0.0,33.384148,0.0,33.384148,0.0,0.0,,33.384148,12.426771,,0.0,0.0,,0.0,0.0,,
India,IND,1972,11.463117,0.0,0.0,0.0,32.40304,0.0,32.40304,0.0,0.0,,32.40304,11.463117,,0.0,0.0,,0.0,0.0,,
India,IND,1973,11.957463,0.0,0.0,0.0,34.506676,0.0,34.506676,0.0,0.0,,34.506676,11.957463,,0.0,0.0,,0.0,0.0,,
India,IND,1974,10.860853,0.0,0.0,0.0,33.202953,0.0,33.202953,0.0,0.0,,33.202953,10.860853,,0.0,0.0,,0.0,0.0,,
India,IND,1975,12.067704,0.0,0.0,0.0,39.668533,0.0,39.668533,0.0,0.0,,39.668533,12.067704,,0.0,0.0,,0.0,0.0,,
India,IND,1976,12.036798,0.0,0.0,0.0,41.498165,0.0,41.498165,0.0,0.0,,41.498165,12.036798,,0.0,0.0,,0.0,0.0,,
India,IND,1977,12.415875,0.0,0.0,0.0,45.276752,0.0,45.276752,0.0,0.0,,45.276752,12.415875,,0.0,0.0,,0.0,0.0,,
India,IND,1978,14.818278,0.0,0.0,0.0,56.17499,0.0,56.17499,0.0,0.0,,56.17499,14.818278,,0.0,0.0,,0.0,0.0,,
India,IND,1979,13.540278,0.0,0.0,0.0,54.168587,0.0,54.168587,0.0,0.0,,54.168587,13.540278,,0.0,0.0,,0.0,0.0,,
India,IND,1980,13.453117,0.0,0.0,0.0,55.441372,0.0,55.441372,0.0,0.0,,55.441372,13.453117,,0.0,0.0,,0.0,0.0,,
India,IND,1981,12.948172,0.0,0.0,0.0,59.08296,0.0,59.08296,0.0,0.0,,59.08296,12.948172,,0.0,0.0,,0.0,0.0,,
India,IND,1982,11.035112,0.0,0.0,0.0,49.859673,0.0,49.859673,0.0,0.0,,49.859673,11.035112,,0.0,0.0,,0.0,0.0,,
India,IND,1983,10.110921,0.0,0.0,0.0,48.043297,0.0,48.043297,0.0,0.0,,48.043297,10.110921,,0.0,0.0,,0.0,0.0,,
India,IND,1984,10.576085,0.0,0.0,0.0,53.682453,0.0,53.682453,0.0,0.0,,53.682453,10.576085,,0.0,0.0,,0.0,0.0,,
India,IND,1985,9.670784,0.0,0.0,0.0,51.813046,0.0,51.813046,0.0,0.0,27.798811,51.813046,9.670784,27.798811,0.0,0.0,0.0,0.0,0.0,0.0,
India,IND,1986,9.167619,0.0,0.0,0.0,52.568764,0.0,52.568764,0.0,0.0,25.937187,52.568764,9.167619,25.937187,0.0,0.0,0.0,0.0,0.0,0.0,
India,IND,1987,8.030696,0.0,0.0,0.0,48.962532,0.0,48.962532,0.0,0.0,21.890574,48.962532,8.030696,21.890574,0.0,0.0,0.0,0.0,0.0,0.0,
India,IND,1988,8.2299185,0.0,0.0,0.0,54.614944,0.0,54.614944,0.0,0.0,22.633194,54.614944,8.2299185,22.633194,0.0,0.0,0.0,0.0,0.0,0.0,
India,IND,1989,8.742304,0.0,0.0,0.0,63.369778,0.0,63.369778,0.0,0.0,23.259535,63.369778,8.742304,23.259535,0.0,0.0,0.0,0.0,0.0,0.0,
India,IND,1990,8.542831,0.037586335,0.0,0.03030303,66.397064,0.03030303,66.397064,0.0,0.037586335,23.097132,66.397064,8.533721,23.07354,0.03030303,0.0038947186,0.0105305575,0.0,0.0,0.0,0.0
India,IND,1991,9.029864,0.09507132,0.0,0.11291,73.918884,0.11291,73.918884,0.0,0.09507132,23.131563,73.918884,9.003611,23.066664,0.11291,0.01375288,0.035233986,0.0,0.0,0.0,0.0
India,IND,1992,8.140623,0.11939189,0.0,0.08847,70.060745,0.08847,70.060745,0.0,0.11939189,20.841738,70.060745,8.115446,20.780085,0.08847,0.010247868,0.026240287,0.0,0.0,0.0,0.0
India,IND,1993,8.035937,0.25204954,0.0,0.09477,70.7325,0.09477,70.7325,0.0,0.25204954,19.625616,70.7325,7.994472,19.529856,0.09477,0.010711289,0.026166819,0.0,0.0,0.0,0.0
India,IND,1994,8.667226,0.3802853,0.0,0.19128,80.21211,0.19128,80.21211,0.0,0.3802853,20.822308,80.21211,8.602682,20.674984,0.19128,0.020514613,0.049303167,0.0,0.0,0.0,0.0
India,IND,1995,7.6867676,0.56379503,0.001010101,0.49647,75.920876,0.49647,75.920876,0.001010101,0.56379503,18.022327,75.920876,7.5763845,17.773872,0.49647,0.049544312,0.11622883,0.001010101,0.0001012447,0.00023647523,0.0
India,IND,1996,6.789633,0.75614864,0.006060606,0.87838,69.05754,0.87838,69.05754,0.006060606,0.75614864,15.95155,69.05754,6.626439,15.581385,0.87838,0.08428524,0.198188,0.006060606,0.000581402,0.0013674485,0.0
India,IND,1997,6.5708995,0.9816667,0.006060606,988,70.211006,988,70.211006,0.006060606,0.9816667,15.386589,70.211006,6.38415,14.965465,988,0.08983692,0.21059203,0.006060606,0.00055094133,0.0012918172,0.0
India,IND,1998,7.3818183,1.2925278,0.006060606,1079,83.63273,1079,83.63273,0.006060606,1.2925278,17.0291,83.63273,7.1691933,16.558365,1079,0.0924944,0.21363018,0.006060606,0.0005193994,0.0011999336,0.0
India,IND,1999,7.1245966,1.6860788,0.006060606,1446,82.24945,1446,82.24945,0.006060606,1.6860788,15.599825,82.24945,6.8519936,15.026505,1446,0.1204626,0.26417592,0.006060606,0.00050476746,0.001107238,0.0
India,IND,2000,6.3762894,1.6860788,0.007070707,1582,76.990364,1.58,76.99,0.01,1.6860788,14.048197,76.99,6.1059093,13.474159,1.58,0.12546436,0.27651867,0.01,0.000560992,0.0017501181,0.9976683
India,IND,2001,5.9925246,2.06915,0.011111111,2085,72.022964,2.09,72.02,0.01,2.06915,12.999709,72.02,5.6516166,12.288214,2.09,0.16360922,0.3566005,0.01,0.00087188854,0.0017062225,1.0292509
India,IND,2002,5.731832,2.1399007,0.013131313,2085,68.54489,2.09,68.54,0.01,2.1399007,11.938192,68.54,5.175481,11.242701,2.09,0.15742786,0.34282523,0.01,0.0009914775,0.0016403123,1.0978676
India,IND,2003,5.6240616,2.7125397,0.016161617,2.60448,69.29619,2.6,69.3,0.02,2.7125397,11.695108,69.3,5.0190716,10.859857,2.6,0.18864053,0.40744048,0.02,0.0011705704,0.0031341575,1.1321759
India,IND,2004,7.460849,3.3143632,0.018181818,5.22543,100636,5.23,100.64,0.02,3.3143632,15.63753,100.64,6.6703267,14.411731,5.23,0.3463505,0.7489403,0.02,0.0012051208,0.0028640165,0.22170524
India,IND,2005,6.8943167,4.035136,0.018181818,5991,97.42,5.99,97.42,0.02,4.035136,15.254357,97.42,6.0594563,13.827854,5.99,0.37263605,0.85022426,0.02,0.0011308938,0.002838812,0.915697
India,IND,2006,7.7062397,5587,0.0072,9.3373,112.61733,9.34,112.62,0.01,5587,17.135258,112.62,6.6074295,15.128353,9.34,0.5478336,1.2546512,0.01,0.00042270476,0.0013433096,0.82633024
India,IND,2007,7.8556447,7403,59,11.6828,122.6131,11.68,122.61,0.06,7403,17.801973,122.61,6.587422,15.398236,11.68,0.62766165,1.4668576,0.06,0.0031697927,0.007535227,1.1078415
India,IND,2008,7.2570653,9302,63,14.3782,115.16902,14.38,115.17,0.06,9302,16.768267,115.17,5.809536,13.902536,14.38,0.7252877,1.7358555,0.06,0.0031779436,0.0072427904,1.7061033
India,IND,2009,6.4735703,11642,75,16271,106.33803,16.27,106.34,0.08,11642,15.269804,106.34,4.9468575,12.088074,16.27,0.75692874,1.8494731,0.08,0.0034890072,0.009093906,1.3065449
India,IND,2010,6.583671,14295,113,19.4564,108.744095,19.46,108.74,0.11,14295,15.21222,108.74,4.814256,11.599305,19.46,0.86136264,2.0757997,0.11,0.005002669,0.011733709,2.1186633
India,IND,2011,7.501343,17137,827,23.9523,131.7046,23.95,131.7,0.83,17137,16.791103,131.7,5.462988,12.736944,23.95,0.9935197,2.3162475,0.83,0.03430321,0.08027079,3.0859625
India,IND,2012,6.727289,19936,2099,27.4326,115.776375,27.43,115.78,2.1,19936,15.135002,115.78,4.504078,10.604118,27.43,1.0672175,2.5122728,2.1,0.08165793,0.19233586,2.9523406
India,IND,2013,7.329665,22478,3433,30.0074,131.98302,30.01,131.98,3.43,22478,16.394157,131.98,4.9313393,11.515173,30.01,1.1211797,2.6183538,3.43,0.12826869,0.29926535,2.8032334
India,IND,2014,7.344336,24676,4909,33.4549,138.99629,33.45,139.0,4.91,24676,16.009254,139.0,4.827763,11.014089,33.45,1.1619902,2.6505127,4.91,0.17050447,0.3890588,3.0561516
India,IND,2015,7.1846457,30.617342,6.56638,32.74138,133.28253,32.74,133.28,6.57,30.617342,15.371873,133.28,4.469703,10082,32.74,1098,2.476626,6.57,0.22020715,0.49698934,6.019033
India,IND,2016,7.0113974,24.816965,11.55598,43.45271,128.3816,43.45,128.38,11.56,24.816965,14.854848,128.38,4.1017704,9.159336,43.45,1.3883066,3.0999622,11.56,0.36921155,0.82475406,7.3420486
India,IND,2017,7.511875,24.908186,21.54458,52.62928,135.8233,52.63,135.82,21.54,24.908186,15.966991,135.82,4.154272,9.232171,52.63,1.6097115,3.577449,21.54,0.65895945,1.4641507,6.7121634
India,IND,2018,7.9128056,27.22409,36.33131,60.31128,139.75304,60.31,139.75,36.33,27.22409,16.694954,139.75,3.9928124,8.850651,60.31,1.7231226,3.8195543,36.33,1.0380032,2.3008525,11.499806
India,IND,2019,8.849619,31.511576,46.2677,63.31423,162.06625,63.31,162.07,46.27,31.511576,18.691542,162.07,4.503677,9.99254,63.31,1.7594463,3.9034224,46.27,1.2857383,2.8528092,12.969542
India,IND,2020,9.730037,32.93788,58.683468,60.427402,163.71275,60.43,163.71,58.68,32.93788,20.205925,163.71,4.808334,10.476033,60.43,1.774786,3.8670003,58.68,1.7235659,3.7550154,14.492524
India,IND,2021,9.31085,35.473618,68.30581,68.094246,160.32544,68.09,160.33,68.31,35.473618,19.384392,160.33,4.2628875,9.355507,68.09,1.8105556,3.973158,68.31,1.8161811,3.9859955,23.029203
Indonesia,IDN,1965,6.385928,0.0,0.0,0.0,1.8252122,0.0,1.8252122,0.0,0.0,,1.8252122,6.385928,,0.0,0.0,,0.0,0.0,,
Indonesia,IDN,1966,8.364608,0.0,0.0,0.0,2.3732178,0.0,2.3732178,0.0,0.0,,2.3732178,8.364608,,0.0,0.0,,0.0,0.0,,
Indonesia,IDN,1967,9.505835,0.0,0.0,0.0,2.6648982,0.0,2.6648982,0.0,0.0,,2.6648982,9.505835,,0.0,0.0,,0.0,0.0,,
Indonesia,IDN,1968,11.010139,0.0,0.0,0.0,3.292453,0.0,3.292453,0.0,0.0,,3.292453,11.010139,,0.0,0.0,,0.0,0.0,,
Indonesia,IDN,1969,10.201886,0.0,0.0,0.0,3.4427125,0.0,3.4427125,0.0,0.0,,3.4427125,10.201886,,0.0,0.0,,0.0,0.0,,
Indonesia,IDN,1970,11.570672,0.0,0.0,0.0,4.1851716,0.0,4.1851716,0.0,0.0,,4.1851716,11.570672,,0.0,0.0,,0.0,0.0,,
Indonesia,IDN,1971,4.00115,0.0,0.0,0.0,1.3788528,0.0,1.3788528,0.0,0.0,,1.3788528,4.00115,,0.0,0.0,,0.0,0.0,,
Indonesia,IDN,1972,3.373836,0.0,0.0,0.0,1.2330126,0.0,1.2330126,0.0,0.0,,1.2330126,3.373836,,0.0,0.0,,0.0,0.0,,
Indonesia,IDN,1973,3.7743795,0.0,0.0,0.0,1.5556288,0.0,1.5556288,0.0,0.0,,1.5556288,3.7743795,,0.0,0.0,,0.0,0.0,,
Indonesia,IDN,1974,3.9022942,0.0,0.0,0.0,1.723566,0.0,1.723566,0.0,0.0,,1.723566,3.9022942,,0.0,0.0,,0.0,0.0,,
Indonesia,IDN,1975,3.3421185,0.0,0.0,0.0,1.8075346,0.0,1.8075346,0.0,0.0,,1.8075346,3.3421185,,0.0,0.0,,0.0,0.0,,
Indonesia,IDN,1976,1.86724,0.0,0.0,0.0,1.060656,0.0,1.060656,0.0,0.0,,1.060656,1.86724,,0.0,0.0,,0.0,0.0,,
Indonesia,IDN,1977,2.3478298,0.0,0.0,0.0,1.7633406,0.0,1.7633406,0.0,0.0,,1.7633406,2.3478298,,0.0,0.0,,0.0,0.0,,
Indonesia,IDN,1978,1.4906298,0.0,0.0,0.0,1.259529,0.0,1.259529,0.0,0.0,,1.259529,1.4906298,,0.0,0.0,,0.0,0.0,,
Indonesia,IDN,1979,1.4562846,0.0,0.0,0.0,1.4009498,0.0,1.4009498,0.0,0.0,,1.4009498,1.4562846,,0.0,0.0,,0.0,0.0,,
Indonesia,IDN,1980,1.22723,0.0,0.0,0.0,1.2683678,0.0,1.2683678,0.0,0.0,,1.2683678,1.22723,,0.0,0.0,,0.0,0.0,,
Indonesia,IDN,1981,1.1406815,0.0,0.0,0.0,1.2639484,0.0,1.2639484,0.0,0.0,,1.2639484,1.1406815,,0.0,0.0,,0.0,0.0,,
Indonesia,IDN,1982,1.2204516,0.0,0.0,0.0,1.3788528,0.0,1.3788528,0.0,0.0,,1.3788528,1.2204516,,0.0,0.0,,0.0,0.0,,
Indonesia,IDN,1983,1.7323705,0.0,0.0,0.0,2.0726986,0.0,2.0726986,0.0,0.0,,2.0726986,1.7323705,,0.0,0.0,,0.0,0.0,,
Indonesia,IDN,1984,1.7180939,0.0,0.0,0.0,2.2627327,0.0,2.2627327,0.0,0.0,,2.2627327,1.7180939,,0.0,0.0,,0.0,0.0,,
Indonesia,IDN,1985,1.9808587,0.0,0.0,0.0,2.7665443,0.0,2.7665443,0.0,0.0,16.90112,2.7665443,1.9808587,16.90112,0.0,0.0,0.0,0.0,0.0,0.0,
Indonesia,IDN,1986,2.9868257,0.0,0.0,0.0,4.4547553,0.0,4.4547553,0.0,0.0,24.190905,4.4547553,2.9868257,24.190905,0.0,0.0,0.0,0.0,0.0,0.0,
Indonesia,IDN,1987,2.9112306,0.0,0.0,0.0,4.5829177,0.0,4.5829177,0.0,0.0,22.11833,4.5829177,2.9112306,22.11833,0.0,0.0,0.0,0.0,0.0,0.0,
Indonesia,IDN,1988,3.028997,0.0,0.0,0.0,5.0336967,0.0,5.0336967,0.0,0.0,20.291437,5.0336967,3.028997,20.291437,0.0,0.0,0.0,0.0,0.0,0.0,
Indonesia,IDN,1989,3.4081194,0.0,0.0,0.0,6.2799673,0.0,6.2799673,0.0,0.0,22.045029,6.2799673,3.4081194,22.045029,0.0,0.0,0.0,0.0,0.0,0.0,
Indonesia,IDN,1990,3.7318633,1.12742,0.0,0.0,6.49244,0.0,6.49244,0.0,1.12742,23.010492,6.49244,3.1987255,19.605904,0.0,0.0,0.0,0.0,0.0,0.0,0.0
Indonesia,IDN,1991,3.81247,1.05146,0.0,0.0,7.40917,0.0,7.40917,0.0,1.05146,22.204845,7.40917,3.3554218,19.445297,0.0,0.0,0.0,0.0,0.0,0.0,0.0
Indonesia,IDN,1992,4.4085426,1.08574,0.0,0.0,9.64548,0.0,9.64548,0.0,1.08574,26.638683,9.64548,3.9786804,23.943491,0.0,0.0,0.0,0.0,0.0,0.0,0.0
Indonesia,IDN,1993,3.8476534,1.09197,0.0,0.0,8.89108,0.0,8.89108,0.0,1.09197,25.141514,8.89108,3.4419167,22.391476,0.0,0.0,0.0,0.0,0.0,0.0,0.0
Indonesia,IDN,1994,3.5212233,1.60391,0.0,0.0,7.98294,0.0,7.98294,0.0,1.60391,20.873459,7.98294,2.9519868,17.381264,0.0,0.0,0.0,0.0,0.0,0.0,0.0
Indonesia,IDN,1995,3.5392697,2.21253,0.0,0.0,8.29314,0.0,8.29314,0.0,2.21253,19.411617,8.29314,2.8177843,15.323464,0.0,0.0,0.0,0.0,0.0,0.0,0.0
Indonesia,IDN,1996,3.5088153,2.34287,0.0,0.0,8.82437,0.0,8.82437,0.0,2.34287,18.970043,8.82437,2.7962992,14.990158,0.0,0.0,0.0,0.0,0.0,0.0,0.0
Indonesia,IDN,1997,2.4772785,2.72838,0.0,0.0,5.86562,0.0,5.86562,0.0,2.72838,12.157131,5.86562,1.7127142,8.297546,0.0,0.0,0.0,0.0,0.0,0.0,0.0
Indonesia,IDN,1998,4.0149045,3.2865,0.0,0.0,10.3635,0.0,10.3635,0.0,3.2865,17.798302,10.3635,3.0781155,13.513018,0.0,0.0,0.0,0.0,0.0,0.0,0.0
Indonesia,IDN,1999,3.852458,3.94073,0.0,0.0,10.37978,0.0,10.37978,0.0,3.94073,17.054121,10.37978,2.8236709,12.361154,0.0,0.0,0.0,0.0,0.0,0.0,0.0
Indonesia,IDN,2000,3.7336404,4.8724,0.0,0.0,10016,0.0,10.02,0.0,9.58,19.99388,10.02,2.5453587,10.221361,0.0,0.0,0.0,0.0,0.0,0.0,0.0
Indonesia,IDN,2001,4.1123867,6.0346,0.0,0.0,11655,0.0,11.65,0.0,10.54,20.90438,11.65,2.747282,10.975035,0.0,0.0,0.0,0.0,0.0,0.0,0.0
Indonesia,IDN,2002,3.6838136,6.2433,0.0,0.0,9933,0.0,9.93,0.0,11.07,18.579138,9.93,2.264965,8.785278,0.0,0.0,0.0,0.0,0.0,0.0,0.0
Indonesia,IDN,2003,3.2210946,6.3019,0.0,0.0,9099,0.0,9.1,0.0,10.72,16.883892,9.1,1.9002644,7.7519383,0.0,0.0,0.0,0.0,0.0,0.0,0.0
Indonesia,IDN,2004,3.4259636,6.6656,0.0,0.0,9674,0.0,9.67,0.0,11.3,16.806925,9.67,2.0270176,7.750261,0.0,0.0,0.0,0.0,0.0,0.0,0.0
Indonesia,IDN,2005,3.5274262,6615,0.0,0.0,10725,0.0,10.73,0.0,11.93,17.05298,10.73,2.1702404,8.074955,0.0,0.0,0.0,0.0,0.0,0.0,0.10277778
Indonesia,IDN,2006,3.2203085,6674,0.0,0.0,9623,0.0,9.62,0.0,11.559999,15.350051,9.62,1.8953415,6.972025,0.0,0.0,0.0,0.0,0.0,0.0,0.5138889
Indonesia,IDN,2007,3.370551,7039,0.0,"0,00002",11286,0.0,11.29,0.0,13.0,16.369028,11.29,2.060172,7.6083293,0.0,3.6582212e-06,0.0,0.0,0.0,0.0,2.5254989
Indonesia,IDN,2008,3.586532,8.336595,0.0001,0.00027,11.52825,0.0,11.53,0.0,14.81,16.89653,11.53,2.0721788,7.396241,0.0,4.8507478e-05,0.0,0.0,1.794599e-05,0.0,5.1463323
Indonesia,IDN,2009,3.655174,9.326545,0.0001,0.00367,11.38385,0.0,11.38,0.0,15.41,16.451733,11.38,1.9709704,6.9884553,0.0,0.0006354606,0.0,0.0,1.7393368e-05,0.0,1.7491089
Indonesia,IDN,2010,4.326221,9.40429,0.00052,0.00364,17.45622,0.0,17.46,0.0,17.17,19.50876,17.46,2.7396622,9.836065,0.0,0.0005717315,0.0,0.0,8.167592e-05,0.0,2.2396321
Indonesia,IDN,2011,3.3885977,9.57289,0.00077,0.00469,12.4189,0.0,12.42,0.0,18.04,15.875333,12.42,1.8177232,6.473133,0.0,0.00068680063,0.0,0.0,0.000112747315,0.0,16.585945
Indonesia,IDN,2012,3.4713633,9.68067,0.00301,0.00461,12.79911,0.0,12.8,0.0,18.31,14.8894415,12.8,1.797496,6.1261606,0.0,0.000647351,0.0,0.0,0.0004225566,0.0,20.319767
Indonesia,IDN,2013,4.3306036,9.57752,0.0055,0.0001,16.92278,0.0,16.92,0.01,18.57,15.766565,16.92,2.449371,7.514656,0.0,1.447159e-05,0.0,0.01,0.0007966013,0.004441286,25.659632
Indonesia,IDN,2014,4.4786325,10.2617,0.00681,0.0,15.16129,0.0,15.16,0.01,19.240002,14.487201,15.16,2.1539967,6.3826203,0.0,0.0,0.0,0.01,0.00096727465,0.0042101718,36.324234
Indonesia,IDN,2015,3.7929575,10.518175,0.00528,0.0037,13.74053,0.0,13.74,0.01,19.810001,13.795372,13.74,1.9021369,5.648045,0.0,0.00051262334,0.0,0.01,0.0007310952,0.004110659,14.81855
Indonesia,IDN,2016,5.47902,11.24301,0.02109,0.00569,18.67689,0.01,18.68,0.02,20.869999,15.367891,18.68,2.5450175,7.252961,0.01,0.000774836,0.0038827413,0.02,0.0028738356,0.0077654826,33.429016
Indonesia,IDN,2017,5.283774,13.35233,0.02905,0.0,18.63239,0.0,18.63,0.03,24.51,16.240925,18.63,2.4153602,7.008765,0.0,0.0,0.0,0.03,0.0037658229,0.011286257,31.23455
Indonesia,IDN,2018,7.393458,26.44828,0.09027,0.18998,21.63638,0.19,21.64,0.09,26.46,17.047817,21.64,2.5147238,7.6253567,0.19,0.022080738,0.06695091,0.09,0.010491776,0.03171359,56.397747
Indonesia,IDN,2019,7.870309,26.2815,0.11828,484,21161,0.48,21.16,0.12,26.279999,16.261044,21.16,2.2959883,7.1624413,0.48,0.052514452,0.16247503,0.12,0.01283349,0.04061876,76.79713
Indonesia,IDN,2020,9.8601465,27.9305,0.17097,475,24325,0.47,24.33,0.17,27.939999,18.131039,24.33,2.8397777,8.337331,0.47,0.055453014,0.16105819,0.17,0.019959582,0.058255088,78.586044
Indonesia,IDN,2021,10.385715,30.8745,0.19262,437,24697,0.44,24.7,0.19,30.89,18.188877,24.7,2.7996864,7.9912,0.44,0.04953893,0.14235336,0.19,0.021835677,0.06147077,86.639626
Iran,IRN,1965,5.225076,0.0,0.0,0.0,1.7191466,0.0,1.7191466,0.0,0.0,,1.7191466,5.225076,,0.0,0.0,,0.0,0.0,,
Iran,IRN,1966,5.1514864,0.0,0.0,0.0,1.8473092,0.0,1.8473092,0.0,0.0,,1.8473092,5.1514864,,0.0,0.0,,0.0,0.0,,
Iran,IRN,1967,5.041223,0.0,0.0,0.0,1.98873,0.0,1.98873,0.0,0.0,,1.98873,5.041223,,0.0,0.0,,0.0,0.0,,
Iran,IRN,1968,4.931734,0.0,0.0,0.0,2.1389897,0.0,2.1389897,0.0,0.0,,2.1389897,4.931734,,0.0,0.0,,0.0,0.0,,
Iran,IRN,1969,4.8371115,0.0,0.0,0.0,2.3025074,0.0,2.3025074,0.0,0.0,,2.3025074,4.8371115,,0.0,0.0,,0.0,0.0,,
Iran,IRN,1970,4.4152985,0.0,0.0,0.0,2.4792833,0.0,2.4792833,0.0,0.0,,2.4792833,4.4152985,,0.0,0.0,,0.0,0.0,,
Iran,IRN,1971,4.3325543,0.0,0.0,0.0,2.6648982,0.0,2.6648982,0.0,0.0,,2.6648982,4.3325543,,0.0,0.0,,0.0,0.0,,
Iran,IRN,1972,5.0189476,0.0,0.0,0.0,3.5001647,0.0,3.5001647,0.0,0.0,,3.5001647,5.0189476,,0.0,0.0,,0.0,0.0,,
Iran,IRN,1973,3.5577044,0.0,0.0,0.0,2.9654174,0.0,2.9654174,0.0,0.0,,2.9654174,3.5577044,,0.0,0.0,,0.0,0.0,,
Iran,IRN,1974,3.4556205,0.0,0.0,0.0,3.2659366,0.0,3.2659366,0.0,0.0,,3.2659366,3.4556205,,0.0,0.0,,0.0,0.0,,
Iran,IRN,1975,3.1140482,0.0,0.0,0.0,3.4294543,0.0,3.4294543,0.0,0.0,,3.4294543,3.1140482,,0.0,0.0,,0.0,0.0,,
Iran,IRN,1976,3.0952492,0.0,0.0,0.0,3.8360393,0.0,3.8360393,0.0,0.0,,3.8360393,3.0952492,,0.0,0.0,,0.0,0.0,,
Iran,IRN,1977,2.8250146,0.0,0.0,0.0,3.9642017,0.0,3.9642017,0.0,0.0,,3.9642017,2.8250146,,0.0,0.0,,0.0,0.0,,
Iran,IRN,1978,4.5260034,0.0,0.0,0.0,6.209257,0.0,6.209257,0.0,0.0,,6.209257,4.5260034,,0.0,0.0,,0.0,0.0,,
Iran,IRN,1979,3.6342711,0.0,0.0,0.0,5.382829,0.0,5.382829,0.0,0.0,,5.382829,3.6342711,,0.0,0.0,,0.0,0.0,,
Iran,IRN,1980,4.064726,0.0,0.0,0.0,5.581702,0.0,5.581702,0.0,0.0,,5.581702,4.064726,,0.0,0.0,,0.0,0.0,,
Iran,IRN,1981,4.4219165,0.0,0.0,0.0,6.0943527,0.0,6.0943527,0.0,0.0,,6.0943527,4.4219165,,0.0,0.0,,0.0,0.0,,
Iran,IRN,1982,4.111237,0.0,0.0,0.0,6.3948717,0.0,6.3948717,0.0,0.0,,6.3948717,4.111237,,0.0,0.0,,0.0,0.0,,
Iran,IRN,1983,3.388465,0.0,0.0,0.0,6.25787,0.0,6.25787,0.0,0.0,,6.25787,3.388465,,0.0,0.0,,0.0,0.0,,
Iran,IRN,1984,2.9317567,0.0,0.0,0.0,5.8512855,0.0,5.8512855,0.0,0.0,,5.8512855,2.9317567,,0.0,0.0,,0.0,0.0,,
Iran,IRN,1985,2.7088304,0.0,0.0,0.0,5899,0.0,5899,0.0,0.0,15.158679,5899,2.7088304,15.158679,0.0,0.0,0.0,0.0,0.0,0.0,
Iran,IRN,1986,3.4556096,0.0,0.0,0.0,7.05,0.0,7.05,0.0,0.0,16.711704,7.05,3.4556096,16.711704,0.0,0.0,0.0,0.0,0.0,0.0,
Iran,IRN,1987,3.5734787,0.0,0.0,0.0,7816,0.0,7816,0.0,0.0,17.34499,7816,3.5734787,17.34499,0.0,0.0,0.0,0.0,0.0,0.0,
Iran,IRN,1988,3.6968005,0.0,0.0,0.0,8246,0.0,8246,0.0,0.0,17.555887,8246,3.6968005,17.555887,0.0,0.0,0.0,0.0,0.0,0.0,
Iran,IRN,1989,2.7610443,0.0,0.0,0.0,6732,0.0,6732,0.0,0.0,13.089382,6732,2.7610443,13.089382,0.0,0.0,0.0,0.0,0.0,0.0,
Iran,IRN,1990,2.6902497,0.0,0.0,0.0,7381,0.0,7381,0.0,0.0,12.8020115,7381,2.6902497,12.8020115,0.0,0.0,0.0,0.0,0.0,0.0,
Iran,IRN,1991,1.8835832,0.0,0.0,0.0,5607,0.0,5607,0.0,0.0,8.926354,5607,1.8835832,8.926354,0.0,0.0,0.0,0.0,0.0,0.0,
Iran,IRN,1992,2.7959175,0.0,0.0,0.0,9204,0.0,9204,0.0,0.0,13.700914,9204,2.7959175,13.700914,0.0,0.0,0.0,0.0,0.0,0.0,
Iran,IRN,1993,3.4577885,0.0,0.0,0.0,10533,0.0,10533,0.0,0.0,14.103046,10533,3.4577885,14.103046,0.0,0.0,0.0,0.0,0.0,0.0,
Iran,IRN,1994,2.0214617,0.0,0.0,0.0,6896,0.0,6896,0.0,0.0,8.51316,6896,2.0214617,8.51316,0.0,0.0,0.0,0.0,0.0,0.0,
Iran,IRN,1995,2.326306,0.0,0.0,0.0,8323,0.0,8323,0.0,0.0,9.866869,8323,2.326306,9.866869,0.0,0.0,0.0,0.0,0.0,0.0,
Iran,IRN,1996,2.2645998,0.0,0.0,0.0,8814,0.0,8814,0.0,0.0,9.821708,8814,2.2645998,9.821708,0.0,0.0,0.0,0.0,0.0,0.0,
Iran,IRN,1997,1.4810699,0.0,0.0,0.0,5941,0.0,5941,0.0,0.0,6.1258154,5941,1.4810699,6.1258154,0.0,0.0,0.0,0.0,0.0,0.0,
Iran,IRN,1998,1.7921339,0.0,0.0,0.0,7488,0.0,7488,0.0,0.0,7.313571,7488,1.7921339,7.313571,0.0,0.0,0.0,0.0,0.0,0.0,
Iran,IRN,1999,1.149869,0.0,0.0,35,5143,35,5143,0.0,0.0,4.70351,5143,1.1420966,4.671717,35,0.0077723935,0.03179275,0.0,0.0,0.0,
Iran,IRN,2000,0.8082891,0.0,0.0,0.0365,3781,0.04,3.78,0.0,0.0,3.2006702,3.78,0.8005609,3.1671555,0.04,0.007728231,0.033514872,0.0,0.0,0.0,
Iran,IRN,2001,0.8181908,0.0,0.0,0.0337,4122,0.03,4.12,0.0,0.0,3.2526062,4.12,0.8115558,3.2290933,0.03,0.0066349823,0.023512816,0.0,0.0,0.0,
Iran,IRN,2002,1.4433478,0.0,0.0,0.0303,8012,0.03,8.01,0.0,0.0,5.8163934,8.01,1.4379098,5.79469,0.03,0.005437919,0.02170296,0.0,0.0,0.0,
Iran,IRN,2003,1.6837654,0.0,0.0,0.0276,9588,0.03,9.59,0.0,0.0,6.3435545,9.59,1.6789324,6.323772,0.03,0.004832967,0.019782394,0.0,0.0,0.0,
Iran,IRN,2004,1.8843323,0.0,0.0,0.0463,11933,0.05,11.93,0.0,0.0,7.360531,11.93,1.8770492,7.329811,0.05,0.007282948,0.03072008,0.0,0.0,0.0,
Iran,IRN,2005,2.1426387,0.0,0.0,0.0709,14448,0.07,14.45,0.0,0.0,8.200147,14.45,2.1321757,8.160614,0.07,0.010463132,0.039532386,0.0,0.0,0.0,
Iran,IRN,2006,2.500738,0.0,0.0001,0.1253,18509,0.13,18.51,0.0,0.0,9.636561,18.51,2.4839091,9.569354,0.13,0.016815268,0.067207776,0.0,1.3363075e-05,0.0,
Iran,IRN,2007,2.2706358,0.0,0.0001,0.1409,17959,0.14,17.96,0.0,0.0,8.910989,17.96,2.2529476,8.842063,0.14,0.017675828,0.06892478,0.0,1.2570293e-05,0.0,
Iran,IRN,2008,0.92359346,0.0,0.0002,0.1958,7438,0.2,7.44,0.0,0.0,3.629626,7.44,0.89988065,3.5346096,0.2,0.023688713,0.09501639,0.0,2.4158073e-05,0.0,
Iran,IRN,2009,0.81369674,0.0017,0.0003,0.2262,6723,0.23,6.72,0.0,0.0017,3.1333122,6.72,0.78695685,3.02962,0.23,0.026477704,0.10369235,0.0,3.5161393e-05,0.0,
Iran,IRN,2010,1.1950724,0.0102,0.0007,169,10252,0.17,10.25,0.0,0.0102,4.4254923,10.25,1.1742909,4.3491178,0.17,0.0193577,0.07213171,0.0,8.0128724e-05,0.0,
Iran,IRN,2011,1.189808,22,0.0007,212,10684,0.21,10.68,0.0,22,4.6309266,10.68,1.1638643,4.5332994,0.21,0.02309427,0.08913791,0.0,7.623482e-05,0.0,
Iran,IRN,2012,1.3722979,0.0226,0.0007,283,12502,0.28,12.5,0.0,0.0226,5.1457286,12.5,1.3390926,5.0251255,0.28,0.030312205,0.11256281,0.0,7.4980686e-05,0.0,
Iran,IRN,2013,1.5257099,0.0193,0.0007,219,14624,0.22,14.62,0.0,0.0193,5.7405553,14.62,1.5008423,5.647841,0.22,0.022475686,0.08498803,0.0,7.186047e-05,0.0,
Iran,IRN,2014,1.4402106,0.0466,0.0007,0.2,14504,0.2,14.5,0.0,0.0466,5.3513765,14.5,1.4152689,5.2606754,0.2,0.019515572,0.07256104,0.0,6.8335234e-05,0.0,
Iran,IRN,2015,1.3088065,0.0163,0.0015,141,13252,0.14,13.25,0.0,0.0163,4.7851844,13.25,1.2930177,4.7280903,0.14,0.013757586,0.049957182,0.0,0.00014593406,0.0,
Iran,IRN,2016,1.446506,0.0218,5,156,15422,0.16,15.42,0.0,0.0218,5.4520674,15.42,1.4291768,5.3891587,0.16,0.014456721,0.055918638,0.0,0.00046348464,0.0,
Iran,IRN,2017,1.5620874,0.02444,0.085805,318,17232,0.32,17.23,0.09,0.02444,5.786938,17.23,1.5237875,5.6460333,0.32,0.028120033,0.10485958,0.09,0.007587544,0.029491758,
Iran,IRN,2018,0.9227302,0.02444,0.221816,0.75,9838,0.75,9.84,0.22,0.02444,3.4672642,9.84,0.837491,3.1503122,0.75,0.063846126,0.24011526,0.22,0.018882794,0.07043381,
Iran,IRN,2019,2.83683,0.010686,0.510473,722,33865,0.72,33.87,0.51,0.010686,11.010066,33.87,2.7362037,10.621217,0.72,0.05833571,0.22578317,0.51,0.04124489,0.15992975,
Iran,IRN,2020,1.9643506,0.010715277,0.636022,1126,23205,1.13,23.2,0.64,0.010715277,7.407627,23.2,1.8247666,6.8797817,1.13,0.08854502,0.3350928,0.64,0.050014723,0.18978707,
Iran,IRN,2021,1.2903937,0.010686,0.6727898,1.1306508,14.882266,1.13,14.88,0.67,0.010686,4.664096,14.88,1.1500257,4.158283,1.13,0.087370925,0.3157836,0.67,0.05198977,0.18723452,
Iraq,IRQ,1965,0.9088937,0.0,0.0,0.0,0.0707104,0.0,0.0707104,0.0,0.0,,0.0707104,0.9088937,,0.0,0.0,,0.0,0.0,,
Iraq,IRQ,1966,1.0816305,0.0,0.0,0.0,0.0928074,0.0,0.0928074,0.0,0.0,,0.0928074,1.0816305,,0.0,0.0,,0.0,0.0,,
Iraq,IRQ,1967,1.2241523,0.0,0.0,0.0,0.1060656,0.0,0.1060656,0.0,0.0,,0.1060656,1.2241523,,0.0,0.0,,0.0,0.0,,
Iraq,IRQ,1968,1.3923404,0.0,0.0,0.0,0.1281626,0.0,0.1281626,0.0,0.0,,0.1281626,1.3923404,,0.0,0.0,,0.0,0.0,,
Iraq,IRQ,1969,1.3289313,0.0,0.0,0.0,0.1414208,0.0,0.1414208,0.0,0.0,,0.1414208,1.3289313,,0.0,0.0,,0.0,0.0,,
Iraq,IRQ,1970,1.3015628,0.0,0.0,0.0,0.1723566,0.0,0.1723566,0.0,0.0,,0.1723566,1.3015628,,0.0,0.0,,0.0,0.0,,
Iraq,IRQ,1971,1.3798673,0.0,0.0,0.0,0.2,0.0,0.2,0.0,0.0,,0.2,1.3798673,,0.0,0.0,,0.0,0.0,,
Iraq,IRQ,1972,1.1780089,0.0,0.0,0.0,0.2,0.0,0.2,0.0,0.0,,0.2,1.1780089,,0.0,0.0,,0.0,0.0,,
Iraq,IRQ,1973,1.7372402,0.0,0.0,0.0,0.29,0.0,0.29,0.0,0.0,,0.29,1.7372402,,0.0,0.0,,0.0,0.0,,
Iraq,IRQ,1974,2.4466267,0.0,0.0,0.0,0.4,0.0,0.4,0.0,0.0,,0.4,2.4466267,,0.0,0.0,,0.0,0.0,,
Iraq,IRQ,1975,2.5798507,0.0,0.0,0.0,461,0.0,461,0.0,0.0,,461,2.5798507,,0.0,0.0,,0.0,0.0,,
Iraq,IRQ,1976,2.0427802,0.0,0.0,0.0,459,0.0,459,0.0,0.0,,459,2.0427802,,0.0,0.0,,0.0,0.0,,
Iraq,IRQ,1977,2.4060905,0.0,0.0,0.0,566,0.0,566,0.0,0.0,,566,2.4060905,,0.0,0.0,,0.0,0.0,,
Iraq,IRQ,1978,3.0567932,0.0,0.0,0.0,708,0.0,708,0.0,0.0,,708,3.0567932,,0.0,0.0,,0.0,0.0,,
Iraq,IRQ,1979,3.5280182,0.0,0.0,0.0,1032,0.0,1032,0.0,0.0,,1032,3.5280182,,0.0,0.0,,0.0,0.0,,
Iraq,IRQ,1980,2.0129209,0.0,0.0,0.0,0.69,0.0,0.69,0.0,0.0,,0.69,2.0129209,,0.0,0.0,,0.0,0.0,,
Iraq,IRQ,1981,1.9036806,0.0,0.0,0.0,0.61,0.0,0.61,0.0,0.0,,0.61,1.9036806,,0.0,0.0,,0.0,0.0,,
Iraq,IRQ,1982,1.8080083,0.0,0.0,0.0,0.6,0.0,0.6,0.0,0.0,,0.6,1.8080083,,0.0,0.0,,0.0,0.0,,
Iraq,IRQ,1983,1.5740337,0.0,0.0,0.0,0.6,0.0,0.6,0.0,0.0,,0.6,1.5740337,,0.0,0.0,,0.0,0.0,,
Iraq,IRQ,1984,1.4442425,0.0,0.0,0.0,0.61,0.0,0.61,0.0,0.0,,0.61,1.4442425,,0.0,0.0,,0.0,0.0,,
Iraq,IRQ,1985,1.2590632,0.0,0.0,0.0,0.61,0.0,0.61,0.0,0.0,2.9085014,0.61,1.2590632,2.9085014,0.0,0.0,0.0,0.0,0.0,0.0,
Iraq,IRQ,1986,1.0752139,0.0,0.0,0.0,0.6,0.0,0.6,0.0,0.0,2.6921525,0.6,1.0752139,2.6921525,0.0,0.0,0.0,0.0,0.0,0.0,
Iraq,IRQ,1987,3.9494467,0.0,0.0,0.0,2.6,0.0,2.6,0.0,0.0,11.550422,2.6,3.9494467,11.550422,0.0,0.0,0.0,0.0,0.0,0.0,
Iraq,IRQ,1988,3.4105723,0.0,0.0,0.0,2.6,0.0,2.6,0.0,0.0,11.0874195,2.6,3.4105723,11.0874195,0.0,0.0,0.0,0.0,0.0,0.0,
Iraq,IRQ,1989,3.0038674,0.0,0.0,0.0,2.6,0.0,2.6,0.0,0.0,10.896898,2.6,3.0038674,10.896898,0.0,0.0,0.0,0.0,0.0,0.0,
Iraq,IRQ,1990,5.7843523,0.0,0.0,0.0,4.650264,0.0,4.650264,0.0,0.0,16.389647,4.650264,5.7843523,16.389647,0.0,0.0,0.0,0.0,0.0,0.0,
Iraq,IRQ,1991,4.2872925,0.0,0.0,0.0,2.145184,0.0,2.145184,0.0,0.0,16.057545,2.145184,4.2872925,16.057545,0.0,0.0,0.0,0.0,0.0,0.0,
Iraq,IRQ,1992,6.584853,0.0,0.0,0.0,5.219066,0.0,5.219066,0.0,0.0,23.818045,5.219066,6.584853,23.818045,0.0,0.0,0.0,0.0,0.0,0.0,
Iraq,IRQ,1993,5.861052,0.0,0.0,0.0,6.161732,0.0,6.161732,0.0,0.0,22.745764,6.161732,5.861052,22.745764,0.0,0.0,0.0,0.0,0.0,0.0,
Iraq,IRQ,1994,5.2431145,0.0,0.0,0.0,6.247761,0.0,6.247761,0.0,0.0,23.432074,6.247761,5.2431145,23.432074,0.0,0.0,0.0,0.0,0.0,0.0,
Iraq,IRQ,1995,5.992914,0.0,0.0,0.0,7.119707,0.0,7.119707,0.0,0.0,26.86892,7.119707,5.992914,26.86892,0.0,0.0,0.0,0.0,0.0,0.0,
Iraq,IRQ,1996,5.454255,0.0,0.0,0.0,6.489375,0.0,6.489375,0.0,0.0,24.977062,6.489375,5.454255,24.977062,0.0,0.0,0.0,0.0,0.0,0.0,
Iraq,IRQ,1997,4.675355,0.0,0.0,0.0,6.608055,0.0,6.608055,0.0,0.0,24.755814,6.608055,4.675355,24.755814,0.0,0.0,0.0,0.0,0.0,0.0,
Iraq,IRQ,1998,5.869804,0.0,0.0,0.0,6.19756,0.0,6.19756,0.0,0.0,23.174026,6.19756,5.869804,23.174026,0.0,0.0,0.0,0.0,0.0,0.0,
Iraq,IRQ,1999,4.7001114,0.0,0.0,0.0,3.55905,0.0,3.55905,0.0,0.0,14.396939,3.55905,4.7001114,14.396939,0.0,0.0,0.0,0.0,0.0,0.0,
Iraq,IRQ,2000,2.9294536,0.0,0.0,0.0,3.196577,0.0,0.61,0.0,0.0,2.0319786,0.61,2.9294536,2.0319786,0.0,0.0,0.0,0.0,0.0,0.0,
Iraq,IRQ,2001,3.0164843,0.0,0.0,0.0,3.701006,0.0,0.61,0.0,0.0,2.0105472,0.61,3.0164843,2.0105472,0.0,0.0,0.0,0.0,0.0,0.0,
Iraq,IRQ,2002,3.8850465,0.0,0.0,0.0,4.56004,0.0,0.51,0.0,0.0,1.6012559,0.51,3.8850465,1.6012559,0.0,0.0,0.0,0.0,0.0,0.0,
Iraq,IRQ,2003,4.5359826,0.0,0.0,0.0,4.7559,0.0,0.43,0.0,0.0,1.6129032,0.43,4.5359826,1.6129032,0.0,0.0,0.0,0.0,0.0,0.0,
Iraq,IRQ,2004,5.081916,0.0,0.0,0.0,5.749923,0.0,0.49,0.0,0.0,1.6129032,0.49,5.081916,1.6129032,0.0,0.0,0.0,0.0,0.0,0.0,
Iraq,IRQ,2005,4.544925,0.0,0.0,0.0,4.893819,0.0,5.94,0.0,0.0,20.567867,5.94,4.544925,20.567867,0.0,0.0,0.0,0.0,0.0,0.0,
Iraq,IRQ,2006,4.7386,0.0,0.0,0.0,4.99076,0.0,6.04,0.0,0.0,18.810339,6.04,4.7386,18.810339,0.0,0.0,0.0,0.0,0.0,0.0,
Iraq,IRQ,2007,4.2728944,0.0,0.0,0.0,4.56631,0.0,5.68,0.0,0.0,18.01459,5.68,4.2728944,18.01459,0.0,0.0,0.0,0.0,0.0,0.0,
Iraq,IRQ,2008,2.3818684,0.0,0.0,0.0,2.932036,0.0,3.45,0.0,0.0,9.913794,3.45,2.3818684,9.913794,0.0,0.0,0.0,0.0,0.0,0.0,
Iraq,IRQ,2009,2.3280268,0.0,0.0,0.0,2.83021,0.0,3.19,0.0,0.0,7.415156,3.19,2.3280268,7.415156,0.0,0.0,0.0,0.0,0.0,0.0,
Iraq,IRQ,2010,2.637557,0.0,0.0,0.0,3.615072,0.0,4.72,0.0,0.0,10.214239,4.72,2.637557,10.214239,0.0,0.0,0.0,0.0,0.0,0.0,
Iraq,IRQ,2011,2.3962152,0.0,0.0,0.0,3.399509,0.0,3.36,0.0,0.0,6.610269,3.36,2.3962152,6.610269,0.0,0.0,0.0,0.0,0.0,0.0,
Iraq,IRQ,2012,2.8232703,0.0,0.0,0.0,4.396909,0.0,4.35,0.0,0.0,10.0046,4.35,2.8232703,10.0046,0.0,0.0,0.0,0.0,0.0,0.0,
Iraq,IRQ,2013,2676,0.0,0.0463,0.0,4.608721,0.0,4.71,0.05,0.0,8.621627,4.71,2.6493838,8.531063,0.0,0.0,0.0,0.05,0.026616184,0.090563305,
Iraq,IRQ,2014,1.7387189,0.0,0.0573,0.0,2.835202,0.0,2.9,0.06,0.0,4.632238,2.9,1.7042753,4.538341,0.0,0.0,0.0,0.06,0.034443762,0.09389671,
Iraq,IRQ,2015,1.610299,0.0,0.057305,0.0,2.546137,0.0,2.52,0.06,0.0,3.984556,2.52,1.5748544,3.891892,0.0,0.0,0.0,0.06,0.035444696,0.09266409,
Iraq,IRQ,2016,1.8365394,0.0,0.057305,0.0,3.371234,0.0,3.34,0.06,0.0,4.505698,3.34,1.8058432,4.426186,0.0,0.0,0.0,0.06,0.030696163,0.07951233,
Iraq,IRQ,2017,1.1253452,0.0,0.057305,0.0,2.176083,0.0,2.15,0.06,0.0,2.685624,2.15,1.0964707,2.6127112,0.0,0.0,0.0,0.06,0.028874483,0.07291287,
Iraq,IRQ,2018,0.9119535,0.0,0.376545,0.0,1.817702,0.0,1.8,0.38,0.0,2.6230297,1.8,0.7554572,2.1658044,0.0,0.0,0.0,0.38,0.15649629,0.45722535,
Iraq,IRQ,2019,2.2772882,0.0,0.376545,0.0,4.963264,0.0,4.96,0.38,0.0,5.987218,4.96,2.1167018,5.5611615,0.0,0.0,0.0,0.38,0.16058654,0.4260567,
Iraq,IRQ,2020,1.646885,0.0,0.37757662,0.0,3.0820708,0.0,4.92,0.38,0.0,5.776567,4.92,1.4671484,5.3623977,0.0,0.0,0.0,0.38,0.17973663,0.41416892,
Iraq,IRQ,2021,1.502491,0.0,0.376545,0.0,3.00978,0.0,4.9,0.38,0.0,5.4287477,4.9,1.3354203,5.038042,0.0,0.0,0.0,0.38,0.16707063,0.39070532,
Ireland,IRL,1965,4.1168256,0.0,0.0,0.0,0.94203,0.0,0.94203,0.0,0.0,,0.94203,4.1168256,,0.0,0.0,,0.0,0.0,,
Ireland,IRL,1966,3.3116634,0.0,0.0,0.0,0.84899,0.0,0.84899,0.0,0.0,,0.84899,3.3116634,,0.0,0.0,,0.0,0.0,,
Ireland,IRL,1967,2.8878038,0.0,0.0,0.0,0.80247,0.0,0.80247,0.0,0.0,,0.80247,2.8878038,,0.0,0.0,,0.0,0.0,,
Ireland,IRL,1968,2.3684356,0.0,0.0,0.0,0.76758,0.0,0.76758,0.0,0.0,,0.76758,2.3684356,,0.0,0.0,,0.0,0.0,,
Ireland,IRL,1969,1.788348,0.0,0.0,0.0,0.5815,0.0,0.5815,0.0,0.0,,0.5815,1.788348,,0.0,0.0,,0.0,0.0,,
Ireland,IRL,1970,3.130313,0.0,0.0,0.0,0.80247,0.0,0.80247,0.0,0.0,,0.80247,3.130313,,0.0,0.0,,0.0,0.0,,
Ireland,IRL,1971,1.7471479,0.0,0.0,0.0,0.4652,0.0,0.4652,0.0,0.0,,0.4652,1.7471479,,0.0,0.0,,0.0,0.0,,
Ireland,IRL,1972,2.440847,0.0,0.0,0.0,0.68617,0.0,0.68617,0.0,0.0,,0.68617,2.440847,,0.0,0.0,,0.0,0.0,,
Ireland,IRL,1973,2.1648736,0.0,0.0,0.0,0.63965,0.0,0.63965,0.0,0.0,,0.63965,2.1648736,,0.0,0.0,,0.0,0.0,,
Ireland,IRL,1974,2.630475,0.0,0.0,0.0,0.79084,0.0,0.79084,0.0,0.0,,0.79084,2.630475,,0.0,0.0,,0.0,0.0,,
Ireland,IRL,1975,1.8612478,0.0,0.0,0.0,0.52335,0.0,0.52335,0.0,0.0,,0.52335,1.8612478,,0.0,0.0,,0.0,0.0,,
Ireland,IRL,1976,2.0663717,0.0,0.0,0.0,0.59313,0.0,0.59313,0.0,0.0,,0.59313,2.0663717,,0.0,0.0,,0.0,0.0,,
Ireland,IRL,1977,2.432969,0.0,0.0,0.0,0.74432,0.0,0.74432,0.0,0.0,,0.74432,2.432969,,0.0,0.0,,0.0,0.0,,
Ireland,IRL,1978,2.1924868,0.0,0.0,0.0,0.6978,0.0,0.6978,0.0,0.0,,0.6978,2.1924868,,0.0,0.0,,0.0,0.0,,
Ireland,IRL,1979,2.3525975,0.0,0.0,0.0,0.82573,0.0,0.82573,0.0,0.0,,0.82573,2.3525975,,0.0,0.0,,0.0,0.0,,
Ireland,IRL,1980,2.4655998,0.0,0.0,0.0,0.83736,0.0,0.83736,0.0,0.0,,0.83736,2.4655998,,0.0,0.0,,0.0,0.0,,
Ireland,IRL,1981,2.5970182,0.0,0.0,0.0,0.86062,0.0,0.86062,0.0,0.0,,0.86062,2.5970182,,0.0,0.0,,0.0,0.0,,
Ireland,IRL,1982,2.4390516,0.0,0.0,0.0,0.80247,0.0,0.80247,0.0,0.0,,0.80247,2.4390516,,0.0,0.0,,0.0,0.0,,
Ireland,IRL,1983,2.4031906,0.0,0.0,0.0,0.77921,0.0,0.77921,0.0,0.0,,0.77921,2.4031906,,0.0,0.0,,0.0,0.0,,
Ireland,IRL,1984,2.1390052,0.0,0.0,0.0,0.68617,0.0,0.68617,0.0,0.0,,0.68617,2.1390052,,0.0,0.0,,0.0,0.0,,
Ireland,IRL,1985,2.4875605,0.0,0.0,0.0,0.83736,0.0,0.83736,0.0,0.0,6.9272003,0.83736,2.4875605,6.9272003,0.0,0.0,0.0,0.0,0.0,0.0,
Ireland,IRL,1986,2.5271845,0.0,0.0,0.0,0.91877,0.0,0.91877,0.0,0.0,7.2618556,0.91877,2.5271845,7.2618556,0.0,0.0,0.0,0.0,0.0,0.0,
Ireland,IRL,1987,1.8662728,0.0,0.0,0.0,0.68617,0.0,0.68617,0.0,0.0,5.2523727,0.68617,1.8662728,5.2523727,0.0,0.0,0.0,0.0,0.0,0.0,
Ireland,IRL,1988,2.3837883,0.0,0.0,0.0,0.87225,0.0,0.87225,0.0,0.0,6.5939674,0.87225,2.3837883,6.5939674,0.0,0.0,0.0,0.0,0.0,0.0,
Ireland,IRL,1989,1.8510284,0.0,0.0,0.0,0.6978,0.0,0.6978,0.0,0.0,5.044459,0.6978,1.8510284,5.044459,0.0,0.0,0.0,0.0,0.0,0.0,
Ireland,IRL,1990,1.7610795,0.0,0.0,0.0,697,0.0,0.7,0.0,0.0,4.919185,0.7,1.7610795,4.919185,0.0,0.0,0.0,0.0,0.0,0.0,
Ireland,IRL,1991,1.8195367,0.0,0.0,0.0,746,0.0,0.75,0.0,0.0,5.0234427,0.75,1.8195367,5.0234427,0.0,0.0,0.0,0.0,0.0,0.0,
Ireland,IRL,1992,1.9909809,0.0,0.0,0.0050009,817,0.0,0.82,0.0,0.0,5.196451,0.82,1.9788762,5.196451,0.0,0.012104753,0.0,0.0,0.0,0.0,
Ireland,IRL,1993,1.849106,0.0,0.0,0.0150027,765,0.01,0.76,0.0,0.0,4.7707562,0.76,1.8135401,4.7087984,0.01,0.035565976,0.06195787,0.0,0.0,0.0,
Ireland,IRL,1994,2.141104,0.0,0.0,0.01900342,0.92,0.02,0.92,0.0,0.0,5.585264,0.92,2.0977728,5.466429,0.02,0.043331265,0.11883541,0.0,0.0,0.0,
Ireland,IRL,1995,1.630657,0.0,0.0,0.01600288,713,0.02,0.71,0.0,0.0,4.1453714,0.71,1.5948613,4.0318,0.02,0.035795704,0.11357183,0.0,0.0,0.0,
Ireland,IRL,1996,1.6184038,0.02700486,0.0,0.01400252,722,0.01,0.72,0.0,0.03,4.0190377,0.72,1.5271244,3.8075092,0.01,0.029617144,0.05288207,0.0,0.0,0.0,
Ireland,IRL,1997,1.6524464,0.08101458,0.0,0.050009,678,0.05,0.68,0.0,0.08,4.1137633,0.68,1.3738844,3.4535296,0.05,0.10133717,0.253936,0.0,0.0,0.0,
Ireland,IRL,1998,2.2163975,0.0850153,0.0,0.16903041,916,0.17,0.92,0.0,0.09,5.6486354,0.92,1.725192,4.4040213,0.17,0.31835145,0.8137865,0.0,0.0,0.0,
Ireland,IRL,1999,2.014281,0.09101638,0.0,0.18703365,846,0.19,0.85,0.0,0.09,5.19063,0.85,1.5063176,3.9044557,0.19,0.33301657,0.87276065,0.0,0.0,0.0,
Ireland,IRL,2000,2.0416548,0.0950171,0.0,0.24404392,846,0.24,0.85,0.0,0.09,4.985213,0.85,1.4482746,3.5910435,0.24,0.41778088,1.0139416,0.0,0.0,0.0,
Ireland,IRL,2001,1.6617,0.09701746,0.0,0.33406013,596,0.33,0.6,0.0,0.1,4.180195,0.6,0.95643944,2.435065,0.33,0.5360877,1.3392857,0.0,0.0,0.0,
Ireland,IRL,2002,2.22865,0.08101458,0.0,0.38806984,912,0.39,0.91,0.0,0.08,5.5555553,0.91,1.4636495,3.663446,0.39,0.622805,1.5700483,0.0,0.0,0.0,
Ireland,IRL,2003,1.8775274,0.08601548,0.0,0.4540817,598,0.45,0.6,0.0,0.09,4.5856795,0.6,0.9790725,2.4135158,0.45,0.7434431,1.8101367,0.0,0.0,0.0,
Ireland,IRL,2004,2.256778,0.10901962,0.0,0.6551179,0.63,0.65,0.63,0.0,0.11,5.511499,0.63,1.0112981,2.4980175,0.65,1.0516181,2.5773196,0.0,0.0,0.0,
Ireland,IRL,2005,2.88465,0.13028544,0.0,1.1121101,0.63126,1.11,0.63,0.0,0.13,7.298985,0.63,0.96417946,2.4590163,1.11,1.6986245,4.3325524,0.0,0.0,0.0,
Ireland,IRL,2006,3.701902,0.12845582,0.0,1.6223332,0.724273,1.62,0.72,0.0,0.13,9.111029,0.72,1.0764716,2.6558466,1.62,2.4112394,5.9756546,0.0,0.0,0.0,
Ireland,IRL,2007,4.042659,0.17003784,0.0,1.9587231,0.666576,1.96,0.67,0.0,0.18,9.904829,0.67,0.9565103,2.3616495,1.96,2.8106904,6.908706,0.0,0.0,0.0,
Ireland,IRL,2008,5.1767683,0.2089215,0.0,2.410447,0.968323,2.41,0.97,0.0,0.22,12.032085,0.97,1.386239,3.2419786,2.41,3.4507654,8.054813,0.0,0.0,0.0,
Ireland,IRL,2009,6.4529405,0.2513545,0.000424236,2.9557493,0.901734,2.96,0.9,0.0,0.26,14.730068,0.9,1.4037465,3.2177334,2.96,4.601271,10.5827675,0.0,0.0006611644,0.0,
Ireland,IRL,2010,5.8530927,0.3150562,0.000476107,2.8151658,0.599231,2.81,0.6,0.0,0.31,13.210227,0.6,0.9285543,2.130682,2.81,4.362315,9.978693,0.0,0.0007381828,0.0,
Ireland,IRL,2011,8.820141,0.3360968,0.000542081,4.381103,0.706687,4.38,0.71,0.0,0.34,19.992636,0.71,1.1379943,2.6141384,4.38,7.054991,16.126657,0.0,0.0008723593,0.0,
Ireland,IRL,2012,8.679478,0.43932655,0.000645929,4.0112,0.802349,4.01,0.8,0.0,0.44,19.351273,0.8,1.3076242,2.9487653,4.01,6.5372334,14.780687,0.0,0.0010533693,0.0,
Ireland,IRL,2013,9.441345,0.48095158,0.000699463,4.542332,0.599497,4.54,0.6,0.0,0.49,22.01799,0.6,0.991974,2.3465,4.54,7.5160937,17.755182,0.0,0.001156916,0.0,
Ireland,IRL,2014,10.700231,0.5362493,0.000946215,5.1409864,0.708654,5.14,0.71,0.0,0.54,24.757847,0.71,1.1697345,2.750872,5.14,8.485931,19.914762,0.0,0.0015621672,0.0,
Ireland,IRL,2015,12.265226,0.47624168,0.001616621,6.5741806,0.80649,6.57,0.81,0.0,0.48,27.971529,0.81,1.2447474,2.8825622,6.57,10.146677,23.380783,0.0,0.0024994675,0.0,
Ireland,IRL,2016,11.26935,681,0.005946,6149,0.681025,6.15,0.68,0.01,0.68,24.875952,0.68,1.0034895,2.2494211,6.15,9.060544,20.344028,0.01,0.008760874,0.03307972,
Ireland,IRL,2017,13.157302,0.729833,0.011556,7.444742,0.691603,7.44,0.69,0.01,0.74,28.962818,0.69,1.0084556,2.2504892,7.44,10.855493,24.266146,0.01,0.016850302,0.032615785,
Ireland,IRL,2018,14.717063,0.848341,0.021701,8.639767,0.69409,8.64,0.69,0.02,0.85,33.00971,0.69,0.9841838,2.2330098,8.64,12.250743,27.961168,0.02,0.030770939,0.06472492,
Ireland,IRL,2019,16.911177,0.852307,0.04008,10.019485,0.88658273,10.02,0.89,0.04,0.85,38.41146,0.89,1.2516927,2.8971355,10.02,14.145679,32.61719,0.04,0.0565856,0.13020834,
Ireland,IRL,2020,20.549843,0.937376,0.06378,11.54942,0.9334007,11.55,0.93,0.06,0.92,42.10197,0.93,1.4015262,2.9089773,11.55,17.341766,36.12762,0.06,0.095767386,0.18767595,
Ireland,IRL,2021,17.581884,0.9686464,0.06360574,9.712766,0.7478114,9.78,0.75,0.09,1.0,36.772152,0.75,1.1231905,2.3734176,9.78,14.588286,30.949368,0.09,0.09553387,0.28481013,
Ireland,IRL,2022,,,,,,11.5,0.72,0.09,1.08,39.486877,0.72,,2.1232674,11.5,,33.9133,0.09,,0.26540843,
Italy,ITA,1965,14.399823,2676,0.0,0.0,42634,0.0,42634,0.0,2676,,42634,13.578179,,0.0,0.0,,0.0,0.0,,
Italy,ITA,1966,13.78976,3351,0.0,0.0,43.72,0.0,43.72,0.0,3351,,43.72,12.821482,,0.0,0.0,,0.0,0.0,,
Italy,ITA,1967,12.396455,3475,0.0,0.0,42.34,0.0,42.34,0.0,3475,,42.34,11.465374,,0.0,0.0,,0.0,0.0,,
Italy,ITA,1968,11.592197,3617,0.0,0.0,42677,0.0,42677,0.0,3617,,42677,10.694671,,0.0,0.0,,0.0,0.0,,
Italy,ITA,1969,10.465505,3812,0.0,0.0,41166,0.0,41166,0.0,3812,,41166,9.584585,,0.0,0.0,,0.0,0.0,,
Italy,ITA,1970,9.408058,4228,0.0,0.0,40373,0.0,40373,0.0,4228,,40373,8.514406,,0.0,0.0,,0.0,0.0,,
Italy,ITA,1971,8.673787,4209,0.0,0.0,39079,0.0,39079,0.0,4209,,39079,7.827654,,0.0,0.0,,0.0,0.0,,
Italy,ITA,1972,8.6231785,3807,0.0,0.0,41348,0.0,41348,0.0,3807,,41348,7.897364,,0.0,0.0,,0.0,0.0,,
Italy,ITA,1973,7.5719647,3845,0.0,0.0,37523,0.0,37523,0.0,3845,,37523,6.866788,,0.0,0.0,,0.0,0.0,,
Italy,ITA,1974,7.7026577,4245,0.0,0.0,37795,0.0,37795,0.0,4245,,37795,6.9186597,,0.0,0.0,,0.0,0.0,,
Italy,ITA,1975,8.419504,3986,0.0,0.0,41021,0.0,41021,0.0,3986,,41021,7.6705613,,0.0,0.0,,0.0,0.0,,
Italy,ITA,1976,7.6167636,3812,0.0,0.0,39176,0.0,39176,0.0,3812,,39176,6.941244,,0.0,0.0,,0.0,0.0,,
Italy,ITA,1977,9.689524,3.73,0.0,0.0,51139,0.0,51139,0.0,3.73,,51139,9.031369,,0.0,0.0,,0.0,0.0,,
Italy,ITA,1978,8.498705,3811,0.0,0.0,45491,0.0,45491,0.0,3811,,45491,7.8411274,,0.0,0.0,,0.0,0.0,,
Italy,ITA,1979,8.319645,3825,0.0,0.0,45947,0.0,45947,0.0,3825,,45947,7.6796002,,0.0,0.0,,0.0,0.0,,
Italy,ITA,1980,8.439497,3.96,0.0,0.0,45244,0.0,45244,0.0,3.96,,45244,7.761143,,0.0,0.0,,0.0,0.0,,
Italy,ITA,1981,8.140425,3469,0.0,0.0,43034,0.0,43034,0.0,3469,,43034,7.540241,,0.0,0.0,,0.0,0.0,,
Italy,ITA,1982,8.032729,3521,0.0,0.0,41461,0.0,41461,0.0,3521,,41461,7.4119062,,0.0,0.0,,0.0,0.0,,
Italy,ITA,1983,8.177463,3393,0.0,0.0,41445,0.0,41445,0.0,3393,,41445,7.5680466,,0.0,0.0,,0.0,0.0,,
Italy,ITA,1984,8.236616,3472,0.0,0.0,42401,0.0,42401,0.0,3472,,42401,7.623925,,0.0,0.0,,0.0,0.0,,
Italy,ITA,1985,7.9867015,3212,0.0,0.0,41092,0.0,41092,0.0,3212,23.852695,41092,7.418739,22.123396,0.0,0.0,0.0,0.0,0.0,0.0,
Italy,ITA,1986,7.8285484,3501,0.0,0.0,41096,0.0,41096,0.0,3501,23.187752,41096,7.2224984,21.367441,0.0,0.0,0.0,0.0,0.0,0.0,
Italy,ITA,1987,7.361894,3693,0.0,0.0,39505,0.0,39505,0.0,3693,21.451843,39505,6.742578,19.617922,0.0,0.0,0.0,0.0,0.0,0.0,
Italy,ITA,1988,7.3950276,3787,0.0,0.0,40676,0.0,40676,0.0,3787,21.84259,40676,6.7756095,19.982216,0.0,0.0,0.0,0.0,0.0,0.0,
Italy,ITA,1989,6.0182905,3197,0.002020202,2,34057,2,34057,0.002020202,3197,17.678774,34057,5.519619,16.159904,2,0.0003242874,0.0009489917,0.002020202,0.00032733235,0.0009585775,
Italy,ITA,1990,5.5439982,3271,4,0.001919192,31626,0.0,31.63,0.0,3.27,16.373446,31.63,5.0416975,14.839315,0.0,0.00030549947,0.0,0.0,0.0006379548,0.0,0.0
Italy,ITA,1991,7.020092,3292,5,0.002878788,42239,0.0,42.24,0.0,3.29,20.84421,42.24,6.528574,19.338003,0.0,0.00044429753,0.0,0.0,0.0007724388,0.0,0.0
Italy,ITA,1992,7.082339,3556,9,0.001919192,42.2,0.0,42.2,0.01,3.56,20.582811,42.2,6.54926,18.97738,0.0,0.00029741146,0.0,0.01,0.0013966676,0.00449701,0.0
Italy,ITA,1993,7.1479244,3783,11,0.003838384,41425,0.0,41.42,0.01,3.79,20.611694,41.42,6.567815,18.879622,0.0,0.0006091573,0.0,0.01,0.0017440219,0.004558093,0.0
Italy,ITA,1994,7.6455245,3564,11,0.006717172,44658,0.01,44.66,0.01,3.5700002,21.120598,44.66,7.0964465,19.549135,0.01,0.001067322,0.0043773255,0.01,0.0017479748,0.0043773255,0.0
Italy,ITA,1995,6.312266,3654,13,0.008636364,37782,0.01,37.78,0.01,3.66,17.493671,37.78,5.769528,15.940928,0.01,0.0013183131,0.004219409,0.01,0.001985173,0.004219409,0.0
Italy,ITA,1996,7.0418596,4139,14,0.031666666,42037,0.03,42.04,0.01,4.14,19.334867,42.04,6.421277,17.586279,0.03,0.004837181,0.012549676,0.01,0.002138538,0.0041832253,0.0
Italy,ITA,1997,6.921144,4.47,15,118,41603,0.12,41.6,0.01,4.46,18.790936,41.6,6.24692,16.923641,0.12,0.01771835,0.048818193,0.01,0.002252327,0.004068183,0.0
Italy,ITA,1998,6.8061547,5009,16,232,41.22,0.23,41.22,0.02,5.01,18.376627,41.22,6.050245,16.296999,0.23,0.034052804,0.090934254,0.02,0.0023484754,0.007907326,0.0
Italy,ITA,1999,7.3128424,5.53,17,403,45365,0.4,45.37,0.02,5.53,19.84532,45.37,6.4760513,17.54447,0.4,0.05753001,0.15467903,0.02,0.0024268276,0.007733952,0.0
Italy,ITA,2000,7.1556435,6099,18,563,44.2,0.56,44.2,0.02,6.0899997,18.900242,44.2,6.225878,16.42207,0.56,0.079302475,0.20806243,0.02,0.0025354265,0.0074308007,0.0
Italy,ITA,2001,7.6085052,6338,19,1179,46811,1.18,46.81,0.02,6.34,20.049433,46.81,6.556299,17.267965,1.18,0.1651295,0.43529585,0.02,0.0026611239,0.007377896,0.0
Italy,ITA,2002,6.7783766,7372,21,1404,39519,1.4,39.52,0.02,7.37,17.455557,39.52,5.5367227,14.27952,1.4,0.19670434,0.5058534,0.02,0.0029421605,0.0072264774,0.0
Italy,ITA,2003,6.33908,8714,24,1458,36.67,1.46,36.67,0.02,8.71,16.420212,36.67,4.9468937,12.849533,1.46,0.19668859,0.5115986,0.02,0.0032376759,0.0070081996,0.0
Italy,ITA,2004,7.220357,9657,29,1847,42338,1.85,42.34,0.03,9.66,18.274939,42.34,5.551867,14.360819,1.85,0.24220084,0.62748027,0.03,0.0038028224,0.010175356,2.9394476
Italy,ITA,2005,6.4335437,9998,31,2343,36067,2.34,36.07,0.03,9.99,16.376978,36.07,4.6937737,12.197349,2.34,0.30491894,0.79128903,0.03,0.0040343525,0.010144731,2.055556
Italy,ITA,2006,6.7299886,10635,35,2971,36994,2.97,36.99,0.04,10.64,16.512863,36.99,4.806377,12.061826,2.97,0.38600168,0.9684677,0.04,0.0045473105,0.013043336,2.2919474
Italy,ITA,2007,6.4319706,10827,39,4034,32815,4.03,32.82,0.04,10.83,15.533349,32.82,4.3191547,10.683247,4.03,0.53096056,1.3118064,0.04,0.005133233,0.01302041,2.076106
Italy,ITA,2008,8.19532,11486,193,4861,41623,4.86,41.62,0.19,11.49,18.6112,41.62,5.538272,13.3184,4.86,0.6467948,1.5552,0.19,0.025680184,0.0608,7.279287
Italy,ITA,2009,10.585501,12.8987,677,6543,49138,6.54,49.14,0.68,12.9,24.083735,49.14,6.959877,17.08742,6.54,0.9267466,2.27415,0.68,0.09588988,0.23645595,8.685807
Italy,ITA,2010,11.43081,14816,1.9057,9.1259,51117,9.13,51.12,1.91,14.82,25.84002,51.12,6.966023,17.159544,9.13,1.2436416,3.064684,1.91,0.25970128,0.64113325,9.046453
Italy,ITA,2011,12.443047,16.4867,10.7957,9.8564,45823,9.86,45.82,10.8,16.48,27.67732,45.82,6.3270955,15.286582,9.86,1.3609407,3.2895174,10.8,1.4906362,3.6031227,6.8204136
Italy,ITA,2012,14.165737,18.0786,18.8617,13.4071,41875,13.41,41.87,18.86,18.08,31.104963,41.87,5.9066763,14.122369,13.41,1.8911381,4.5230703,18.86,2.6605363,6.3613057,3.6217332
Italy,ITA,2013,17.610695,22.7493,21.5886,14897,52774,14.9,52.77,21.59,22.74,39.014874,52.77,7.738684,18.382277,14.9,2.184469,5.1903715,21.59,3.1657133,7.5208135,5.3124213
Italy,ITA,2014,19.739761,24.6487,22.3064,15.1783,58545,15.18,58.55,22.31,24.64,43.497692,58.55,8.999735,21.103662,15.18,2.3332596,5.471453,22.31,3.4290154,8.041378,5.963248
Italy,ITA,2015,17.334675,25.5807,22.9422,14.8439,44.1053,14.84,45.54,22.94,25.57,38.757786,45.54,6.558825,16.20929,14.84,2.2074115,5.2820783,22.94,3.4116962,8.1651535,6.0315504
Italy,ITA,2016,17.009197,25.7972,22.1043,17.6887,40.6068,17.69,42.43,22.1,25.79,37.607937,42.43,5.9825654,14.773676,17.69,2.606061,6.1594706,22.1,3.2566078,7.694986,6.093992
Italy,ITA,2017,16.149738,25.5794,24.3777,17.7419,34.37274,17.74,36.2,24.38,25.57,35.41745,36.2,4.976216,12.34105,17.74,2.5685332,6.0477962,24.38,3.5292122,8.311459,7.311641
Italy,ITA,2018,17.727497,25258,22.6538,17.7164,48.8248,17.72,48.79,22.65,25.25,39.810013,48.79,6.9688334,16.976929,17.72,2.5286872,6.165837,22.65,3.2334094,7.881276,7.8877335
Italy,ITA,2019,17.93995,25.6375,23.6889,20.0344,47.1548,20.2,46.32,23.69,25.619999,39.756306,46.32,6.8250337,15.898404,20.2,2.8997145,6.933242,23.69,3.4286547,8.131114,9.075994
Italy,ITA,2020,19.721262,25.654734,24551,18.6082,45.728622,18.76,47.55,24.94,25.650002,42.039772,47.55,7.2984347,17.10001,18.76,2.9699278,6.7465024,24.94,3.918418,8.968965,12.99235
Italy,ITA,2021,18.36226,25.756252,25.066978,20.618114,43.05632,20.93,45.39,25.04,24.97,40.619434,45.39,6.3820415,15.849016,20.93,3.0561287,7.3082156,25.04,3.7155635,8.743321,12.720147
Italy,ITA,2022,,,,,,19.91,29.94,27.73,24.029999,36.43764,29.94,,10.736571,19.91,,7.139784,27.73,,9.944058,
Japan,JPN,1965,12.335087,0.0,0.0,0.0,76.07,0.0,76.07,0.0,0.0,,76.07,12.335087,,0.0,0.0,,0.0,0.0,,
Japan,JPN,1966,11.651081,0.0,0.0,0.0,79.35,0.0,79.35,0.0,0.0,,79.35,11.651081,,0.0,0.0,,0.0,0.0,,
Japan,JPN,1967,8.7938595,0.0,0.0,0.0,68.55,0.0,68.55,0.0,0.0,,68.55,8.7938595,,0.0,0.0,,0.0,0.0,,
Japan,JPN,1968,8.451984,0.0,0.0,0.0,73.45,0.0,73.45,0.0,0.0,,73.45,8.451984,,0.0,0.0,,0.0,0.0,,
Japan,JPN,1969,7.6118827,0.0,0.0,0.0,75.35,0.0,75.35,0.0,0.0,,75.35,7.6118827,,0.0,0.0,,0.0,0.0,,
Japan,JPN,1970,6.8364344,0.242704,0.0,0.0,75.4,0.0,75.4,0.0,0.242704,,75.4,6.815382,,0.0,0.0,,0.0,0.0,,
Japan,JPN,1971,7.1661816,0.235611,0.0,0.0,84.2,0.0,84.2,0.0,0.235611,,84.2,7.1469913,,0.0,0.0,,0.0,0.0,,
Japan,JPN,1972,6.9147363,0.248591,0.0,0.0,85.1,0.0,85.1,0.0,0.248591,,85.1,6.895407,,0.0,0.0,,0.0,0.0,,
Japan,JPN,1973,4.894682,0.253998,0.0,0.0,66778,0.0,66778,0.0,0.253998,,66778,4.8768816,,0.0,0.0,,0.0,0.0,,
Japan,JPN,1974,6.03098,0.307547,0.0,0.0,82.68,0.0,82.68,0.0,0.307547,,82.68,6.00953,,0.0,0.0,,0.0,0.0,,
Japan,JPN,1975,6.3732066,0.378507,0.0,0.0,83406,0.0,83406,0.0,0.378507,,83406,6.345573,,0.0,0.0,,0.0,0.0,,
Japan,JPN,1976,6.1613503,0.367553,0.0,0.0,83.59,0.0,83.59,0.0,0.367553,,83.59,6.1354623,,0.0,0.0,,0.0,0.0,,
Japan,JPN,1977,5.355945,0.533774,0.0,0.0,72968,0.0,72968,0.0,0.533774,,72968,5.3186107,,0.0,0.0,,0.0,0.0,,
Japan,JPN,1978,4.956838,0.827644,0.0,0.0,70047,0.0,70047,0.0,0.827644,,70047,4.901267,,0.0,0.0,,0.0,0.0,,
Japan,JPN,1979,5.5059476,1.099732,0.0,0.0,80743,0.0,80743,0.0,1.099732,,80743,5.434914,,0.0,0.0,,0.0,0.0,,
Japan,JPN,1980,6.194887,1.09144,0.0,0.0,88292,0.0,88292,0.0,1.09144,,88292,6.1222634,,0.0,0.0,,0.0,0.0,,
Japan,JPN,1981,6.2369404,1.136527,0.0,0.0,87594,0.0,87594,0.0,1.136527,,87594,6.160241,,0.0,0.0,,0.0,0.0,,
Japan,JPN,1982,6.7352734,9.870767,0.0,0.0,81606,0.0,81606,0.0,9.870767,,81606,5.967083,,0.0,0.0,,0.0,0.0,,
Japan,JPN,1983,6.9266505,11.030233,0.0,0.0,84273,0.0,84273,0.0,11.030233,,84273,6.0800323,,0.0,0.0,,0.0,0.0,,
Japan,JPN,1984,5.621934,12.119023,0.0,0.0,71617,0.0,71617,0.0,12.119023,,71617,4.762867,,0.0,0.0,,0.0,0.0,,
Japan,JPN,1985,6.3616724,12.699479,0.0,0.0,82874,0.0,82874,0.0,12.699479,14.223238,82874,5.468802,12.333303,0.0,0.0,0.0,0.0,0.0,0.0,
Japan,JPN,1986,6.29662,13.803359,0.0,0.0,80816,0.0,80816,0.0,13.803359,13.989436,80816,5.325596,11.948614,0.0,0.0,0.0,0.0,0.0,0.0,
Japan,JPN,1987,5.851933,14.792468,0.0,0.0,74787,0.0,74787,0.0,14.792468,12.457424,74787,4.831145,10.4003,0.0,0.0,0.0,0.0,0.0,0.0,
Japan,JPN,1988,6.5230265,15.986553,0.0,0.0,90291,0.0,90291,0.0,15.986553,14.100253,90291,5.4845996,11.979254,0.0,0.0,0.0,0.0,0.0,0.0,
Japan,JPN,1989,6.458432,17.04698,0.0,0.0,91741,0.0,91741,0.0,17.04698,13.602426,91741,5.3874407,11.470937,0.0,0.0,0.0,0.0,0.0,0.0,
Japan,JPN,1990,5.605645,11.340126,1,0.0,86895,0.0,86895,1,11.340126,11.1442,86895,4.9236407,9.857629,0.0,0.0,0.0,1,5.6421573e-05,0.000113443,
Japan,JPN,1991,5.9171295,11.650857,1,0.0,94416,0.0,94416,1,11.650857,11.639142,94416,5.2319036,10.36055,0.0,0.0,0.0,1,5.5178225e-05,0.00010973299,
Japan,JPN,1992,5.080175,11.850117,0.0105,0.0,80046,0.0,80046,0.0105,11.850117,10.024861,80046,4.3897963,8.731145,0.0,0.0,0.0,0.0105,0.0005758287,0.0011453042,
Japan,JPN,1993,5.6661205,11.559372,0.0225,0.000959596,92.58,0.000959596,92.58,0.0225,11.559372,11.247435,92.58,5.001819,9.996728,0.000959596,5.176769e-05,0.000103616556,0.0225,0.0012156068,0.0024295354,
Japan,JPN,1994,4.097034,13.472534,29,0.000959596,64462,0.000959596,64462,29,13.472534,7.9192533,64462,3.3570628,6.5477357,0.000959596,4.9900354e-05,9.747109e-05,29,0.0015102685,0.0029456785,
Japan,JPN,1995,4.652009,14.295146,0.0395,0.000959596,78793,0.000959596,78793,0.0395,14.295146,9.212626,78793,3.9038758,7.7944956,0.000959596,4.7474052e-05,9.49268e-05,0.0395,0.0019570666,0.003907487,
Japan,JPN,1996,4.532676,15.247687,0.0545,0.001919192,77173,0.001919192,77173,0.0545,15.247687,8.979606,77173,3.7511442,7.493564,0.001919192,9.314859e-05,0.00018635519,0.0545,0.0026490774,0.0052919965,
Japan,JPN,1997,4.9516325,16.437628,0.096302845,0.000959596,86.44,0.000959596,86.44,0.096302845,16.437628,9.761912,86.44,4.1222343,8.194421,0.000959596,4.5694702e-05,9.096869e-05,0.096302845,0.004592582,0.009129409,
Japan,JPN,1998,5.170876,16.172628,0.14324625,0.007070707,89079,0.007070707,89079,0.14324625,16.172628,9.946743,89079,4.334611,8.406352,0.007070707,0.00034420524,0.00066725997,0.14324625,0.0069704033,0.013518095,
Japan,JPN,1999,4.8562875,16.48681,0.218025,0.036363635,83792,0.036363635,83792,0.218025,16.48681,9.3160305,83792,4.0116553,7.7646875,0.036363635,0.0017409594,0.0033696804,0.218025,0.010438241,0.020203551,
Japan,JPN,2000,4.8274536,16.111082,0.34406173,109,84468,0.11,86.38,0.35,17.32,10.538243,86.38,4.001152,8.739377,0.11,0.0051632067,0.011129097,0.35,0.016297806,0.035410766,
Japan,JPN,2001,4.716366,16.02874,0.49973923,252,81537,0.25,83.32,0.47,17.32,10.447654,83.32,3.8739123,8.588185,0.25,0.011972794,0.02576868,0.47,0.023743154,0.04844512,
Japan,JPN,2002,4.702637,16.93931,0.69462,413,80.6,0.41,81.55,0.67,18.470001,10.247729,81.55,3.799117,8.266097,0.41,0.019466938,0.04155855,0.67,0.032741223,0.06791275,
Japan,JPN,2003,5.3320413,17.876465,0.953955,832,92472,0.83,93.66,0.9,18.79,11.699369,93.66,4.3463707,9.596803,0.83,0.039105684,0.08504534,0.9,0.04483781,0.09221784,
Japan,JPN,2004,5.25767,18.053455,1.2716222,1.44,91667,1.3,93.12,1.19,19.119999,11.419897,93.12,4.2321877,9.268899,1.3,0.06648358,0.1293983,1.19,0.058709707,0.11844922,
Japan,JPN,2005,4.790323,21686,1.6300883,1.91,77.5615,1.75,75.71,1.49,21.619999,9.906813,75.71,3.546054,7.4579377,1.75,0.08732378,0.17238662,1.49,0.07452642,0.1467749,
Japan,JPN,2006,5.3090086,21528,1.99563,2135,88.80701,2.17,86.65,1.79,21.46,10.855499,86.65,4.0439086,8.393228,2.17,0.097219184,0.21019392,1.79,0.09087285,0.17338577,
Japan,JPN,2007,4.7619534,22198,2.3124676,2.74,74.50974,2.61,73.27,2.02,22.900002,9.389759,73.27,3.4081507,6.8252735,2.61,0.12533036,0.24312769,2.02,0.105774604,0.18816778,
Japan,JPN,2008,4.830859,21293,2.5939713,2945,75.164375,2.94,75.68,2.25,19.92,10.019684,75.68,3.4778197,7.5234613,2.94,0.13626374,0.29226977,2.25,0.1200218,0.22367585,
Japan,JPN,2009,5.021396,20.32575,3.0455124,3.4273024,70.46622,3.61,76.13,2.76,19.779999,10.466746,76.13,3.5511658,7.7907057,3.61,0.1727199,0.3694266,2.76,0.15347949,0.2824425,
Japan,JPN,2010,5.684884,21.827084,3.9813788,3.925729,88.50272,4.02,83.43,3.54,22.93,10.526997,83.43,4.158159,7.7095094,4.02,0.18444408,0.37147582,3.54,0.18705869,0.32712048,
Japan,JPN,2011,5.733157,21.105194,5.43915,4.459041,82.48676,4.68,84.55,4.84,22.43,11.127242,84.55,4.066648,8.075608,4.68,0.21983345,0.4469999,4.84,0.26815343,0.462282,
Japan,JPN,2012,5.6502047,22.129982,7.371903,4.727417,77.09999,4.84,76.18,6.61,23.46,10.61437,76.18,3.8073256,7.2788076,4.84,0.23344769,0.46244985,6.61,0.3640368,0.6315689,
Japan,JPN,2013,6.1299677,23.1767,12.908781,5.133169,79.33157,5.19,79.04,12.88,24.369999,11.796579,79.04,3.9225023,7.675351,5.19,0.2538065,0.50398624,12.88,0.63826704,1.2507404,
Japan,JPN,2014,6.9359174,23.62768,23.548166,5.013972,81.70858,5.22,83.16,22.95,25.2,13.271962,83.16,4.120058,8.083911,5.22,0.25282356,0.5074317,22.95,1.1873882,2.2309496,
Japan,JPN,2015,8.068797,28.485174,34.540173,5.2228065,85.765114,5.58,86.75,34.8,30.21,15.658682,86.75,4.3606544,8.633473,5.58,0.26554915,0.55532885,34.8,1.7561655,3.4633412,
Japan,JPN,2016,7.9758606,23.670853,43.32569,5.340769,79.42587,6.17,79.14,45.76,26.630001,15.692011,79.14,4.066575,7.874862,6.17,0.27344534,0.6139487,45.76,2.2182593,4.55337,
Japan,JPN,2017,8.634004,27.389729,54.24169,5.8271704,79.29134,6.49,83.42,55.07,30.140001,17.35597,83.42,3.987219,8.2676735,6.49,0.2930232,0.6432175,55.07,2.72758,5.4579334,
Japan,JPN,2018,9.322305,30.131918,62.11436,6.4448814,81.10679,7.18,80.63,62.67,33.15,18.14418,80.63,4.0763874,7.9669185,7.18,0.32391658,0.7094441,62.67,3.1218371,6.192321,
Japan,JPN,2019,9.565927,32.15621,67.746254,6.748665,73.64051,7.58,79.82,69.38,35.94,19.422329,79.82,3.7758522,8.044263,7.58,0.34603184,0.7639127,69.38,3.4736295,6.9921184,
Japan,JPN,2020,11.155339,34.80145,75.13509,7.819281,77.414116,8.48,78.81,79.09,39.22,21.324924,78.81,4.2722745,8.174209,8.48,0.4315248,0.8795494,79.09,4.146501,8.20325,
Japan,JPN,2021,11.428995,35.75764,86.26627,8.249907,77.63623,8.96,79.14,88.7,39.93,22.610664,79.14,4.1224623,8.2563925,8.96,0.4380678,0.9347647,88.7,4.5807147,9.253753,
Kazakhstan,KAZ,1985,1.9355252,,,,5.2104726,,5.2104726,,,,5.2104726,1.9355252,6.4118633,,,,,,,
Kazakhstan,KAZ,1986,1.7365297,,,,4.7817907,,4.7817907,,,,4.7817907,1.7365297,5.6194215,,,,,,,
Kazakhstan,KAZ,1987,2.035726,,,,5.7319617,,5.7319617,,,,5.7319617,2.035726,6.4775248,,,,,,,
Kazakhstan,KAZ,1988,2.3956873,,,,6.991491,,6.991491,,,,6.991491,2.3956873,7.907406,,,,,,,
Kazakhstan,KAZ,1989,2.5382574,,,,7.29201,,7.29201,,,,7.29201,2.5382574,8.13323,,,,,,,
Kazakhstan,KAZ,1990,2.534389,0.0,0.0,0.0,7366,0.0,7366,0.0,0.0,8.429944,7366,2.534389,8.429944,0.0,0.0,0.0,0.0,0.0,0.0,
Kazakhstan,KAZ,1991,2.4798362,0.0,0.0,0.0,7.2,0.0,7.2,0.0,0.0,8.373067,7.2,2.4798362,8.373067,0.0,0.0,0.0,0.0,0.0,0.0,
Kazakhstan,KAZ,1992,2.3956668,0.0,0.0,0.0,6866,0.0,6866,0.0,0.0,8.255778,6866,2.3956668,8.255778,0.0,0.0,0.0,0.0,0.0,0.0,
Kazakhstan,KAZ,1993,3.0152724,0.0,0.0,0.0,7629,0.0,7629,0.0,0.0,9.794708,7629,3.0152724,9.794708,0.0,0.0,0.0,0.0,0.0,0.0,
Kazakhstan,KAZ,1994,4.0728307,0.0,0.0,0.0,9179,0.0,9179,0.0,0.0,13.74575,9179,4.0728307,13.74575,0.0,0.0,0.0,0.0,0.0,0.0,
Kazakhstan,KAZ,1995,4.114585,0.0,0.0,0.0,8331,0.0,8331,0.0,0.0,12.482957,8331,4.114585,12.482957,0.0,0.0,0.0,0.0,0.0,0.0,
Kazakhstan,KAZ,1996,4.1591706,0.0,0.0,0.0,7331,0.0,7331,0.0,0.0,12.478934,7331,4.1591706,12.478934,0.0,0.0,0.0,0.0,0.0,0.0,
Kazakhstan,KAZ,1997,4.181545,0.0,0.0,0.0,6499,0.0,6499,0.0,0.0,12.498077,6499,4.181545,12.498077,0.0,0.0,0.0,0.0,0.0,0.0,
Kazakhstan,KAZ,1998,4.1937065,0.0,0.0,0.0,6141,0.0,6141,0.0,0.0,12.331325,6141,4.1937065,12.331325,0.0,0.0,0.0,0.0,0.0,0.0,
Kazakhstan,KAZ,1999,4.455529,0.0,0.0,0.0,6132,0.0,6132,0.0,0.0,12.96406,6132,4.455529,12.96406,0.0,0.0,0.0,0.0,0.0,0.0,
Kazakhstan,KAZ,2000,6.0228243,0.0,0.0,0.0,7.5310507,0.0,7.53,0.0,0.0,14.581719,7.53,6.0228243,14.581719,0.0,0.0,0.0,0.0,0.0,0.0,
Kazakhstan,KAZ,2001,5.704264,0.0,0.0,0.0,8.081139,0.0,8.08,0.0,0.0,14.590104,8.08,5.704264,14.590104,0.0,0.0,0.0,0.0,0.0,0.0,
Kazakhstan,KAZ,2002,6.120414,0.0,0.0,0.0,8.889543,0.0,8.89,0.0,0.0,15.240871,8.89,6.120414,15.240871,0.0,0.0,0.0,0.0,0.0,0.0,
Kazakhstan,KAZ,2003,5.3825555,0.0,0.0,0.0,8.62454,0.0,8.62,0.0,0.0,13.498278,8.62,5.3825555,13.498278,0.0,0.0,0.0,0.0,0.0,0.0,
Kazakhstan,KAZ,2004,4.701576,0.0,0.0,0.0,8.056666,0.0,8.06,0.0,0.0,12.0388365,8.06,4.701576,12.0388365,0.0,0.0,0.0,0.0,0.0,0.0,
Kazakhstan,KAZ,2005,4.4324117,0.0,0.0,0.0,7.85597,0.0,7.86,0.0,0.0,11.572438,7.86,4.4324117,11.572438,0.0,0.0,0.0,0.0,0.0,0.0,
Kazakhstan,KAZ,2006,4.047025,0.0,0.0,0.0,7.7680697,0.0,7.77,0.0,0.0,10.842869,7.77,4.047025,10.842869,0.0,0.0,0.0,0.0,0.0,0.0,
Kazakhstan,KAZ,2007,3.8181744,0.0,0.0,0.0,8.171407,0.0,8.17,0.0,0.0,10.663012,8.17,3.8181744,10.663012,0.0,0.0,0.0,0.0,0.0,0.0,
Kazakhstan,KAZ,2008,3.2849119,0.0,0.0,0.0,7.459829,0.0,7.46,0.0,0.0,9.284381,7.46,3.2849119,9.284381,0.0,0.0,0.0,0.0,0.0,0.0,
Kazakhstan,KAZ,2009,3.3547347,0.0,0.0,0.0,6.8791046,0.0,6.88,0.0,0.0,8.738727,6.88,3.3547347,8.738727,0.0,0.0,0.0,0.0,0.0,0.0,
Kazakhstan,KAZ,2010,3.6240573,0.0,0.0,0.0,8.022023,0.0,8.02,0.0,0.0,9.703569,8.02,3.6240573,9.703569,0.0,0.0,0.0,0.0,0.0,0.0,
Kazakhstan,KAZ,2011,3.1190946,0.0,0.0,0.000147,7.8833227,0.0,7.88,0.0,0.0,9.101409,7.88,3.1190367,9.101409,0.0,5.8165322e-05,0.0,0.0,0.0,0.0,
Kazakhstan,KAZ,2012,2.8572173,0.0,2.1e-05,0.002665,7.6372657,0.0,7.64,0.0,0.0,8.43081,7.64,2.8562129,8.43081,0.0,0.0009964344,0.0,0.0,7.842658e-06,0.0,
Kazakhstan,KAZ,2013,2.8628833,0.0,0.0007874,0.0045487,7.730763,0.0,7.73,0.0,0.0,8.34683,7.73,2.8609095,8.34683,0.0,0.0016822133,0.0,0.0,0.00029155848,0.0,
Kazakhstan,KAZ,2014,2.982452,0.0,0.001239,0.0132652,8.262831,0.01,8.26,0.0,0.0,8.738378,8.26,2.9772253,8.727811,0.01,0.004779648,0.010566357,0.0,0.0004470345,0.0,
Kazakhstan,KAZ,2015,3.5664272,0.000476,0.046171,0.1317223,9.269191,0.13,9.27,0.05,0.000476,10.312091,9.27,3.4990604,10.115671,0.13,0.049724318,0.14185946,0.05,0.017429259,0.05456133,
Kazakhstan,KAZ,2016,4.4041133,0.00186,0.0884031,0.2749828,11.620764,0.27,11.62,0.09,0.00186,12.659833,11.62,4.269781,12.279405,0.27,0.10103604,0.2853218,0.09,0.032481663,0.095107265,
Kazakhstan,KAZ,2017,4.0426664,0.0021442,0.0926455,0.3397637,11.210185,0.34,11.21,0.09,0.0021442,11.28782,11.21,3.8916621,10.87083,0.34,0.117950365,0.32971296,0.09,0.032162283,0.08727696,
Kazakhstan,KAZ,2018,3.3888385,0.0024284,0.1412636,0.3853151,10.376336,0.39,10.38,0.14,0.0024284,10.170598,10.38,3.2243009,9.6765175,0.39,0.11973126,0.36356857,0.14,0.043895688,0.13051179,
Kazakhstan,KAZ,2019,3.468928,0.0049671,0.3912209,0.7071334,9.993659,0.71,9.99,0.39,0.0049671,10.424493,9.99,3.1237333,9.382043,0.71,0.22102976,0.66679186,0.39,0.1222845,0.36626595,
Kazakhstan,KAZ,2020,3.9000363,0.0065268,1.2374698,1.0286614,9.659646,1.14,9.8,2.57,0.0065268,12.541743,9.8,3.1568534,9.090909,1.14,0.33617514,1.0575138,2.57,0.40441552,2.3840444,
Kazakhstan,KAZ,2021,3.988574,0.004567772,1.2916406,1.6736039,9.094987,1.8,9.44,2.96,0.004567772,12.438683,9.44,3.0065157,8.269095,1.8,0.55324066,1.5767343,2.96,0.42697558,2.592852,
Kuwait,KWT,1965,0.0,0.0,0.0,0.0,0.0,0.0,0.0,0.0,0.0,,0.0,0.0,,0.0,0.0,,0.0,0.0,,
Kuwait,KWT,1966,0.0,0.0,0.0,0.0,0.0,0.0,0.0,0.0,0.0,,0.0,0.0,,0.0,0.0,,0.0,0.0,,
Kuwait,KWT,1967,0.0,0.0,0.0,0.0,0.0,0.0,0.0,0.0,0.0,,0.0,0.0,,0.0,0.0,,0.0,0.0,,
Kuwait,KWT,1968,0.0,0.0,0.0,0.0,0.0,0.0,0.0,0.0,0.0,,0.0,0.0,,0.0,0.0,,0.0,0.0,,
Kuwait,KWT,1969,0.0,0.0,0.0,0.0,0.0,0.0,0.0,0.0,0.0,,0.0,0.0,,0.0,0.0,,0.0,0.0,,
Kuwait,KWT,1970,0.0,0.0,0.0,0.0,0.0,0.0,0.0,0.0,0.0,,0.0,0.0,,0.0,0.0,,0.0,0.0,,
Kuwait,KWT,1971,0.0,0.0,0.0,0.0,0.0,0.0,0.0,0.0,0.0,,0.0,0.0,,0.0,0.0,,0.0,0.0,,
Kuwait,KWT,1972,0.0,0.0,0.0,0.0,0.0,0.0,0.0,0.0,0.0,,0.0,0.0,,0.0,0.0,,0.0,0.0,,
Kuwait,KWT,1973,0.0,0.0,0.0,0.0,0.0,0.0,0.0,0.0,0.0,,0.0,0.0,,0.0,0.0,,0.0,0.0,,
Kuwait,KWT,1974,0.0,0.0,0.0,0.0,0.0,0.0,0.0,0.0,0.0,,0.0,0.0,,0.0,0.0,,0.0,0.0,,
Kuwait,KWT,1975,0.0,0.0,0.0,0.0,0.0,0.0,0.0,0.0,0.0,,0.0,0.0,,0.0,0.0,,0.0,0.0,,
Kuwait,KWT,1976,0.0,0.0,0.0,0.0,0.0,0.0,0.0,0.0,0.0,,0.0,0.0,,0.0,0.0,,0.0,0.0,,
Kuwait,KWT,1977,0.0,0.0,0.0,0.0,0.0,0.0,0.0,0.0,0.0,,0.0,0.0,,0.0,0.0,,0.0,0.0,,
Kuwait,KWT,1978,0.0,0.0,0.0,0.0,0.0,0.0,0.0,0.0,0.0,,0.0,0.0,,0.0,0.0,,0.0,0.0,,
Kuwait,KWT,1979,0.0,0.0,0.0,0.0,0.0,0.0,0.0,0.0,0.0,,0.0,0.0,,0.0,0.0,,0.0,0.0,,
Kuwait,KWT,1980,0.0,0.0,0.0,0.0,0.0,0.0,0.0,0.0,0.0,,0.0,0.0,,0.0,0.0,,0.0,0.0,,
Kuwait,KWT,1981,0.0,0.0,0.0,0.0,0.0,0.0,0.0,0.0,0.0,,0.0,0.0,,0.0,0.0,,0.0,0.0,,
Kuwait,KWT,1982,0.0,0.0,0.0,0.0,0.0,0.0,0.0,0.0,0.0,,0.0,0.0,,0.0,0.0,,0.0,0.0,,
Kuwait,KWT,1983,0.0,0.0,0.0,0.0,0.0,0.0,0.0,0.0,0.0,,0.0,0.0,,0.0,0.0,,0.0,0.0,,
Kuwait,KWT,1984,0.0,0.0,0.0,0.0,0.0,0.0,0.0,0.0,0.0,,0.0,0.0,,0.0,0.0,,0.0,0.0,,
Kuwait,KWT,1985,0.0,0.0,0.0,0.0,0.0,0.0,0.0,0.0,0.0,0.0,0.0,0.0,0.0,0.0,0.0,0.0,0.0,0.0,0.0,
Kuwait,KWT,1986,0.0,0.0,0.0,0.0,0.0,0.0,0.0,0.0,0.0,0.0,0.0,0.0,0.0,0.0,0.0,0.0,0.0,0.0,0.0,
Kuwait,KWT,1987,0.0,0.0,0.0,0.0,0.0,0.0,0.0,0.0,0.0,0.0,0.0,0.0,0.0,0.0,0.0,0.0,0.0,0.0,0.0,
Kuwait,KWT,1988,0.0,0.0,0.0,0.0,0.0,0.0,0.0,0.0,0.0,0.0,0.0,0.0,0.0,0.0,0.0,0.0,0.0,0.0,0.0,
Kuwait,KWT,1989,0.0,0.0,0.0,0.0,0.0,0.0,0.0,0.0,0.0,0.0,0.0,0.0,0.0,0.0,0.0,0.0,0.0,0.0,0.0,
Kuwait,KWT,1990,0.0,0.0,0.0,0.0,0.0,0.0,0.0,0.0,0.0,0.0,0.0,0.0,0.0,0.0,0.0,0.0,0.0,0.0,0.0,
Kuwait,KWT,1991,0.0,0.0,0.0,0.0,0.0,0.0,0.0,0.0,0.0,0.0,0.0,0.0,0.0,0.0,0.0,0.0,0.0,0.0,0.0,
Kuwait,KWT,1992,0.0,0.0,0.0,0.0,0.0,0.0,0.0,0.0,0.0,0.0,0.0,0.0,0.0,0.0,0.0,0.0,0.0,0.0,0.0,
Kuwait,KWT,1993,0.0,0.0,0.0,0.0,0.0,0.0,0.0,0.0,0.0,0.0,0.0,0.0,0.0,0.0,0.0,0.0,0.0,0.0,0.0,
Kuwait,KWT,1994,0.0,0.0,0.0,0.0,0.0,0.0,0.0,0.0,0.0,0.0,0.0,0.0,0.0,0.0,0.0,0.0,0.0,0.0,0.0,
Kuwait,KWT,1995,0.0,0.0,0.0,0.0,0.0,0.0,0.0,0.0,0.0,0.0,0.0,0.0,0.0,0.0,0.0,0.0,0.0,0.0,0.0,
Kuwait,KWT,1996,0.0,0.0,0.0,0.0,0.0,0.0,0.0,0.0,0.0,0.0,0.0,0.0,0.0,0.0,0.0,0.0,0.0,0.0,0.0,
Kuwait,KWT,1997,0.0,0.0,0.0,0.0,0.0,0.0,0.0,0.0,0.0,0.0,0.0,0.0,0.0,0.0,0.0,0.0,0.0,0.0,0.0,
Kuwait,KWT,1998,0.0,0.0,0.0,0.0,0.0,0.0,0.0,0.0,0.0,0.0,0.0,0.0,0.0,0.0,0.0,0.0,0.0,0.0,0.0,
Kuwait,KWT,1999,0.0,0.0,0.0,0.0,0.0,0.0,0.0,0.0,0.0,0.0,0.0,0.0,0.0,0.0,0.0,0.0,0.0,0.0,0.0,
Kuwait,KWT,2000,0.0,0.0,0.0,0.0,0.0,0.0,0.0,0.0,0.0,0.0,0.0,0.0,0.0,0.0,0.0,0.0,0.0,0.0,0.0,
Kuwait,KWT,2001,0.0,0.0,0.0,0.0,0.0,0.0,0.0,0.0,0.0,0.0,0.0,0.0,0.0,0.0,0.0,0.0,0.0,0.0,0.0,
Kuwait,KWT,2002,0.0,0.0,0.0,0.0,0.0,0.0,0.0,0.0,0.0,0.0,0.0,0.0,0.0,0.0,0.0,0.0,0.0,0.0,0.0,
Kuwait,KWT,2003,0.0,0.0,0.0,0.0,0.0,0.0,0.0,0.0,0.0,0.0,0.0,0.0,0.0,0.0,0.0,0.0,0.0,0.0,0.0,
Kuwait,KWT,2004,0.0,0.0,0.0,0.0,0.0,0.0,0.0,0.0,0.0,0.0,0.0,0.0,0.0,0.0,0.0,0.0,0.0,0.0,0.0,
Kuwait,KWT,2005,0.0,0.0,0.0,0.0,0.0,0.0,0.0,0.0,0.0,0.0,0.0,0.0,0.0,0.0,0.0,0.0,0.0,0.0,0.0,
Kuwait,KWT,2006,0.0,0.0,0.0,0.0,0.0,0.0,0.0,0.0,0.0,0.0,0.0,0.0,0.0,0.0,0.0,0.0,0.0,0.0,0.0,
Kuwait,KWT,2007,0.0,0.0,0.0,0.0,0.0,0.0,0.0,0.0,0.0,0.0,0.0,0.0,0.0,0.0,0.0,0.0,0.0,0.0,0.0,
Kuwait,KWT,2008,0.0,0.0,0.0,0.0,0.0,0.0,0.0,0.0,0.0,0.0,0.0,0.0,0.0,0.0,0.0,0.0,0.0,0.0,0.0,
Kuwait,KWT,2009,0.0,0.0,0.0,0.0,0.0,0.0,0.0,0.0,0.0,0.0,0.0,0.0,0.0,0.0,0.0,0.0,0.0,0.0,0.0,
Kuwait,KWT,2010,0.0,0.0,0.0,0.0,0.0,0.0,0.0,0.0,0.0,0.0,0.0,0.0,0.0,0.0,0.0,0.0,0.0,0.0,0.0,
Kuwait,KWT,2011,0.0,0.0,0.0,0.0,0.0,0.0,0.0,0.0,0.0,0.0,0.0,0.0,0.0,0.0,0.0,0.0,0.0,0.0,0.0,
Kuwait,KWT,2012,0.0,0.0,0.0,0.0,0.0,0.0,0.0,0.0,0.0,0.0,0.0,0.0,0.0,0.0,0.0,0.0,0.0,0.0,0.0,
Kuwait,KWT,2013,0.00011575123,0.0,0.000182,0.0,0.0,0.01,0.0,0.0,0.0,0.017442875,0.0,0.0,0.0,0.01,0.0,0.017442875,0.0,0.00011575123,0.0,
Kuwait,KWT,2014,0.0020358341,0.0,0.003278,0.0,0.0,0.01,0.0,0.0,0.0,0.016329195,0.0,0.0,0.0,0.01,0.0,0.016329195,0.0,0.0020358341,0.0,
Kuwait,KWT,2015,0.003018346,0.0,0.00509,0.0,0.0,0.01,0.0,0.0,0.0,0.01557875,0.0,0.0,0.0,0.01,0.0,0.01557875,0.0,0.003018346,0.0,
Kuwait,KWT,2016,0.029127507,0.0,0.048814,0.0,0.0,0.01,0.0,0.01,0.0,0.030372059,0.0,0.0,0.0,0.01,0.0,0.0151860295,0.01,0.029127507,0.0151860295,
Kuwait,KWT,2017,0.040029116,0.0,0.051254,0.01752,0.0,0.03,0.0,0.01,0.0,0.058479533,0.0,0.0,0.0,0.03,0.010197326,0.04385965,0.01,0.029831793,0.014619883,
Kuwait,KWT,2018,0.03133408,0.0,0.053214,0.00196,0.0,0.04,0.0,0.02,0.0,0.08615738,0.0,0.0,0.0,0.04,0.001114937,0.057438254,0.02,0.030219141,0.028719127,
Kuwait,KWT,2019,0.034184188,0.0,0.058538,0.003642,0.0,0.04,0.0,0.02,0.0,0.08509431,0.0,0.0,0.0,0.04,0.0020043738,0.05672954,0.02,0.032179818,0.02836477,
Kuwait,KWT,2020,0.036519468,0.0,0.05869838,0.003651978,0.0,0.03,0.0,0.02,0.0,0.074693754,0.0,0.0,0.0,0.03,0.0021373732,0.04481625,0.02,0.034382094,0.0298775,
Kuwait,KWT,2021,,0.0,0.058538,0.003642,,0.03,0.0,0.02,0.0,0.070204996,0.0,,0.0,0.03,0.0019725172,0.042122997,0.02,0.03171152,0.028081998,
Latvia,LVA,1985,8.286785,,,,2.9786756,,2.9786756,,,,2.9786756,8.286785,60.041836,,,,,,,
Latvia,LVA,1986,8.983883,,,,3.0007727,,3.0007727,,,,3.0007727,8.983883,57.885277,,,,,,,
Latvia,LVA,1987,12.136782,,,,3.6990378,,3.6990378,,,,3.6990378,12.136782,62.304832,,,,,,,
Latvia,LVA,1988,10.432146,,,,3.0007727,,3.0007727,,,,3.0007727,10.432146,58.723534,,,,,,,
Latvia,LVA,1989,12.539953,,,,3.6062305,,3.6062305,,,,3.6062305,12.539953,62.16567,,,,,,,
Latvia,LVA,1990,15.375504,0.0,0.0,0.0,4496,0.0,4.5,0.0,0.0,67.669174,4.5,15.375504,67.669174,0.0,0.0,0.0,0.0,0.0,0.0,
Latvia,LVA,1991,12.153859,0.0,0.0,0.0,3275,0.0,3.28,0.0,0.0,58.053097,3.28,12.153859,58.053097,0.0,0.0,0.0,0.0,0.0,0.0,
Latvia,LVA,1992,13.070239,0.0,0.0,0.0,2521,0.0,2.52,0.0,0.0,65625,2.52,13.070239,65625,0.0,0.0,0.0,0.0,0.0,0.0,
Latvia,LVA,1993,17.300793,0.0,0.0,0.0,2876,0.0,2.88,0.0,0.0,73.28244,2.88,17.300793,73.28244,0.0,0.0,0.0,0.0,0.0,0.0,
Latvia,LVA,1994,20.52125,0.0,0.0,0.0,3305,0.0,3.31,0.0,0.0,74.549545,3.31,20.52125,74.549545,0.0,0.0,0.0,0.0,0.0,0.0,
Latvia,LVA,1995,19.486258,0.0,0.0,0.0,2937,0.0,2.94,0.0,0.0,73.68421,2.94,19.486258,73.68421,0.0,0.0,0.0,0.0,0.0,0.0,
Latvia,LVA,1996,13.271234,0.0,0.0,1,1.86,0.0,1.86,0.0,0.0,59.615387,1.86,13.264132,59.615387,0.0,0.007101,0.0,0.0,0.0,0.0,
Latvia,LVA,1997,20.917948,0.0,0.0,2,2953,0.0,2.95,0.0,0.0,65.410194,2.95,20.903782,65.410194,0.0,0.014164094,0.0,0.0,0.0,0.0,
Latvia,LVA,1998,28.085608,0.0,0.0,2,4316,0.0,4.32,0.0,0.0,74.482765,4.32,28.07259,74.482765,0.0,0.013014529,0.0,0.0,0.0,0.0,
Latvia,LVA,1999,21.13872,0.0,0.0,2,2757,0.0,2.76,0.0,0.0,67.15328,2.76,21.12339,67.15328,0.0,0.015330425,0.0,0.0,0.0,0.0,
Latvia,LVA,2000,22.118162,0.0,0.0,5,2819,0.0,2.82,0.0,0.0,68.115944,2.82,22.07902,68.115944,0.0,0.0391421,0.0,0.0,0.0,0.0,
Latvia,LVA,2001,20.512127,3,0.0,3,2833,0.0,2.83,0.0,0.0,66.276344,2.83,20.466904,66.276344,0.0,0.02165419,0.0,0.0,0.0,0.0,
Latvia,LVA,2002,17.687973,0.01,0.0,11,2464,0.01,2.46,0.0,0.01,62.468513,2.46,17.531889,61.964737,0.01,0.07826746,0.25188917,0.0,0.0,0.0,
Latvia,LVA,2003,16.751474,24,0.0,48,2266,0.05,2.27,0.0,0.02,58.942062,2.27,16.218836,57.17884,0.05,0.34355846,1.2594458,0.0,0.0,0.0,
Latvia,LVA,2004,20.242414,38,0.0,49,3109,0.05,3.11,0.0,0.04,68.23028,3.11,19.666185,66.3113,0.05,0.3099525,1.0660981,0.0,0.0,0.0,
Latvia,LVA,2005,20.853584,42,0.0,47,3326,0.05,3.33,0.0,0.04,69.51219,3.33,20.281467,67.68292,0.05,0.28659946,1.0162601,0.0,0.0,0.0,
Latvia,LVA,2006,17.836657,43,0.0,46,2698,0.05,2.7,0.0,0.04,57.055218,2.7,17.234653,55.214725,0.05,0.2938451,1.0224949,0.0,0.0,0.0,
Latvia,LVA,2007,17.445015,42,0.0,53,2733,0.05,2.73,0.0,0.04,59.243694,2.73,16.826769,57.35294,0.05,0.32631487,1.0504202,0.0,0.0,0.0,
Latvia,LVA,2008,19.558802,45,0.0,58,3109,0.06,3.11,0.0,0.04,60.910816,3.11,18.895603,59.013283,0.06,0.35250717,1.1385199,0.0,0.0,0.0,
Latvia,LVA,2009,22.685837,48,0.0,48,3457,0.05,3.46,0.0,0.05,63.913822,3.46,22.030304,62.11849,0.05,0.30588818,0.89766604,0.0,0.0,0.0,
Latvia,LVA,2010,20.36604,66,0.0,49,3.52,0.05,3.52,0.0,0.07,54.90196,3.52,19.66812,53.092007,0.05,0.2737891,0.7541478,0.0,0.0,0.0,
Latvia,LVA,2011,19.268509,0.12,0.0002,71,2887,0.07,2.89,0.0,0.12,50.57471,2.89,17.961615,47.45484,0.07,0.44172996,1.1494253,0.0,0.001246671,0.0,
Latvia,LVA,2012,24.73715,288,0.0002,108,3.7,0.11,3.71,0.0,0.29,66.61264,3.71,22.08944,60.129658,0.11,0.6447731,1.7828201,0.0,0.0011914874,0.0,
Latvia,LVA,2013,22.284588,502,0.0002,119,2912,0.12,2.91,0.0,0.5,56.935486,2.91,17.930237,46.935486,0.12,0.732726,1.9354839,0.0,0.0012300282,0.0,
Latvia,LVA,2014,19.171963,669,0.0002,101,1994,0.14,1.99,0.0,0.67,54.47471,1.99,13.257806,38.715954,0.14,0.6715337,2.7237356,0.0,0.0013293945,0.0,
Latvia,LVA,2015,18.8834,769,0.0002,147,1868,0.15,1.86,0.0,0.77,50.180508,1.86,12.052301,33.57401,0.15,0.9484413,2.7075815,0.0,0.0012911017,0.0,
Latvia,LVA,2016,21.902061,823,0.000382,0.13,2529,0.13,2.53,0.0,0.82,54.20561,2.53,15.213945,39.4081,0.13,0.78205353,2.0249221,0.0,0.0022971209,0.0,
Latvia,LVA,2017,30.69509,0.93064,0.00044,0.15,4.38062,0.15,4.38,0.0,0.93,72.50996,4.38,23.809986,58.167328,0.15,0.81529516,1.9920319,0.0,0.0023940944,0.0,
Latvia,LVA,2018,22.432663,0.943715,0.001273,0.122038,2.431569,0.12,2.43,0.0,0.94,51.934525,2.43,14.76819,36.160717,0.12,0.7412003,1.7857144,0.0,0.0077157556,0.0,
Latvia,LVA,2019,19.92988,0.92742,0.003137,0.153999,2.107554,0.15,2.11,0.0,0.93,49.53416,2.11,12.39835,32.763973,0.15,0.90594786,2.3291926,0.0,0.018473879,0.0,
Latvia,LVA,2020,24.768972,0.864798,0.004847,178,2604,0.18,2.6,0.0,0.86,63.636368,2.6,16.805258,45.454548,0.18,1.1487464,3.1468532,0.0,0.03126256,0.0,
Latvia,LVA,2021,23.917372,0.8208996,0.004833757,0.14,2712,0.14,2.71,0.01,0.86,63.589745,2.71,16.8116,46.324787,0.14,0.86785537,2.3931625,0.01,0.029941818,0.17094018,
Latvia,LVA,2022,,,,,,0.19,2.77,0.01,0.68,72.13439,2.77,,54.743084,0.19,,3.7549407,0.01,,0.19762845,
Lithuania,LTU,1985,0.6436673,,,,0.3933266,,0.3933266,,,,0.3933266,0.6436673,1.8763793,,,,,,,
Lithuania,LTU,1986,0.68190074,,,,0.3844878,,0.3844878,,,,0.3844878,0.68190074,1.7152382,,,,,,,
Lithuania,LTU,1987,0.6134985,,,,0.3623908,,0.3623908,,,,0.3623908,0.6134985,1.5925766,,,,,,,
Lithuania,LTU,1988,0.62018806,,,,0.3844878,,0.3844878,,,,0.3844878,0.62018806,1.4787992,,,,,,,
Lithuania,LTU,1989,0.57254976,,,,0.3844878,,0.3844878,,,,0.3844878,0.57254976,1.3186357,,,,,,,
Lithuania,LTU,1990,0.60637385,0.0,0.0,0.0,414,0.0,0.41,0.0,0.0,1.4456981,0.41,0.60637385,1.4456981,0.0,0.0,0.0,0.0,0.0,0.0,
Lithuania,LTU,1991,0.46828854,0.0,0.0,0.0,338,0.0,0.34,0.0,0.0,1.1592226,0.34,0.46828854,1.1592226,0.0,0.0,0.0,0.0,0.0,0.0,
Lithuania,LTU,1992,0.70343685,0.0,0.0,0.0,311,0.0,0.31,0.0,0.0,1.6729627,0.31,0.70343685,1.6729627,0.0,0.0,0.0,0.0,0.0,0.0,
Lithuania,LTU,1993,1.1366833,0.0,0.0,0.0,393,0.0,0.39,0.0,0.0,2.8037384,0.39,1.1366833,2.8037384,0.0,0.0,0.0,0.0,0.0,0.0,
Lithuania,LTU,1994,1.5146508,0.0,0.0,0.0,452,0.0,0.45,0.0,0.0,4.6248717,0.45,1.5146508,4.6248717,0.0,0.0,0.0,0.0,0.0,0.0,
Lithuania,LTU,1995,1.1186972,0.0,0.0,0.0,373,0.0,0.37,0.0,0.0,2.7427726,0.37,1.1186972,2.7427726,0.0,0.0,0.0,0.0,0.0,0.0,
Lithuania,LTU,1996,0.898502,0.0,0.0,0.0,326,0.0,0.33,0.0,0.0,2.037037,0.33,0.898502,2.037037,0.0,0.0,0.0,0.0,0.0,0.0,
Lithuania,LTU,1997,0.8816193,0.0,0.0,0.0,295,0.0,0.3,0.0,0.0,2.0905924,0.3,0.8816193,2.0905924,0.0,0.0,0.0,0.0,0.0,0.0,
Lithuania,LTU,1998,1.1615424,0.0,0.0,0.0,417,0.0,0.42,0.0,0.0,2.4561403,0.42,1.1615424,2.4561403,0.0,0.0,0.0,0.0,0.0,0.0,
Lithuania,LTU,1999,1.386784,0.0,0.0,0.0,414,0.0,0.41,0.0,0.0,3.1490014,0.41,1.386784,3.1490014,0.0,0.0,0.0,0.0,0.0,0.0,
Lithuania,LTU,2000,1.2857236,0.0,0.0,0.0,0.3393,0.0,0.34,0.0,0.0,3.0825024,0.34,1.2857236,3.0825024,0.0,0.0,0.0,0.0,0.0,0.0,
Lithuania,LTU,2001,1.0550188,2,0.0,0.0,0.3255,0.0,0.33,0.0,0.0,2.309307,0.33,1.0480168,2.309307,0.0,0.0,0.0,0.0,0.0,0.0,
Lithuania,LTU,2002,1.0718007,4,0.0,0.0,0.3532,0.0,0.35,0.0,0.0,2.0408163,0.35,1.0586789,2.0408163,0.0,0.0,0.0,0.0,0.0,0.0,
Lithuania,LTU,2003,0.94520015,7,0.0,0.0,0.3251,0.0,0.32,0.0,0.01,1.7684888,0.32,0.92332876,1.7148982,0.0,0.0,0.0,0.0,0.0,0.0,
Lithuania,LTU,2004,1.1986761,6,0.0,0.0012,0.4205,0.0,0.42,0.0,0.01,2.3143165,0.42,1.1767185,2.2604952,0.0,0.003344908,0.0,0.0,0.0,0.0,
Lithuania,LTU,2005,1.4099654,7,0.0,0.0018,0.4507,0.0,0.45,0.0,0.01,3.2348804,0.45,1.3805474,3.164557,0.0,0.0055270083,0.0,0.0,0.0,0.0,
Lithuania,LTU,2006,1.3948395,25,0.0,0.0137,0.3971,0.01,0.4,0.0,0.02,3.622578,0.4,1.2621503,3.36984,0.01,0.043544225,0.084246,0.0,0.0,0.0,
Lithuania,LTU,2007,1.6962823,54,0.0,0.1061,0.4206,0.11,0.42,0.0,0.05,4.383976,0.42,1.2140578,3.1746032,0.11,0.30625653,0.8314437,0.0,0.0,0.0,
Lithuania,LTU,2008,1.7692844,69,0.0,0.1311,0.4019,0.13,0.4,0.0,0.07,4.583652,0.4,1.1630594,3.0557678,0.13,0.37939066,0.9931245,0.0,0.0,0.0,
Lithuania,LTU,2009,2.186495,102,0.0,0.1577,0.4243,0.16,0.42,0.0,0.1,4.732081,0.42,1.3280019,2.9227557,0.16,0.49357954,1.1134307,0.0,0.0,0.0,
Lithuania,LTU,2010,3.9403253,147,0.0,224,0.54,0.22,0.54,0.0,0.15,19.157894,0.54,2.280414,11.368422,0.22,0.94594973,4.631579,0.0,0.0,0.0,
Lithuania,LTU,2011,4.594768,157,0.0001,475,0.4799,0.47,0.48,0.0,0.16,27.81955,0.48,1.9398957,12.030075,0.47,1.9200884,11.7794485,0.0,0.0004041821,0.0,
Lithuania,LTU,2012,4.8736596,218,0.0023,0.5401,0.4223,0.54,0.42,0.0,0.22,27.441858,0.42,1.6890838,9.767442,0.54,2.1602514,12.55814,0.0,0.009198059,0.0,
Lithuania,LTU,2013,6.826762,357,0.0448,0.6027,0.5212,0.6,0.52,0.05,0.36,38.44221,0.52,2.2422547,13.065327,0.6,2.5928762,15.075377,0.05,0.19273393,1.2562814,
Lithuania,LTU,2014,7.0076375,0.3998,73,0.6391,0.3982,0.64,0.4,0.07,0.4,43.641617,0.4,1.7645438,11.560694,0.64,2.832044,18.49711,0.07,0.32348496,2.0231214,
Lithuania,LTU,2015,7.4305215,0.4465,0.0733,0.8103,0.3496,0.81,0.35,0.07,0.45,42.0,0.35,1.4739001,8.75,0.81,3.4161932,20.25,0.07,0.30903018,1.75,
Lithuania,LTU,2016,8.9710455,0.4393,0.0665,1.1359,0.4539,1.14,0.45,0.07,0.44,61.583572,0.45,1.867752,13.196481,1.14,4.674111,33.431084,0.07,0.27364072,2.0527859,
Lithuania,LTU,2017,10.216778,0.5036,68,1.3638,0.6024,1.36,0.6,0.07,0.5,75.52239,0.6,2.3328154,17.91045,1.36,5.281364,40.597015,0.07,0.26333246,2.0895524,
Lithuania,LTU,2018,8.702936,543,0.0866,1145,431,1.14,0.43,0.09,0.54,80.0,0.43,1.61836,15.636364,1.14,4.2993555,41.454544,0.09,0.325174,3.2727273,
Lithuania,LTU,2019,9.697966,0.5332,0.0911,1.4994,0.3454,1.5,0.35,0.09,0.53,78.662415,0.35,1.2975132,11.146497,1.5,5.6325736,47.7707,0.09,0.34222206,2.866242,
Lithuania,LTU,2020,10.144763,0.5941,0.1288,1.5517,0.3005,1.55,0.3,0.13,0.59,56.73289,0.3,1.1277726,6.6225166,1.55,5.8235097,34.216335,0.13,0.48338482,2.869757,
Lithuania,LTU,2021,9.490351,0.5536734,0.12369155,1.3614266,0.3850306,1.36,0.38,0.19,0.69,62.829735,0.38,1.4354473,9.11271,1.36,5.075587,32.613907,0.19,0.46113926,4.556355,
Lithuania,LTU,2022,,,,,,1.59,0.45,0.43,0.65,74.820145,0.45,,10.791367,1.59,,38.129498,0.43,,10.31175,
Luxembourg,LUX,1965,0.6112312,0.0,0.0,0.0,0.086412,0.0,0.086412,0.0,0.0,,0.086412,0.6112312,,0.0,0.0,,0.0,0.0,,
Luxembourg,LUX,1966,0.57401013,0.0,0.0,0.0,0.077759,0.0,0.077759,0.0,0.0,,0.077759,0.57401013,,0.0,0.0,,0.0,0.0,,
Luxembourg,LUX,1967,0.65776145,0.0,0.0,0.0,0.087757,0.0,0.087757,0.0,0.0,,0.087757,0.65776145,,0.0,0.0,,0.0,0.0,,
Luxembourg,LUX,1968,0.621158,0.0,0.0,0.0,0.089632,0.0,0.089632,0.0,0.0,,0.089632,0.621158,,0.0,0.0,,0.0,0.0,,
Luxembourg,LUX,1969,0.50225776,0.0,0.0,0.0,0.077997,0.0,0.077997,0.0,0.0,,0.077997,0.50225776,,0.0,0.0,,0.0,0.0,,
Luxembourg,LUX,1970,0.53466296,0.0,0.0,0.0,0.086214,0.0,0.086214,0.0,0.0,,0.086214,0.53466296,,0.0,0.0,,0.0,0.0,,
Luxembourg,LUX,1971,0.31431046,0.0,0.0,0.0,0.04873,0.0,0.04873,0.0,0.0,,0.04873,0.31431046,,0.0,0.0,,0.0,0.0,,
Luxembourg,LUX,1972,0.35941935,0.0,0.0,0.0,0.057462,0.0,0.057462,0.0,0.0,,0.057462,0.35941935,,0.0,0.0,,0.0,0.0,,
Luxembourg,LUX,1973,0.2993406,0.0,0.0,0.0,0.050733,0.0,0.050733,0.0,0.0,,0.050733,0.2993406,,0.0,0.0,,0.0,0.0,,
Luxembourg,LUX,1974,0.4354034,0.0,0.0,0.0,0.074939,0.0,0.074939,0.0,0.0,,0.074939,0.4354034,,0.0,0.0,,0.0,0.0,,
Luxembourg,LUX,1975,0.45285678,0.0,0.0,0.0,0.064745,0.0,0.064745,0.0,0.0,,0.064745,0.45285678,,0.0,0.0,,0.0,0.0,,
Luxembourg,LUX,1976,0.2848827,0.0,0.0,0.0,0.040794,0.0,0.040794,0.0,0.0,,0.040794,0.2848827,,0.0,0.0,,0.0,0.0,,
Luxembourg,LUX,1977,0.69326395,13,0.0,0.0,0.078625,0.0,0.078625,0.0,13,,0.078625,0.58826274,,0.0,0.0,,0.0,0.0,,
Luxembourg,LUX,1978,0.6544174,15,0.0,0.0,0.074805,0.0,0.074805,0.0,15,,0.074805,0.53796345,,0.0,0.0,,0.0,0.0,,
Luxembourg,LUX,1979,0.69214594,16,0.0,0.0,0.081656,0.0,0.081656,0.0,16,,0.081656,0.57129884,,0.0,0.0,,0.0,0.0,,
Luxembourg,LUX,1980,0.77743924,15,0.0,0.0,0.086242,0.0,0.086242,0.0,15,,0.086242,0.65453994,,0.0,0.0,,0.0,0.0,,
Luxembourg,LUX,1981,0.99061763,18,0.0,0.0,0.092202,0.0,0.092202,0.0,18,,0.092202,0.8181832,,0.0,0.0,,0.0,0.0,,
Luxembourg,LUX,1982,0.9594649,18,0.0,0.0,0.08187,0.0,0.08187,0.0,18,,0.08187,0.7754191,,0.0,0.0,,0.0,0.0,,
Luxembourg,LUX,1983,1.0039245,17,0.0,0.0,0.080733,0.0,0.080733,0.0,17,,0.080733,0.81798065,,0.0,0.0,,0.0,0.0,,
Luxembourg,LUX,1984,1.0007658,19,0.0,0.0,0.085908,0.0,0.085908,0.0,19,,0.085908,0.80787724,,0.0,0.0,,0.0,0.0,,
Luxembourg,LUX,1985,0.81546617,18,0.0,0.0,0.069611,0.0,0.069611,0.0,18,9.329798,0.069611,0.6375068,7.412956,0.0,0.0,0.0,0.0,0.0,0.0,
Luxembourg,LUX,1986,0.9784458,17,0.0,0.0,0.086091,0.0,0.086091,0.0,17,10.103138,0.086091,0.806518,8.4371,0.0,0.0,0.0,0.0,0.0,0.0,
Luxembourg,LUX,1987,1.227454,22,0.0,0.0,0.100081,0.0,0.100081,0.0,22,11.780105,0.100081,0.99203575,9.657233,0.0,0.0,0.0,0.0,0.0,0.0,
Luxembourg,LUX,1988,1.1297141,23,0.0,0.0,0.09197,0.0,0.09197,0.0,23,8.621103,0.09197,0.8895561,6.8964324,0.0,0.0,0.0,0.0,0.0,0.0,
Luxembourg,LUX,1989,0.7626809,19,0.0,0.0,0.070064,0.0,0.070064,0.0,19,6.4524407,0.070064,0.5899669,5.075943,0.0,0.0,0.0,0.0,0.0,0.0,
Luxembourg,LUX,1990,0.66460145,0.012505,0.0,0.0,0.07,0.0,0.07,0.0,0.01,12.903226,0.07,0.55715257,11.290322,0.0,0.0,0.0,0.0,0.0,0.0,
Luxembourg,LUX,1991,0.7338108,0.013976,0.0,0.0,84,0.0,0.08,0.0,0.01,12.857143,0.08,0.62207633,11.428572,0.0,0.0,0.0,0.0,0.0,0.0,
Luxembourg,LUX,1992,0.61074954,0.01177,0.0,0.0,0.07,0.0,0.07,0.0,0.01,12.121212,0.07,0.5169195,10.60606,0.0,0.0,0.0,0.0,0.0,0.0,
Luxembourg,LUX,1993,0.6041135,0.014712,0.0,0.0,67,0.0,0.07,0.0,0.01,11.940298,0.07,0.4883508,10.447761,0.0,0.0,0.0,0.0,0.0,0.0,
Luxembourg,LUX,1994,0.77528125,0.01508,0.0,0.0,86,0.0,0.09,0.0,0.02,18.644068,0.09,0.6518822,15.254238,0.0,0.0,0.0,0.0,0.0,0.0,
Luxembourg,LUX,1995,0.9501822,0.019493,0.0,0.0,88,0.0,0.09,0.0,0.02,22.448978,0.09,0.76681316,18.367346,0.0,0.0,0.0,0.0,0.0,0.0,
Luxembourg,LUX,1996,0.6496767,0.015448,0.0,0.0,0.06,0.0,0.06,0.0,0.02,17.777779,0.06,0.50837564,13.333334,0.0,0.0,0.0,0.0,0.0,0.0,
Luxembourg,LUX,1997,0.90255505,0.016919,0.0,3,83,0.0,0.08,0.0,0.02,24.390242,0.08,0.71850175,19.512196,0.0,0.025941096,0.0,0.0,0.0,0.0,
Luxembourg,LUX,1998,1.2946181,0.017068,0.0,11,115,0.01,0.12,0.0,0.02,40.540543,0.12,1.0308492,32.43243,0.01,0.09860313,2.7027028,0.0,0.0,0.0,
Luxembourg,LUX,1999,1.0463187,0.01885,0.0,18,85,0.02,0.09,0.0,0.02,36.11111,0.09,0.7210175,24.999998,0.02,0.15268606,5.5555553,0.0,0.0,0.0,
Luxembourg,LUX,2000,1.3703701,0.022352,"0,00004",0.024743,0.123504,0.02,0.12,0.0,0.02,40.0,0.12,0.98160964,30.0,0.02,0.19665717,5.0,0.0,0.00031806444,0.0,
Luxembourg,LUX,2001,1.2522311,0.025873,4.6e-05,0.02374,0.118032,0.02,0.12,0.0,0.03,19.54023,0.12,0.86978143,13.793103,0.02,0.17494066,2.2988505,0.0,0.00033862854,0.0,
Luxembourg,LUX,2002,1.0301427,0.027015,5.9e-05,0.024479,0.099731,0.02,0.1,0.0,0.03,5.3571434,0.1,0.6679302,3.5714285,0.02,0.16394389,0.71428573,0.0,0.00039516686,0.0,
Luxembourg,LUX,2003,0.91740716,0.034151,0.001399,0.026168,0.07942,0.03,0.08,0.0,0.03,5.0179214,0.08,0.5039565,2.8673835,0.03,0.1660483,1.0752689,0.0,0.008873544,0.0,
Luxembourg,LUX,2004,1.1120193,0.042575,0.009199,0.039399,0.104058,0.04,0.1,0.01,0.04,5.6379824,0.1,0.57910424,2.967359,0.04,0.21926351,1.1869437,0.01,0.051178277,0.2967359,
Luxembourg,LUX,2005,1.1679211,0.046163,0.017698,0.052251,0.092939,0.05,0.09,0.02,0.05,6.2686567,0.09,0.5063896,2.6865673,0.05,0.28469583,1.4925374,0.02,0.09642969,0.59701496,
Luxembourg,LUX,2006,1.3908712,0.055216,0.021114,0.057986,0.111312,0.06,0.11,0.02,0.06,7.062147,0.11,0.61349684,3.1073446,0.06,0.31959006,1.6949153,0.02,0.116369724,0.56497175,
Luxembourg,LUX,2007,1.5379573,0.062667,0.020901,0.064286,0.116702,0.06,0.12,0.02,0.06,8.15047,0.12,0.6583234,3.7617555,0.06,0.36264142,1.8808777,0.02,0.1179037,0.62695926,
Luxembourg,LUX,2008,1.6481373,0.069648,0.020031,0.060589,0.132114,0.06,0.13,0.02,0.07,10.294118,0.13,0.746066,4.779412,0.06,0.3421544,2.2058823,0.02,0.113117926,0.7352941,
Luxembourg,LUX,2009,1.6371243,0.078185,0.020316,0.063472,0.105839,0.06,0.11,0.02,0.08,8.571429,0.11,0.6210537,3.4920633,0.06,0.37244773,1.9047618,0.02,0.11921233,0.6349206,
Luxembourg,LUX,2010,1.5543997,0.08414,0.021148,0.055083,0.107661,0.06,0.11,0.02,0.08,8.333334,0.11,0.5962631,3.3950617,0.06,0.30506828,1.8518518,0.02,0.117125005,0.61728394,
Luxembourg,LUX,2011,1.4713187,0.092979,0.025744,0.06405,63,0.06,0.06,0.03,0.09,9.090909,0.06,0.35598382,2.2727273,0.06,0.36191708,2.2727273,0.03,0.14546758,1.1363636,
Luxembourg,LUX,2012,1.8497294,0.094011,0.038277,0.077466,0.098302,0.08,0.1,0.04,0.09,11.231884,0.1,0.5620881,3.6231885,0.08,0.44294813,2.8985507,0.04,0.21886677,1.4492754,
Luxembourg,LUX,2013,2.304208,0.094211,0.073738,0.083027,0.119195,0.08,0.12,0.07,0.09,19.565218,0.12,0.71096367,6.521739,0.08,0.49523228,4.347826,0.07,0.43982607,3.8043478,
Luxembourg,LUX,2014,2.5587912,0.115225,0.094741,0.079876,0.107788,0.08,0.11,0.09,0.12,20.94241,0.11,0.65954494,5.7591624,0.08,0.48875389,4.188482,0.09,0.5797117,4.712042,
Luxembourg,LUX,2015,2.8418615,0.125964,0.103721,0.101848,0.099253,0.1,0.1,0.1,0.13,32.08955,0.1,0.6210965,7.4626865,0.1,0.63733536,7.4626865,0.1,0.64905596,7.4626865,
Luxembourg,LUX,2016,3.052534,0.140018,0.100288,0.101486,0.115411,0.1,0.12,0.1,0.14,58.227848,0.12,0.7276621,15.189873,0.1,0.6398654,12.658228,0.1,0.63231176,12.658228,
Luxembourg,LUX,2017,3.8070426,0.17138,0.108463,0.234823,0.085649,0.23,0.09,0.11,0.17,66.66667,0.09,0.5138962,10.0,0.23,1.4089437,25.555555,0.11,0.65078086,12.222222,
Luxembourg,LUX,2018,4.1558747,0.217402,0.119725,0.254575,0.092778,0.25,0.09,0.12,0.22,70.833336,0.09,0.5286288,9375,0.25,1.4505132,26.041668,0.12,0.68216705,12.5,
Luxembourg,LUX,2019,4.7653427,0.277679,0.130385,0.281283,0.106915,0.28,0.11,0.13,0.28,74.76635,0.11,0.5959907,10.280374,0.28,1.5679935,26.168222,0.13,0.726823,12.149532,
Luxembourg,LUX,2020,6.848767,0.371927,0.161261,0.351135,0.091602,0.35,0.09,0.16,0.37,79.508194,0.09,0.5940532,7.377049,0.35,2.2771652,28.688524,0.16,1.0458028,13.114754,
Luxembourg,LUX,2021,7.095166,0.38976282,0.22130644,0.33903947,0.105368376,0.31,0.11,0.18,0.39,80.4878,0.11,0.6551031,8.9430895,0.31,2.107898,25.20325,0.18,1.3759208,14.634146,
Luxembourg,LUX,2022,,,,,,0.32,0.06,0.24,0.4,85.71428,0.06,,5.0420165,0.32,,26.890755,0.24,,20.168066,
Malaysia,MYS,1965,5.2461205,0.0,0.0,0.0,587,0.0,587,0.0,0.0,,587,5.2461205,,0.0,0.0,,0.0,0.0,,
Malaysia,MYS,1966,5.346494,0.0,0.0,0.0,692,0.0,692,0.0,0.0,,692,5.346494,,0.0,0.0,,0.0,0.0,,
Malaysia,MYS,1967,5.2158365,0.0,0.0,0.0,725,0.0,725,0.0,0.0,,725,5.2158365,,0.0,0.0,,0.0,0.0,,
Malaysia,MYS,1968,5.5935698,0.0,0.0,0.0,804,0.0,804,0.0,0.0,,804,5.5935698,,0.0,0.0,,0.0,0.0,,
Malaysia,MYS,1969,6.4295335,0.0,0.0,0.0,1014,0.0,1014,0.0,0.0,,1014,6.4295335,,0.0,0.0,,0.0,0.0,,
Malaysia,MYS,1970,8.029954,0.0,0.0,0.0,1202,0.0,1202,0.0,0.0,,1202,8.029954,,0.0,0.0,,0.0,0.0,,
Malaysia,MYS,1971,6.2558084,0.0,0.0,0.0,1046,0.0,1046,0.0,0.0,,1046,6.2558084,,0.0,0.0,,0.0,0.0,,
Malaysia,MYS,1972,6.1961727,0.0,0.0,0.0,1154,0.0,1154,0.0,0.0,,1154,6.1961727,,0.0,0.0,,0.0,0.0,,
Malaysia,MYS,1973,5.6462393,0.0,0.0,0.0,1108,0.0,1108,0.0,0.0,,1108,5.6462393,,0.0,0.0,,0.0,0.0,,
Malaysia,MYS,1974,5.05663,0.0,0.0,0.0,1006,0.0,1006,0.0,0.0,,1006,5.05663,,0.0,0.0,,0.0,0.0,,
Malaysia,MYS,1975,4.8979263,0.0,0.0,0.0,1005,0.0,1005,0.0,0.0,,1005,4.8979263,,0.0,0.0,,0.0,0.0,,
Malaysia,MYS,1976,4.137609,0.0,0.0,0.0,948,0.0,948,0.0,0.0,,948,4.137609,,0.0,0.0,,0.0,0.0,,
Malaysia,MYS,1977,2.869305,0.0,0.0,0.0,769,0.0,769,0.0,0.0,,769,2.869305,,0.0,0.0,,0.0,0.0,,
Malaysia,MYS,1978,2.539179,0.0,0.0,0.0,0.90395063,0.0,0.90395063,0.0,0.0,,0.90395063,2.539179,,0.0,0.0,,0.0,0.0,,
Malaysia,MYS,1979,2.6952224,0.0,0.0,0.0,1.1035241,0.0,1.1035241,0.0,0.0,,1.1035241,2.6952224,,0.0,0.0,,0.0,0.0,,
Malaysia,MYS,1980,3.290119,0.0,0.0,0.0,1.4087542,0.0,1.4087542,0.0,0.0,,1.4087542,3.290119,,0.0,0.0,,0.0,0.0,,
Malaysia,MYS,1981,3.5273147,0.0,0.0,0.0,1.5613693,0.0,1.5613693,0.0,0.0,,1.5613693,3.5273147,,0.0,0.0,,0.0,0.0,,
Malaysia,MYS,1982,3.1702034,0.0,0.0,0.0,1.5026711,0.0,1.5026711,0.0,0.0,,1.5026711,3.1702034,,0.0,0.0,,0.0,0.0,,
Malaysia,MYS,1983,3.2134163,0.0,0.0,0.0,1.7492031,0.0,1.7492031,0.0,0.0,,1.7492031,3.2134163,,0.0,0.0,,0.0,0.0,,
Malaysia,MYS,1984,5.8833213,0.0,0.0,0.0,3.4514477,0.0,3.4514477,0.0,0.0,,3.4514477,5.8833213,,0.0,0.0,,0.0,0.0,,
Malaysia,MYS,1985,6.4829683,0.0,0.0,0.0,3.7684176,0.0,3.7684176,0.0,0.0,25.216927,3.7684176,6.4829683,25.216927,0.0,0.0,0.0,0.0,0.0,0.0,
Malaysia,MYS,1986,6.458532,0.0,0.0,0.0,4.120606,0.0,4.120606,0.0,0.0,25.54464,4.120606,6.458532,25.54464,0.0,0.0,0.0,0.0,0.0,0.0,
Malaysia,MYS,1987,7.548476,0.0,0.0,0.0,4.9658585,0.0,4.9658585,0.0,0.0,28.505014,4.9658585,7.548476,28.505014,0.0,0.0,0.0,0.0,0.0,0.0,
Malaysia,MYS,1988,8.279656,0.0,0.0,0.0,5.728934,0.0,5.728934,0.0,0.0,29.603834,5.728934,8.279656,29.603834,0.0,0.0,0.0,0.0,0.0,0.0,
Malaysia,MYS,1989,6.8369017,0.0,0.0,0.0,5.294568,0.0,5.294568,0.0,0.0,24.608728,5.294568,6.8369017,24.608728,0.0,0.0,0.0,0.0,0.0,0.0,
Malaysia,MYS,1990,4.9409094,0.0,0.0,0.0,4.026689,0.0,4.026689,0.0,0.0,17.495173,4.026689,4.9409094,17.495173,0.0,0.0,0.0,0.0,0.0,0.0,
Malaysia,MYS,1991,4.358415,0.0,0.0,0.0,4.4493155,0.0,4.4493155,0.0,0.0,16.756989,4.4493155,4.358415,16.756989,0.0,0.0,0.0,0.0,0.0,0.0,
Malaysia,MYS,1992,3.7214777,0.0,0.0,0.0,4286,0.0,4286,0.0,0.0,13.657898,4286,3.7214777,13.657898,0.0,0.0,0.0,0.0,0.0,0.0,
Malaysia,MYS,1993,4.1896806,0.0,0.0,0.0,4853,0.0,4853,0.0,0.0,13.914475,4853,4.1896806,13.914475,0.0,0.0,0.0,0.0,0.0,0.0,
Malaysia,MYS,1994,5.2703333,0.0,0.0,0.0,6483,0.0,6483,0.0,0.0,16.307709,6483,5.2703333,16.307709,0.0,0.0,0.0,0.0,0.0,0.0,
Malaysia,MYS,1995,4.6203055,0.0,0.0,0.0,6218,0.0,6218,0.0,0.0,13.350653,6218,4.6203055,13.350653,0.0,0.0,0.0,0.0,0.0,0.0,
Malaysia,MYS,1996,3.4503624,0.0,0.0,0.0,5184,0.0,5184,0.0,0.0,9.7061615,5184,3.4503624,9.7061615,0.0,0.0,0.0,0.0,0.0,0.0,
Malaysia,MYS,1997,2.3939245,0.0,0.0,0.0,4173,0.0,4173,0.0,0.0,6.962513,4173,2.3939245,6.962513,0.0,0.0,0.0,0.0,0.0,0.0,
Malaysia,MYS,1998,2.6601143,0.0,0.0,0.0,4457,0.0,4457,0.0,0.0,6.9487243,4457,2.6601143,6.9487243,0.0,0.0,0.0,0.0,0.0,0.0,
Malaysia,MYS,1999,4.2179785,0.0,0.0,0.0,7552,0.0,7552,0.0,0.0,11.078236,7552,4.2179785,11.078236,0.0,0.0,0.0,0.0,0.0,0.0,
Malaysia,MYS,2000,3.6813028,0.570903,0.0,0.0,6994,0.0,6.99,0.0,0.570903,10.727969,6.99,3.3831754,9.919114,0.0,0.0,0.0,0.0,0.0,0.0,
Malaysia,MYS,2001,3.139982,0.574094,0.0,0.0,6066,0.0,6.07,0.0,0.574094,8.696792,6.07,2.8471851,7.950229,0.0,0.0,0.0,0.0,0.0,0.0,
Malaysia,MYS,2002,2.5937574,0.4044,0.0,0.0,5415,0.0,5.41,0.0,0.4044,7.2093315,5.41,2.397906,6.712992,0.0,0.0,0.0,0.0,0.0,0.0,
Malaysia,MYS,2003,2.2532132,0.4165,0.0,0.0,5.09,0.0,5.09,0.0,0.4165,6.6578054,5.09,2.0670388,6.150314,0.0,0.0,0.0,0.0,0.0,0.0,
Malaysia,MYS,2004,2.3197203,0.57636,0.0,0.0,5573,0.0,5.57,0.0,0.57636,6.4431643,5.57,2.0812774,5.835516,0.0,0.0,0.0,0.0,0.0,0.0,
Malaysia,MYS,2005,2.2862065,0.5925,0.0,0.0,6007,0.0,6.01,0.0,0.5925,6.7079988,6.01,2.0597181,6.1083446,0.0,0.0,0.0,0.0,0.0,0.0,
Malaysia,MYS,2006,2.3655074,0.623964,0.0,0.0,6323,0.0,6.32,0.0,0.623964,6.7215495,6.32,2.1297274,6.121065,0.0,0.0,0.0,0.0,0.0,0.0,
Malaysia,MYS,2007,2.1384602,0.759773,0.0,0.0,5957,0.0,5.96,0.0,0.759773,6.208426,5.96,1.8693032,5.5062823,0.0,0.0,0.0,0.0,0.0,0.0,
Malaysia,MYS,2008,2.624564,0.796761,0.0,0.0,7807,0.0,7.81,0.0,0.796761,7.5778904,7.81,2.3518941,6.87379,0.0,0.0,0.0,0.0,0.0,0.0,
Malaysia,MYS,2009,2.6226811,1.393368,0.0,0.0,6.89,0.0,6.89,0.0,1.393368,7.141625,6.89,2.1302533,5.942729,0.0,0.0,0.0,0.0,0.0,0.0,
Malaysia,MYS,2010,2.3254187,1.2629545,0.0,0.0,6361,0.0,6.36,0.0,1.2629545,6.106748,6.36,1.893125,5.0969706,0.0,0.0,0.0,0.0,0.0,0.0,
Malaysia,MYS,2011,2.8593705,1.537535,0.0,0.0,8056,0.0,8.06,0.0,1.537535,7.5572705,8.06,2.342113,6.3449583,0.0,0.0,0.0,0.0,0.0,0.0,
Malaysia,MYS,2012,2.9071403,1.5016624,7,0.0,9251,0.0,9.25,0.01,1.5016624,8.03045,9.25,2.4435148,6.9035,0.0,0.0,0.0,0.01,0.0018490329,0.0074632433,
Malaysia,MYS,2013,3.3195534,1.10359,141,0.0,11.7987,0.0,11.8,0.14,1.10359,9.254791,11.8,2.959909,8.374734,0.0,0.0,0.0,0.14,0.0353723,0.099361256,
Malaysia,MYS,2014,3.5630174,693,227,0.0,13388,0.0,13.39,0.23,693,9.703669,13.39,3.305367,9.079813,0.0,0.0,0.0,0.23,0.056044105,0.15596393,
Malaysia,MYS,2015,3.6460347,751,273,0.0,13924,0.0,13.92,0.27,751,9.952702,13.92,3.3649259,9.2732,0.0,0.0,0.0,0.27,0.0659742,0.1798681,
Malaysia,MYS,2016,4.848279,0.76,0.31,0.0,20024,0.0,20.02,0.31,0.76,13.463135,20.02,4.570658,12.780084,0.0,0.0,0.0,0.31,0.07076029,0.1978934,
Malaysia,MYS,2017,6.291511,765,0.33,0.0,26846,0.0,26.85,0.33,765,17.39293,26.85,6.01211,16.714392,0.0,0.0,0.0,0.33,0.07390287,0.20542829,
Malaysia,MYS,2018,6.2534175,1351,632,0.0,26325,0.0,26.33,0.63,1351,16.59632,26.33,5.758594,15.435573,0.0,0.0,0.0,0.63,0.13825002,0.36932817,
Malaysia,MYS,2019,6.1784086,1.6189669,0.943489,0.0,26196,0.0,26.2,0.94,1.6189669,16.115656,26.2,5.561826,14.681161,0.0,0.0,0.0,0.94,0.20031767,0.52672863,
Malaysia,MYS,2020,7.1631722,1.6319377,1.1722218,0.0,27.923277,0.0,27.74,1.17,1.6319377,18.037918,27.74,6.435814,16.384148,0.0,0.0,0.0,1.17,0.27017608,0.69104004,
Malaysia,MYS,2021,8.059835,1.6377085,1.5038167,0.0,32.3558,0.0,30.79,1.5,1.6377085,19.313526,30.79,7.2727385,17.526184,0.0,0.0,0.0,1.5,0.33801866,0.85382515,

Mexico,MEX,1965,8.934723,0.0,0.0,0.0,8863,0.0,8863,0.0,0.0,,8863,8.934723,,0.0,0.0,,0.0,0.0,,
Mexico,MEX,1966,9.63311,0.0,0.0,0.0,10118,0.0,10118,0.0,0.0,,10118,9.63311,,0.0,0.0,,0.0,0.0,,
Mexico,MEX,1967,10.291331,0.0,0.0,0.0,11017,0.0,11017,0.0,0.0,,11017,10.291331,,0.0,0.0,,0.0,0.0,,
Mexico,MEX,1968,10.842834,0.0,0.0,0.0,12642,0.0,12642,0.0,0.0,,12642,10.842834,,0.0,0.0,,0.0,0.0,,
Mexico,MEX,1969,10.4753,0.0,0.0,0.0,13406,0.0,13406,0.0,0.0,,13406,10.4753,,0.0,0.0,,0.0,0.0,,
Mexico,MEX,1970,10.981713,0.0,0.0,0.0,15005,0.0,15005,0.0,0.0,,15005,10.981713,,0.0,0.0,,0.0,0.0,,
Mexico,MEX,1971,10.142725,0.0,0.0,0.0,14572,0.0,14572,0.0,0.0,,14572,10.142725,,0.0,0.0,,0.0,0.0,,
Mexico,MEX,1972,9.780027,0.0,0.0,0.0,15531,0.0,15531,0.0,0.0,,15531,9.780027,,0.0,0.0,,0.0,0.0,,
Mexico,MEX,1973,9.648298,161,0.0,0.0,16371,0.0,16371,0.0,161,,16371,9.558098,,0.0,0.0,,0.0,0.0,,
Mexico,MEX,1974,9.094654,463,0.0,0.0,16708,0.0,16708,0.0,463,,16708,8.859077,,0.0,0.0,,0.0,0.0,,
Mexico,MEX,1975,7.7844524,518,0.0,0.0,15182,0.0,15182,0.0,518,,15182,7.537663,,0.0,0.0,,0.0,0.0,,
Mexico,MEX,1976,8.30845,579,0.0,0.0,17255,0.0,17255,0.0,579,,17255,8.049266,,0.0,0.0,,0.0,0.0,,
Mexico,MEX,1977,8.738277,592,0.0,0.0,19193,0.0,19193,0.0,592,,19193,8.487074,,0.0,0.0,,0.0,0.0,,
Mexico,MEX,1978,6.597964,598,0.0,0.0,16217,0.0,16217,0.0,598,,16217,6.372474,,0.0,0.0,,0.0,0.0,,
Mexico,MEX,1979,6.7473717,1019,0.0,0.0,18008,0.0,18008,0.0,1019,,18008,6.399861,,0.0,0.0,,0.0,0.0,,
Mexico,MEX,1980,5.803558,915,0.0,0.0,16.91,0.0,16.91,0.0,915,,16.91,5.5170903,,0.0,0.0,,0.0,0.0,,
Mexico,MEX,1981,7.5373626,964,0.0,0.0,24618,0.0,24618,0.0,964,,24618,7.264395,,0.0,0.0,,0.0,0.0,,
Mexico,MEX,1982,6.8430967,1296,0.0,0.0,22924,0.0,22924,0.0,1296,,22924,6.49096,,0.0,0.0,,0.0,0.0,,
Mexico,MEX,1983,6.308686,1353,0.0,0.0,20733,0.0,20733,0.0,1353,,20733,5.936908,,0.0,0.0,,0.0,0.0,,
Mexico,MEX,1984,6.8312964,1424,0.0,0.0,23603,0.0,23603,0.0,1424,,23603,6.457451,,0.0,0.0,,0.0,0.0,,
Mexico,MEX,1985,7.82051,1641,0.0,0.0,28.427292,0.0,28.427292,0.0,1641,31.253574,28.427292,7.410039,29.547886,0.0,0.0,0.0,0.0,0.0,0.0,
Mexico,MEX,1986,6.596592,3394,0.0,0.0,21.2975,0.0,21.2975,0.0,3394,24.793179,21.2975,5.7216263,21.3852,0.0,0.0,0.0,0.0,0.0,0.0,
Mexico,MEX,1987,6.1185946,4418,0.0,0.0,19.285194,0.0,19.285194,0.0,4418,22.326666,19.285194,5.0159335,18.165236,0.0,0.0,0.0,0.0,0.0,0.0,
Mexico,MEX,1988,6.7846127,4633,0.0,0.0,21.836111,0.0,21.836111,0.0,4633,23.58453,21.836111,5.636938,19.45643,0.0,0.0,0.0,0.0,0.0,0.0,
Mexico,MEX,1989,7.2933803,4675,0.0,0.0,25.354195,0.0,25.354195,0.0,4675,25.014498,25.354195,6.1969137,21.120195,0.0,0.0,0.0,0.0,0.0,0.0,
Mexico,MEX,1990,6.8308434,5124,1,1,24.480944,1,24.480944,1,5124,25.177782,24.480944,5.68796,20.818626,1,0.00023135665,0.0008504013,1,0.00023135665,0.0008504013,0.0
Mexico,MEX,1991,6.324605,5.8325124,2,1,22.625263,1,22.625263,2,5.8325124,22.136204,22.625263,5.061256,17.597464,1,0.00022275026,0.0007777794,2,0.00044760195,0.0015555588,0.0
Mexico,MEX,1992,7.251022,6.365523,3,1,26.813694,1,26.813694,3,6.365523,25.08641,26.813694,5.8929014,20.27107,1,0.00021883973,0.00075599697,3,0.00065858365,0.002267991,0.0
Mexico,MEX,1993,7.209392,6.4997606,4,1,26.65493,1,26.65493,4,6.4997606,24.627949,26.65493,5.8281927,19.796814,1,0.00021772584,0.00074270746,4,0.0008750114,0.0029708298,0.0
Mexico,MEX,1994,5.4481173,6.2185254,5,5,20.27132,5,20.27132,5,6.2185254,18.134733,20.27132,4.1955853,13.872346,5,0.0010343557,0.003421668,5,0.0010343557,0.003421668,0.0
Mexico,MEX,1995,7.1109824,6.4144435,5,7,27.598667,7,27.598667,5,6.4144435,22.629654,27.598667,5.796837,18.355513,7,0.0014699651,0.0046556084,5,0.0010496932,0.0033254344,0.0
Mexico,MEX,1996,7.601215,6.184555,6,6,31.336277,6,31.336277,6,6.184555,23.968714,31.336277,6.3794622,20.011553,6,0.0012220396,0.0038316397,6,0.0012220396,0.0038316397,0.0
Mexico,MEX,1997,6.423585,5.8832464,6,12,26.362097,12,26.362097,6,5.8832464,19.348513,26.362097,5.279362,15.809502,12,0.0024031615,0.007196469,6,0.0012021264,0.0035982346,0.0
Mexico,MEX,1998,5.862017,6.138586,7,15,24.592945,15,24.592945,7,6.138586,16.985353,24.592945,4.7169094,13.582826,15,0.0028769819,0.008284587,7,0.0013423045,0.003866141,0.0
Mexico,MEX,1999,7.305536,6.0600014,7,17,32.71232,17,32.71232,7,6.0600014,20.421417,32.71232,6.1905947,17.218952,17,0.0032171444,0.008948377,7,0.0013244179,0.0036846262,0.0
Mexico,MEX,2000,7.1508975,6.358645,7,19,33.07488,0.02,32.8,0.01,11.68,22.929117,32.8,5.977931,16.896765,0.02,0.0034340462,0.010302906,0.01,0.0012649014,0.005151453,0.0
Mexico,MEX,2001,6.3393073,6.247497,8,18,28.43533,0.02,28.22,0.01,11.309999,19.66496,28.22,5.1713114,14.027937,0.02,0.0032735253,0.009941841,0.01,0.0014547548,0.0049709203,0.0
Mexico,MEX,2002,5.4490385,6.07106,8,21,24.86159,0.02,24.7,0.01,10.940001,17.422094,24.7,4.355476,12.064081,0.02,0.00367897,0.009768487,0.01,0.001402138,0.0048842435,0.0
Mexico,MEX,2003,4.6524553,6.9497128,8,19,19.852205,0.02,19.68,0.01,12.4,15.853659,19.68,3.4287248,9.716599,0.02,0.00328153,0.009874593,0.01,0.0013813104,0.0049372963,0.0
Mexico,MEX,2004,5.303242,7.261834,9,0.02,25.176394,0.02,24.95,0.01,13.21,17.313446,24.95,4.0983152,11.311089,0.02,0.0032556818,0.0090670055,0.01,0.0014655973,0.0045335027,0.0
Mexico,MEX,2005,5.473337,8.137519,9,19,27.709446,0.02,27.38,0.01,14.88,18.278084,27.38,4.211103,11.833859,0.02,0.0028874904,0.008644164,0.01,0.0013681365,0.004322082,0.0
Mexico,MEX,2006,5.5860863,7.4873867,0.01,45,30.446474,0.06,30.09,0.01,13.469999,18.42561,30.09,4.456438,12.707462,0.06,0.006586638,0.025338909,0.01,0.0014637021,0.0042231516,0.0
Mexico,MEX,2007,5.209547,8.249913,9,248,27.339674,0.26,27.0,0.01,14.87,17.276155,27.0,3.9571528,11.069203,0.26,0.035895593,0.10659233,0.01,0.0013024505,0.004099705,0.0
Mexico,MEX,2008,6.696116,7.896158,19,255,39.223907,0.27,38.79,0.01,14.15,21.538712,38.79,5.520945,15.698733,0.27,0.035892416,0.109271936,0.01,0.0026743375,0.0040471083,0.0
Mexico,MEX,2009,4.9565783,7.547069,27,0.59635276,26.722006,0.6,26.45,0.01,13.53,16.536974,26.45,3.7718177,10.776126,0.6,0.08417534,0.24444899,0.01,0.0038110623,0.0040741498,0.0
Mexico,MEX,2010,6.283124,7.4460497,31,1.2391111,37.15799,1.24,36.79,0.03,13.309999,19.42816,36.79,5.060967,13.913997,1.24,0.16876855,0.46896863,0.03,0.0042222464,0.011346015,0.0
Mexico,MEX,2011,5.886854,7.3669243,41,1.6483214,36.27042,1.63,35.93,0.04,13.1,18.091637,35.93,4.685401,12.821154,1.63,0.21292964,0.5816443,0.04,0.005296361,0.0142734805,0.0
Mexico,MEX,2012,5.4620795,6.7609353,69,3.6883104,31.910688,3.67,31.59,0.07,11.870001,16.575943,31.59,4.0740156,11.093942,3.67,0.47088408,1.2888498,0.07,0.008809186,0.024582967,0.0
Mexico,MEX,2013,5.06007,7.322261,106,4.184544,28.021322,4.17,27.72,0.11,12.67,15.54929,27.72,3.5412524,9.649123,4.17,0.5288304,1.4515456,0.11,0.013395963,0.03829017,0.0
Mexico,MEX,2014,6.727102,7.1366343,221,6.4261966,38.89277,6.35,38.55,0.22,12.34,19.80082,38.55,4.907347,13.2844,6.35,0.81083405,2.1882215,0.22,0.027884968,0.0758124,0.0
Mexico,MEX,2015,6.0522633,7.632154,0.2021975,8.745094,30.89154,8.45,30.61,0.24,13.12,17.59769,30.61,3.8796492,10.2759495,8.45,1.098291,2.8367128,0.24,0.025393857,0.08056936,0.0
Mexico,MEX,2016,6.1314926,7.6092916,0.25227612,10.378095,30.697353,9.93,29.74,0.46,12.84,17.480696,29.74,3.7838523,9.814534,9.93,1.2792367,3.2770116,0.46,0.031096343,0.15180516,0.0
Mexico,MEX,2017,6.372722,8.123817,1.1865062,10.6197815,31.847656,9.91,31.74,1.07,13.16,18.075953,31.74,3.84663,10.267193,9.91,1.2826806,3.2056673,1.07,0.14330882,0.34612152,0.0
Mexico,MEX,2018,6.939361,7.648148,3.18,13.088611,32.485554,12.53,32.3,1.36,12.59,17.703753,32.3,3.9177847,9.72833,12.53,1.5784972,3.7738693,1.36,0.3835106,0.40961388,0.0
Mexico,MEX,2019,7.0507708,7.452208,7.366667,16.726667,23.608055,16.78,23.54,6.97,11.71,18.548794,23.54,2.9550245,7.4006543,16.78,2.09368,5.275403,6.97,0.922087,2.1912727,0.0
Mexico,MEX,2020,9.475372,7.0345683,9.452778,19.70226,26.935242,19.77,26.74,11.24,11.440001,21.255222,26.74,3.9604142,8.214549,19.77,2.896915,6.07336,11.24,1.389886,3.452937,0.0
Mexico,MEX,2021,10.514754,6.9060345,11.907885,20.90211,34.722054,20.97,34.47,14.16,11.05,23.9353,34.47,4.817839,10.230004,20.97,2.9002602,6.223475,14.16,1.6522719,4.2024035,0.0
Morocco,MAR,1965,20.227098,0.0,0.0,0.0,1213,0.0,1213,0.0,0.0,,1213,20.227098,,0.0,0.0,,0.0,0.0,,
Morocco,MAR,1966,13.343615,0.0,0.0,0.0,1054,0.0,1054,0.0,0.0,,1054,13.343615,,0.0,0.0,,0.0,0.0,,
Morocco,MAR,1967,11.197634,0.0,0.0,0.0,932,0.0,932,0.0,0.0,,932,11.197634,,0.0,0.0,,0.0,0.0,,
Morocco,MAR,1968,11.839538,0.0,0.0,0.0,1058,0.0,1058,0.0,0.0,,1058,11.839538,,0.0,0.0,,0.0,0.0,,
Morocco,MAR,1969,13.958055,0.0,0.0,0.0,1368,0.0,1368,0.0,0.0,,1368,13.958055,,0.0,0.0,,0.0,0.0,,
Morocco,MAR,1970,13.115361,0.0,0.0,0.0,1346,0.0,1346,0.0,0.0,,1346,13.115361,,0.0,0.0,,0.0,0.0,,
Morocco,MAR,1971,13.923879,0.0,0.0,0.0,1.52,0.0,1.52,0.0,0.0,,1.52,13.923879,,0.0,0.0,,0.0,0.0,,
Morocco,MAR,1972,13.526379,0.0,0.0,0.0,1596,0.0,1596,0.0,0.0,,1596,13.526379,,0.0,0.0,,0.0,0.0,,
Morocco,MAR,1973,9.0946245,0.0,0.0,0.0,1192,0.0,1192,0.0,0.0,,1192,9.0946245,,0.0,0.0,,0.0,0.0,,
Morocco,MAR,1974,9.542439,0.0,0.0,0.0,1337,0.0,1337,0.0,0.0,,1337,9.542439,,0.0,0.0,,0.0,0.0,,
Morocco,MAR,1975,7.1343913,0.0,0.0,0.0,1016,0.0,1016,0.0,0.0,,1016,7.1343913,,0.0,0.0,,0.0,0.0,,
Morocco,MAR,1976,6.4660883,0.0,0.0,0.0,998,0.0,998,0.0,0.0,,998,6.4660883,,0.0,0.0,,0.0,0.0,,
Morocco,MAR,1977,7.88484,0.0,0.0,0.0,1365,0.0,1365,0.0,0.0,,1365,7.88484,,0.0,0.0,,0.0,0.0,,
Morocco,MAR,1978,7.7057576,0.0,0.0,0.0,1416,0.0,1416,0.0,0.0,,1416,7.7057576,,0.0,0.0,,0.0,0.0,,
Morocco,MAR,1979,7.7190423,0.0,0.0,0.0,1582,0.0,1582,0.0,0.0,,1582,7.7190423,,0.0,0.0,,0.0,0.0,,
Morocco,MAR,1980,7.3711247,0.0,0.0,0.0,1515,0.0,1515,0.0,0.0,,1515,7.3711247,,0.0,0.0,,0.0,0.0,,
Morocco,MAR,1981,5.1364603,0.0,0.0,0.0,1024,0.0,1024,0.0,0.0,,1024,5.1364603,,0.0,0.0,,0.0,0.0,,
Morocco,MAR,1982,2.7842176,0.0,0.0,0.0,572,0.0,572,0.0,0.0,,572,2.7842176,,0.0,0.0,,0.0,0.0,,
Morocco,MAR,1983,2.2804005,0.0,0.0,0.0,481,0.0,481,0.0,0.0,,481,2.2804005,,0.0,0.0,,0.0,0.0,,
Morocco,MAR,1984,1.7123272,0.0,0.0,0.0,366,0.0,366,0.0,0.0,,366,1.7123272,,0.0,0.0,,0.0,0.0,,
Morocco,MAR,1985,2.2006674,0.0,0.0,0.0,486,0.0,486,0.0,0.0,6.616746,486,2.2006674,6.616746,0.0,0.0,0.0,0.0,0.0,0.0,
Morocco,MAR,1986,2.8153403,0.0,0.0,0.0,643,0.0,643,0.0,0.0,8.281814,643,2.8153403,8.281814,0.0,0.0,0.0,0.0,0.0,0.0,
Morocco,MAR,1987,3.5068126,0.0,0.0,0.0,825,0.0,825,0.0,0.0,10.311211,825,3.5068126,10.311211,0.0,0.0,0.0,0.0,0.0,0.0,
Morocco,MAR,1988,3.7663095,0.0,0.0,0.0,936,0.0,936,0.0,0.0,10.418522,936,3.7663095,10.418522,0.0,0.0,0.0,0.0,0.0,0.0,
Morocco,MAR,1989,4.231739,0.0,0.0,0.0,1157,0.0,1157,0.0,0.0,12.821364,1157,4.231739,12.821364,0.0,0.0,0.0,0.0,0.0,0.0,
Morocco,MAR,1990,4.359246,0.0,0.0,0.0,1.22,0.0,1.22,0.0,0.0,12.671375,1.22,4.359246,12.671375,0.0,0.0,0.0,0.0,0.0,0.0,
Morocco,MAR,1991,4.3259,0.0,0.0,0.0,1226,0.0,1226,0.0,0.0,13.318849,1226,4.3259,13.318849,0.0,0.0,0.0,0.0,0.0,0.0,
Morocco,MAR,1992,3.0396228,0.0,0.0,0.0,964,0.0,964,0.0,0.0,9.918716,964,3.0396228,9.918716,0.0,0.0,0.0,0.0,0.0,0.0,
Morocco,MAR,1993,1.3822969,0.0,0.0,0.0,443,0.0,443,0.0,0.0,4.470232,443,1.3822969,4.470232,0.0,0.0,0.0,0.0,0.0,0.0,
Morocco,MAR,1994,2.377947,0.0,0.0,0.0,0.84,0.0,0.84,0.0,0.0,7.3234525,0.84,2.377947,7.3234525,0.0,0.0,0.0,0.0,0.0,0.0,
Morocco,MAR,1995,1.7634829,0.0,0.0,0.0,611,0.0,611,0.0,0.0,5.0529275,611,1.7634829,5.0529275,0.0,0.0,0.0,0.0,0.0,0.0,
Morocco,MAR,1996,5.402517,0.0,0.0,0.0,1957,0.0,1957,0.0,0.0,15.60855,1957,5.402517,15.60855,0.0,0.0,0.0,0.0,0.0,0.0,
Morocco,MAR,1997,5.5313864,0.0,0.0,0.0,2083,0.0,2083,0.0,0.0,15.324062,2083,5.5313864,15.324062,0.0,0.0,0.0,0.0,0.0,0.0,
Morocco,MAR,1998,4.6007285,0.0,0.0,0.0,1777,0.0,1777,0.0,0.0,13.70296,1777,4.6007285,13.70296,0.0,0.0,0.0,0.0,0.0,0.0,
Morocco,MAR,1999,2.058802,0.0,0.0,0.0,825,0.0,825,0.0,0.0,6.3978286,825,2.058802,6.3978286,0.0,0.0,0.0,0.0,0.0,0.0,
Morocco,MAR,2000,1.9685844,0.0,0.0,64,718,0.06,0.71,0.0,0.0,6.3478975,0.71,1.8074727,5.853256,0.06,0.1611117,0.4946414,0.0,0.0,0.0,
Morocco,MAR,2001,2.47259,0.0,0.0,0.2058,0.8623,0.21,0.86,0.0,0.0,7.535212,0.86,1.996175,6.0563383,0.21,0.47641504,1.4788733,0.0,0.0,0.0,
Morocco,MAR,2002,2.3249912,0.0,0.00010101,0.1939,842,0.19,0.84,0.0,0.0,6.794195,0.84,1.8896149,5.5408974,0.19,0.43515,1.2532982,0.0,0.0002263889,0.0,
Morocco,MAR,2003,3.6570694,0.0,0.00010101,0.2028,1.4417117,0.2,1.44,0.0,0.0,9.951457,1.44,3.2058861,8.7378645,0.2,0.4509597,1.2135923,0.0,0.00022363508,0.0,
Morocco,MAR,2004,3.4734976,0.0,0.00010101,0.1989,1.5913,0.2,1.59,0.0,0.0,10.228572,1.59,3.0874002,9.085714,0.2,0.38590077,1.1428572,0.0,0.00019637498,0.0,
Morocco,MAR,2005,2.0816917,0.0,0.00010101,0.2063,0.9647,0.21,0.97,0.0,0.0,6.286627,0.97,1.7148037,5.167821,0.21,0.3667088,1.1188066,0.0,0.00017933658,0.0,
Morocco,MAR,2006,2.018249,0.0,0.00010101,0.1832,0.9825,0.18,0.99,0.0,0.0,6.0716133,0.99,1.7009166,5.1375194,0.18,0.31715816,0.9340944,0.0,0.00017407691,0.0,
Morocco,MAR,2007,2.0501916,0.0,0.00010101,0.2789,902,0.28,0.91,0.0,0.0,6.153051,0.91,1.5658518,4.705274,0.28,0.48416424,1.4477767,0.0,0.00017565385,0.0,
Morocco,MAR,2008,1.8975967,0.0,0.00010101,0.2982,0.9158,0.3,0.92,0.0,0.0,6.211813,0.92,1.4313632,4.684318,0.3,0.46607614,1.527495,0.0,0.00015759106,0.0,
Morocco,MAR,2009,4.711689,0.0,0.00010101,0.3911,2.5683,0.39,2.54,0.0,0.0,14.635365,2.54,4.0888743,12.687312,0.39,0.62265277,1.9480519,0.0,0.00016152121,0.0,
Morocco,MAR,2010,5.8873553,0.0,0.00010101,0.6588,3.4678,0.66,3.43,0.0,0.01,17.343487,3.43,4.9473343,14.509307,0.66,0.93987656,2.7918782,0.0,0.00014420573,0.0,
Morocco,MAR,2011,3.643836,0.0,0.00010101,0.6922,2.0054,0.69,1.99,0.0,0.01,10.764306,1.99,2.7087321,7.9631853,0.69,0.93496794,2.7611046,0.0,0.00013600825,0.0,
Morocco,MAR,2012,3.1137834,0.0,0.000101283,728,1631,0.73,1.62,0.06,0.01,8.835341,1.62,2.1527607,5.9145675,0.73,0.960889,2.6652064,0.06,0.0001337156,0.21905805,
Morocco,MAR,2013,5.110578,0.0,0.00010101,1.2149,2785,1.36,2.76,0.06,0.01,15.646004,2.76,3.5582395,10.306198,1.36,1.5522099,5.078417,0.06,0.00012904702,0.2240478,
Morocco,MAR,2014,4.4587364,0.0,0.00010101,1.9238,1.6374,1.92,1.62,0.06,0.01,13.013699,1.62,2.050019,5.8399425,1.92,2.4085908,6.921413,0.06,0.00012644807,0.21629415,
Morocco,MAR,2015,5.388849,0.0,0.0057,2.5194,1885,2.52,1.87,0.03,0.03,15.064318,1.87,2.3033426,6.330399,2.52,3.0785363,8.530806,0.03,0.0069700824,0.10155721,
Morocco,MAR,2016,5.595185,0.0,0.4015,3.0001,1.2557,3.02,1.24,0.43,0.05,15.55118,1.24,1.5085721,4.0682416,3.02,3.6042585,9.908136,0.43,0.48235384,1.4107611,
Morocco,MAR,2017,5.2868266,0.0,0.4153,3.0349,1.184712,3.04,1.17,0.44,0.04,14.8652935,1.17,1.3513453,3.7083993,3.04,3.4617682,9.635499,0.44,0.47371322,1.3946117,
Morocco,MAR,2018,7.1069336,0.0,0.950155,3.840743,1.693443,3.86,1.68,0.95,0.03,19.047619,1.68,1.8560387,4.9079757,3.86,4.209511,11.276658,0.95,1.0413839,2.7753434,
Morocco,MAR,2019,7.547047,0.0,1.581462,4.69919,1.262781,4.72,1.26,1.58,0.04,19.009504,1.26,1.2633859,3.1515758,4.72,4.7014413,11.8059025,1.58,1.5822196,3.951976,
Morocco,MAR,2020,7.633952,0.0,1.5198336,4.591891,0.86763716,4.59,0.87,1.52,0.04,18.290775,0.87,0.9490124,2.2668056,4.59,5.022562,11.959353,1.52,1.6623781,3.9603958,
Morocco,MAR,2021,7.6361694,0.0,1.8202063,5.10667,0.81830716,5.11,1.21,1.82,0.04,19.806295,1.21,0.80678946,2.9297822,5.11,5.0347934,12.372882,1.82,1.7945867,4.40678,
Netherlands,NLD,1965,0.0,0.0,0.0,0.0,0.0,0.0,0.0,0.0,0.0,,0.0,0.0,,0.0,0.0,,0.0,0.0,,
Netherlands,NLD,1966,0.0,0.0,0.0,0.0,0.0,0.0,0.0,0.0,0.0,,0.0,0.0,,0.0,0.0,,0.0,0.0,,
Netherlands,NLD,1967,0.0,0.0,0.0,0.0,0.0,0.0,0.0,0.0,0.0,,0.0,0.0,,0.0,0.0,,0.0,0.0,,
Netherlands,NLD,1968,0.0,0.0,0.0,0.0,0.0,0.0,0.0,0.0,0.0,,0.0,0.0,,0.0,0.0,,0.0,0.0,,
Netherlands,NLD,1969,0.0,0.0,0.0,0.0,0.0,0.0,0.0,0.0,0.0,,0.0,0.0,,0.0,0.0,,0.0,0.0,,
Netherlands,NLD,1970,0.0,0.0,0.0,0.0,0.0,0.0,0.0,0.0,0.0,,0.0,0.0,,0.0,0.0,,0.0,0.0,,
Netherlands,NLD,1971,0.0,0.0,0.0,0.0,0.0,0.0,0.0,0.0,0.0,,0.0,0.0,,0.0,0.0,,0.0,0.0,,
Netherlands,NLD,1972,0.0,0.0,0.0,0.0,0.0,0.0,0.0,0.0,0.0,,0.0,0.0,,0.0,0.0,,0.0,0.0,,
Netherlands,NLD,1973,0.0,0.0,0.0,0.0,0.0,0.0,0.0,0.0,0.0,,0.0,0.0,,0.0,0.0,,0.0,0.0,,
Netherlands,NLD,1974,0.0,0.0,0.0,0.0,0.0,0.0,0.0,0.0,0.0,,0.0,0.0,,0.0,0.0,,0.0,0.0,,
Netherlands,NLD,1975,0.3115214,803,0.0,0.0,0.0,0.0,0.0,0.0,803,,0.0,0.0,,0.0,0.0,,0.0,0.0,,
Netherlands,NLD,1976,0.31017715,872,0.0,0.0,0.0,0.0,0.0,0.0,872,,0.0,0.0,,0.0,0.0,,0.0,0.0,,
Netherlands,NLD,1977,0.31403565,867,0.0,0.0,0.0,0.0,0.0,0.0,867,,0.0,0.0,,0.0,0.0,,0.0,0.0,,
Netherlands,NLD,1978,0.4299202,1211,0.0,0.0,0.0,0.0,0.0,0.0,1211,,0.0,0.0,,0.0,0.0,,0.0,0.0,,
Netherlands,NLD,1979,0.3800929,1106,0.0,0.0,0.0,0.0,0.0,0.0,1106,,0.0,0.0,,0.0,0.0,,0.0,0.0,,
Netherlands,NLD,1980,0.37478048,1024,0.0,0.0,0.0,0.0,0.0,0.0,1024,,0.0,0.0,,0.0,0.0,,0.0,0.0,,
Netherlands,NLD,1981,0.41875726,1085,0.0,0.0,0.0,0.0,0.0,0.0,1085,,0.0,0.0,,0.0,0.0,,0.0,0.0,,
Netherlands,NLD,1982,0.11066413,265,0.0,0.0,0.0,0.0,0.0,0.0,265,,0.0,0.0,,0.0,0.0,,0.0,0.0,,
Netherlands,NLD,1983,0.09600715,231,0.0,0.0,0.0,0.0,0.0,0.0,231,,0.0,0.0,,0.0,0.0,,0.0,0.0,,
Netherlands,NLD,1984,0.0068058204,17,0.0,0.0,0.0,0.0,0.0,0.0,17,,0.0,0.0,,0.0,0.0,,0.0,0.0,,
Netherlands,NLD,1985,0.17216097,441,0.0,0.0,3,0.0,3,0.0,441,0.7050417,3,0.0010768828,0.0047637955,0.0,0.0,0.0,0.0,0.0,0.0,
Netherlands,NLD,1986,0.2057679,553,0.0,1,3,1,3,0.0,553,0.82923925,3,0.0010260188,0.00446628,1,0.00034093414,0.0014887599,0.0,0.0,0.0,
Netherlands,NLD,1987,0.25524175,702,0.0,2,1,2,1,0.0,702,1.0299791,1,0.0003340515,0.0014609632,2,0.0006712544,0.0029219263,0.0,0.0,0.0,
Netherlands,NLD,1988,0.30741864,835,0.0,16,2,16,2,0.0,835,1.2246245,2,0.0006690259,0.0028713355,16,0.005349789,0.022970684,0.0,0.0,0.0,
Netherlands,NLD,1989,0.34333688,0.9,0.0,23,37,23,37,0.0,0.9,1.3136109,37,0.012314441,0.050628755,23,0.007654931,0.031471927,0.0,0.0,0.0,
Netherlands,NLD,1990,0.28062096,0.67,0.0,56,85,0.06,0.09,0.0,0.67,1.1420612,0.09,0.027597958,0.12534818,0.06,0.018182175,0.08356546,0.0,0.0,0.0,0.0
Netherlands,NLD,1991,0.31914797,0.75,0.0,88,104,0.09,0.1,0.0,0.74,1.2525253,0.1,0.03313642,0.13468014,0.09,0.028038496,0.121212125,0.0,0.0,0.0,0.0
Netherlands,NLD,1992,0.33999988,752,1,147,0.12,0.15,0.12,0.0,0.73,1.2978585,0.12,0.037784267,0.15574302,0.15,0.04628575,0.19467878,0.0,0.00031353315,0.0,0.0
Netherlands,NLD,1993,0.3742875,863,1,174,92,0.17,0.09,0.0,0.84,1.4296854,0.09,0.028727852,0.116974264,0.17,0.054333102,0.22095138,0.0,0.0003109345,0.0,0.0
Netherlands,NLD,1994,0.42665818,939,"0,00001",238,0.1,0.24,0.1,0.0,0.92,1.5817223,0.1,0.031564485,0.1255335,0.24,0.075123474,0.30128044,0.0,3.1430582e-06,0.0,0.0
Netherlands,NLD,1995,0.45612013,1017,1,317,88,0.32,0.09,0.0,1.0,1.7433237,0.09,0.026689764,0.11127597,0.32,0.09614382,0.39564788,0.0,0.0003020061,0.0,0.0
Netherlands,NLD,1996,0.5639131,1316,2,437,0.08,0.44,0.08,0.0,1.3,2.1361504,0.08,0.023257958,0.09389672,0.44,0.12704656,0.5164319,0.0,0.00058171316,0.0,0.0
Netherlands,NLD,1997,0.6360036,1463,2,475,92,0.47,0.09,0.0,1.45,2.3296244,0.09,0.027235612,0.10431155,0.47,0.14061864,0.54473805,0.0,0.0005923476,0.0,0.0
Netherlands,NLD,1998,0.72682464,1.590281,0.0035,0.64,0.11231,0.64,0.11,0.0,1.57,2.552817,0.11,0.03301377,0.121038735,0.64,0.18812943,0.70422536,0.0,0.0010299907,0.0,0.0
Netherlands,NLD,1999,0.79479086,1.788338,0.00527,645,0.090249,0.64,0.09,0.01,1.77,2.9007282,0.09,0.026853641,0.10401017,0.64,0.19192016,0.7396279,0.01,0.0015680918,0.011556686,0.0
Netherlands,NLD,2000,0.9258593,2.013194,0.00771,829,0.142393,0.83,0.14,0.01,1.99,3.3225193,0.14,0.04182025,0.15661708,0.83,0.24347405,0.9285155,0.01,0.0022651087,0.011186934,0.0
Netherlands,NLD,2001,0.9883765,2.358034,0.01306,825,0.117324,0.83,0.12,0.01,2.35,3.5427592,0.12,0.032965485,0.1284384,0.83,0.23180701,0.8883656,0.01,0.0036695744,0.0107032005,0.0
Netherlands,NLD,2002,1.1863465,2.906752,0.01704,946,0.109636,0.95,0.11,0.02,2.9,4.156658,0.11,0.030591851,0.11488251,0.95,0.2639633,0.9921671,0.02,0.004754688,0.020887729,0.0
Netherlands,NLD,2003,1.1635091,2.547534,0.03074,1318,0.072023,1.32,0.07,0.03,2.54,4.099379,0.07,0.0198348,0.072463766,1.32,0.36297125,1.3664596,0.03,0.008465648,0.031055901,0.0
Netherlands,NLD,2004,1.5031251,3.324906,0.03314,1867,0.095732,1.87,0.09,0.03,3.31,5.247005,0.09,0.025338033,0.089100085,1.87,0.49415132,1.8513018,0.03,0.008771394,0.02970003,0.06880471
Netherlands,NLD,2005,2.0780501,5.276719,0.034199,2067,88,2.07,0.09,0.04,5.26,7.4839487,0.09,0.022655167,0.09028892,2.07,0.53213924,2.0766454,0.04,0.008804364,0.04012841,0.034308363
Netherlands,NLD,2006,2.315084,5194,0.035223,2734,0.105199,2.73,0.11,0.04,5.17,8.156855,0.11,0.02747249,0.11146013,2.73,0.7139784,2.7662377,0.04,0.009198406,0.040530954,0.27188888
Netherlands,NLD,2007,2.4174244,4.026282,0.035712,3437,107,3.44,0.11,0.04,4.0,7.2285714,0.11,0.027318195,0.104761906,3.44,0.8775009,3.2761905,0.04,0.009117635,0.03809524,0.94805557
Netherlands,NLD,2008,2.9132164,5.082893,0.038889,4.258333,0.1,4.26,0.1,0.04,5.13,8.87337,0.1,0.025676966,0.09310987,4.26,1.0934106,3.9664807,0.04,0.0099855075,0.037243947,0.9051667
Netherlands,NLD,2009,3.4302778,6111,0.044444,4.583333,0.097222,4.58,0.1,0.04,6.11,9.536809,0.1,0.025156612,0.08805918,4.58,1.1859572,4.03311,0.04,0.011500065,0.03522367,2.816111
Netherlands,NLD,2010,3.2134414,7.058056,0.059444,3.993056,0.104167,3.99,0.1,0.06,7.04,9.394677,0.1,0.025304489,0.083956,3.99,0.97000283,3.3498447,0.06,0.01444027,0.050373603,4.511413
Netherlands,NLD,2011,3.8112893,7.083559,0.100344,5.100171,57,5.1,0.06,0.1,7.06,10.82506,0.06,0.014359944,0.052719444,5.1,1.2848799,4.481153,0.1,0.025279544,0.08786574,7.6950274
Netherlands,NLD,2012,3.9636314,7.203605,0.253753,4.981829,0.104388,4.98,0.1,0.19,7.2,12.098574,0.1,0.027024724,0.097021446,4.98,1.2897315,4.831668,0.19,0.06569341,0.18434075,14.698286
Netherlands,NLD,2013,3.9457889,5954,0.5159,5.627148,0.114312,5.63,0.11,0.41,5.95,11.921183,0.11,0.030323314,0.10837439,5.63,1.4927018,5.546798,0.41,0.1368517,0.4039409,17.213945
Netherlands,NLD,2014,3.9784324,5.013182,0.784762,5.797334,0.111925,5.8,0.11,0.73,5.01,11.286572,0.11,0.03127123,0.10656849,5.8,1.619743,5.619066,0.73,0.21925816,0.7072273,20.73037
Netherlands,NLD,2015,4.503984,4.93,1.121509,7.549873,93,7.55,0.09,1.11,4.94,12.58272,0.09,0.02546472,0.082720585,7.55,2.067263,6.939338,1.11,0.30708513,1.0202205,22.236095
Netherlands,NLD,2016,4.676411,4.90458,1.559424,8.170458,0.1010101,8.17,0.1,1.6,4.91,12.984275,0.1,0.02699532,0.0878503,8.17,2.1835854,7.1773696,1.6,0.41676188,1.4056048,17.631695
Netherlands,NLD,2017,5.4899817,4.59935,2.204346,10.568801,0.061616164,10.57,0.06,2.2,4.6,15.072639,0.06,0.016620426,0.05188516,10.57,2.8508406,9.140436,2.2,0.5946028,1.9024559,22.954887
Netherlands,NLD,2018,5.991268,4.571278,3.709364,10.548511,0.07272727,10.55,0.07,3.71,4.58,16.634413,0.07,0.019507298,0.061576355,10.55,2.82938,9.2804365,3.71,0.99494606,3.2635467,22.21222
Netherlands,NLD,2019,7.3029876,5.814188,5.399406,11.507927,0.07474747,11.51,0.07,5.4,5.81,18.867456,0.07,0.01999221,0.057951815,11.51,3.0779495,9.5289345,5.4,1.4441437,4.4705687,23.55426
Netherlands,NLD,2020,10.758958,8.847524,8.764745,15.33913,0.046464644,15.28,0.05,8.57,8.85,26.671553,0.05,0.012979462,0.040719926,15.28,4.2848372,12.44401,8.57,2.4483466,6.979396,23.334732
Netherlands,NLD,2021,12.3737955,10.798826,11.435667,17.894152,0.08888889,18.0,0.09,11.5,10.88,33.278515,0.09,0.024099192,0.07400707,18.0,4.851387,14.8014145,11.5,3.10039,9.456459,23.511585
Netherlands,NLD,2022,,,,,,20.52,0.07,17.34,9.85,39.536617,0.07,,0.057923045,20.52,,16.979727,17.34,,14.348366,
New Zealand,NZL,1965,39.252773,1348,0.0,0.0,10.01878,0.0,10.01878,0.0,1348,,10.01878,34.764313,,0.0,0.0,,0.0,0.0,,
New Zealand,NZL,1966,39.54505,1359,0.0,0.0,10.805433,0.0,10.805433,0.0,1359,,10.805433,35.286392,,0.0,0.0,,0.0,0.0,,
New Zealand,NZL,1967,39.84817,1134,0.0,0.0,11.220857,0.0,11.220857,0.0,1134,,11.220857,36.325394,,0.0,0.0,,0.0,0.0,,
New Zealand,NZL,1968,41.174576,1295,0.0,0.0,11.773282,0.0,11.773282,0.0,1295,,11.773282,37.243504,,0.0,0.0,,0.0,0.0,,
New Zealand,NZL,1969,40.150276,1327,0.0,0.0,11.63628,0.0,11.63628,0.0,1327,,11.63628,36.18993,,0.0,0.0,,0.0,0.0,,
New Zealand,NZL,1970,38.82334,1273,0.0,0.0,12.67042,0.0,12.67042,0.0,1273,,12.67042,35.409485,,0.0,0.0,,0.0,0.0,,
New Zealand,NZL,1971,41.630173,1256,0.0,0.0,14.393986,0.0,14.393986,0.0,1256,,14.393986,38.413677,,0.0,0.0,,0.0,0.0,,
New Zealand,NZL,1972,41.19133,1257,0.0,0.0,15.264607,0.0,15.264607,0.0,1257,,15.264607,38.17475,,0.0,0.0,,0.0,0.0,,
New Zealand,NZL,1973,39.168335,1243,0.0,0.0,15.09667,0.0,15.09667,0.0,1243,,15.09667,36.30027,,0.0,0.0,,0.0,0.0,,
New Zealand,NZL,1974,40.757793,2.0790577,0.0,0.0,15.188889,0.0,15.188889,0.0,2.0790577,,15.188889,35.8632,,0.0,0.0,,0.0,0.0,,
New Zealand,NZL,1975,43.620903,2.1061628,0.0,0.0,16.663637,0.0,16.663637,0.0,2.1061628,,16.663637,38.732216,,0.0,0.0,,0.0,0.0,,
New Zealand,NZL,1976,39.515545,2.054847,0.0,0.0,15.49899,0.0,15.49899,0.0,2.054847,,15.49899,34.888725,,0.0,0.0,,0.0,0.0,,
New Zealand,NZL,1977,36.93731,1.9780049,0.0,0.0,14.720202,0.0,14.720202,0.0,1.9780049,,14.720202,32.554684,,0.0,0.0,,0.0,0.0,,
New Zealand,NZL,1978,39.57416,2.0011628,0.0,0.0,15.6595955,0.0,15.6595955,0.0,2.0011628,,15.6595955,35.084515,,0.0,0.0,,0.0,0.0,,
New Zealand,NZL,1979,44.902813,1.8775839,0.0,0.0,18.443434,0.0,18.443434,0.0,1.8775839,,18.443434,40.737545,,0.0,0.0,,0.0,0.0,,
New Zealand,NZL,1980,46.8752,1.9714787,0.0,0.0,19.364647,0.0,19.364647,0.0,1.9714787,,19.364647,42.534817,,0.0,0.0,,0.0,0.0,,
New Zealand,NZL,1981,47.395737,1.938584,0.0,0.0,19.679798,0.0,19.679798,0.0,1.938584,,19.679798,43.125393,,0.0,0.0,,0.0,0.0,,
New Zealand,NZL,1982,43.06933,1.9683207,0.0,0.0,18.30404,0.0,18.30404,0.0,1.9683207,,18.30404,38.867702,,0.0,0.0,,0.0,0.0,,
New Zealand,NZL,1983,44.425842,1.9863839,0.0,0.0,19.751514,0.0,19.751514,0.0,1.9863839,,19.751514,40.34788,,0.0,0.0,,0.0,0.0,,
New Zealand,NZL,1984,43.670025,2.1384313,0.0,0.0,20.376768,0.0,20.376768,0.0,2.1384313,,20.376768,39.51058,,0.0,0.0,,0.0,0.0,,
New Zealand,NZL,1985,41.672558,2.0102081,0.0,0.0,19.707859,0.0,19.707859,0.0,2.0102081,76.29749,19.707859,37.793003,69.23546,0.0,0.0,0.0,0.0,0.0,0.0,
New Zealand,NZL,1986,43.008366,2.0830345,0.0,0.0,22.097696,0.0,22.097696,0.0,2.0830345,82.40133,22.097696,39.28733,75.30291,0.0,0.0,0.0,0.0,0.0,0.0,
New Zealand,NZL,1987,42.31165,2.0779002,0.0,0.0,21.928556,0.0,21.928556,0.0,2.0779002,80.68693,21.928556,38.632942,73703,0.0,0.0,0.0,0.0,0.0,0.0,
New Zealand,NZL,1988,42.15485,2.087283,0.0,0.0,22.962656,0.0,22.962656,0.0,2.087283,80.5822,22.962656,38.627155,73.8677,0.0,0.0,0.0,0.0,0.0,0.0,
New Zealand,NZL,1989,47.136673,2.578135,0.0,0.0,22.558859,0.0,22.558859,0.0,2.578135,80.16134,22.558859,42.319454,71.93973,0.0,0.0,0.0,0.0,0.0,0.0,
New Zealand,NZL,1990,41.45618,2.9529426,0.0,0.0,23.185303,0.0,23.185303,0.0,2.9529426,80.14338,23.185303,36.799473,71.089264,0.0,0.0,0.0,0.0,0.0,0.0,
New Zealand,NZL,1991,40.464573,3.1218293,0.0,0.0,22.894464,0.0,22.894464,0.0,3.1218293,77.339325,22.894464,35.642097,68.05898,0.0,0.0,0.0,0.0,0.0,0.0,
New Zealand,NZL,1992,37.51461,3.0693219,0.0,0.000690909,21.092667,0.000690909,21.092667,0.0,3.0693219,72.75511,21.092667,32.781963,63.51114,0.000690909,0.0010730958,0.0020803635,0.0,0.0,0.0,
New Zealand,NZL,1993,40.294605,3.2180853,0.0,0.000985859,23.492899,0.000985859,23.492899,0.0,3.2180853,77.167366,23.492899,35.475513,67.86789,0.000985859,0.0014894608,0.0028480168,0.0,0.0,0.0,
New Zealand,NZL,1994,41.252308,3.0746424,0.0,0.001010101,25.83708,0.001010101,25.83708,0.0,3.0746424,82.148926,25.83708,36.890423,73.410164,0.001010101,0.0014485775,0.0028699716,0.0,0.0,0.0,
New Zealand,NZL,1995,42.104042,3.0245616,0.0,0.001010101,27.534758,0.001010101,27.534758,0.0,3.0245616,83.93446,27.534758,37.956524,75.62468,0.001010101,0.0013985459,0.0027742598,0.0,0.0,0.0,
New Zealand,NZL,1996,39.54181,2.9514518,0.0,0.008326263,26.18293,0.008326263,26.18293,0.0,2.9514518,79.182655,26.18293,35.553463,71.14074,0.008326263,0.011301735,0.022623006,0.0,0.0,0.0,
New Zealand,NZL,1997,35.606514,3.0464327,0.0,0.013593556,23.258162,0.013593556,23.258162,0.0,3.0464327,70.287834,23.258162,31.498432,62.11544,0.013593556,0.01840975,0.036304235,0.0,0.0,0.0,
New Zealand,NZL,1998,38.757664,3.3079102,0.0,0.022069696,25.319334,0.022069696,25.319334,0.0,3.3079102,75.8403,25.319334,34.298344,67.02519,0.022069696,0.029896222,0.058422778,0.0,0.0,0.0,
New Zealand,NZL,1999,35.643353,3.5562158,0.0,0.03899293,22.919535,0.03899293,22.919535,0.0,3.5562158,69.84938,22.919535,30.868486,60.378304,0.03899293,0.05251645,0.102721415,0.0,0.0,0.0,
New Zealand,NZL,2000,36.374214,3.7408855,0.0,0.120208085,24.434969,0.12,24.19,0.0,3.23,72.07538,24.19,31.466896,63.308037,0.12,0.15480165,0.31405392,0.0,0.0,0.0,
New Zealand,NZL,2001,32.730766,3.5297565,0.0,0.13898788,21.681162,0.14,21.46,0.0,3.27,64.86698,21.46,28.051716,55.972874,0.14,0.17982656,0.36515388,0.0,0.0,0.0,
New Zealand,NZL,2002,35.126747,3.3669994,0.0,0.15548317,24.873026,0.15,24.62,0.0,3.2,70.881905,24.62,30.83362,62.392296,0.15,0.19274333,0.3801318,0.0,0.0,0.0,
New Zealand,NZL,2003,34.357147,3.2766335,0.0,0.14654097,23.622797,0.15,23.39,0.0,3.26,67.796616,23.39,30.07022,59.170254,0.15,0.18653671,0.37945867,0.0,0.0,0.0,
New Zealand,NZL,2004,37.794468,3.3947048,0.0,0.36153665,27.240088,0.36,26.97,0.0,3.19,73.489044,26.97,33.262203,64.94101,0.36,0.44146353,0.8668433,0.0,0.0,0.0,
New Zealand,NZL,2005,34.682922,3.8075435,0.0,0.6143859,23.327555,0.61,23.09,0.0,3.79,66.20905,23.09,29.208595,55.61175,0.61,0.76927686,1.4691715,0.0,0.0,0.0,
New Zealand,NZL,2006,34.811123,4.0715566,0.0,0.6222169,23.573221,0.62,23.34,0.0,4.01,66.46863,23.34,29.078543,55.46578,0.62,0.7675302,1.473384,0.0,0.0,0.0,
New Zealand,NZL,2007,35.406635,4.2583714,0.003405895,0.92987984,23.6405,0.92,23.4,0.0,4.0499997,66.8946,23.4,29.08031,55.175667,0.92,1.1438503,2.1692996,0.0,0.004193225,0.0,
New Zealand,NZL,2008,34.397457,4.893002,0.003455616,1.0584577,22.347338,1.05,22.12,0.0,4.7,65.74664,22.12,27.228403,52.182117,1.05,1.289644,2.476999,0.0,0.004215476,0.0,
New Zealand,NZL,2009,37.898605,5.582571,0.003589863,1.4764609,24.217442,1.46,23.98,0.0,5.1600003,72.56344,23.98,29.424047,56.865074,1.46,1.7938912,3.462177,0.0,0.004362673,0.0,
New Zealand,NZL,2010,38.817486,6.608745,0.003828525,1.6371758,24.726507,1.62,24.48,0.0,6.12,73.94997,24.48,29.215113,56.185448,1.62,1.9343724,3.7181547,0.0,0.004528845,0.0,
New Zealand,NZL,2011,39.533886,6.9373813,0.004126869,1.9572189,25.110668,1.94,24.86,0.0,6.32,76.54264,24.86,29.304588,57.4532,1.94,2.2841089,4.4834757,0.0,0.0048179403,0.0,
New Zealand,NZL,2012,36.91487,7.1866794,0.004822949,2.0791955,22.896656,2.06,22.67,0.0,6.64,72.69988,22.67,26.38269,52.53766,2.06,2.3957548,4.774044,0.0,0.0055564092,0.0,
New Zealand,NZL,2013,36.921745,7.578271,0.006684401,2.0218704,23.029074,2.0,22.8,0.01,6.99,75.07082,22.8,26.164711,53.824364,2.0,2.2971683,4.721435,0.01,0.0075963982,0.023607176,
New Zealand,NZL,2014,37.536892,8.363213,0.018719712,2.2112238,24.31806,2.19,24.07,0.02,7.66,79.57795,24.07,26.271374,56.436108,2.19,2.388837,5.134818,0.02,0.020223377,0.046893317,
New Zealand,NZL,2015,38.129433,8.959386,0.03660029,2.36413,24.529943,2.34,24.28,0.04,8.2,80.43378,24.28,26.192373,56.022152,2.34,2.5243506,5.399169,0.04,0.03908076,0.09229349,
New Zealand,NZL,2016,38.99087,8.945971,0.056519784,2.3407655,25.93505,2.32,25.68,0.06,8.09,84.22648,25.68,27.25445,59.83225,2.32,2.4598477,5.4054055,0.06,0.05939512,0.13979498,
New Zealand,NZL,2017,37083,8.977402,0.076848954,2.091049,25.175854,2.07,24.92,0.08,8.21,81.440445,24.92,25.827286,57.525394,2.07,2.1451554,4.7783933,0.08,0.078837484,0.1846722,
New Zealand,NZL,2018,38.162262,8.898494,0.100447185,2.0679657,26.25458,2.05,25.99,0.1,8.11,83.46765,25.99,26.969793,59.843426,2.05,2.1243002,4.7202396,0.1,0.10318351,0.23025559,
New Zealand,NZL,2019,36.76238,8.981838,0.1275935,2.2556674,25.598652,2.23,25.34,0.13,8.21,81.94888,25.34,25.574896,57.827477,2.23,2.2535741,5.0890007,0.13,0.12747511,0.2966682,
New Zealand,NZL,2020,39.064182,9.017193,0.16023193,2.304797,24.268194,2.28,24.03,0.16,8.26,80.430756,24.03,26.642075,55.650764,2.28,2.530249,5.2802224,0.16,0.17590557,0.3705419,
New Zealand,NZL,2021,40.21865,9.014577,0.2048571,2.642094,24.223217,2.62,23.98,0.2,8.25,80.723175,23.98,27.11879,55.22801,2.62,2.9579222,6.0340858,0.2,0.22934508,0.46061724,
North Macedonia,MKD,1990,4.8951545,0.0,0.0,0.0,491,0.0,0.49,0.0,0.0,8.521739,0.49,4.8951545,8.521739,0.0,0.0,0.0,0.0,0.0,0.0,
North Macedonia,MKD,1991,8.515267,0.0,0.0,0.0,848,0.0,0.85,0.0,0.0,14.731369,0.85,8.515267,14.731369,0.0,0.0,0.0,0.0,0.0,0.0,
North Macedonia,MKD,1992,8.292924,0.0,0.0,0.0,848,0.0,0.85,0.0,0.0,14.003295,0.85,8.292924,14.003295,0.0,0.0,0.0,0.0,0.0,0.0,
North Macedonia,MKD,1993,5.0976725,0.0,0.0,0.0,522,0.0,0.52,0.0,0.0,10.03861,0.52,5.0976725,10.03861,0.0,0.0,0.0,0.0,0.0,0.0,
North Macedonia,MKD,1994,7.2256556,0.0,0.0,0.0,695,0.0,0.69,0.0,0.0,11.616161,0.69,7.2256556,11.616161,0.0,0.0,0.0,0.0,0.0,0.0,
North Macedonia,MKD,1995,8.266857,0.0,0.0,0.0,801,0.0,0.8,0.0,0.0,13.0505705,0.8,8.266857,13.0505705,0.0,0.0,0.0,0.0,0.0,0.0,
North Macedonia,MKD,1996,7.552335,0.0,0.0,0.0,0.85,0.0,0.85,0.0,0.0,12.801205,0.85,7.552335,12.801205,0.0,0.0,0.0,0.0,0.0,0.0,
North Macedonia,MKD,1997,8.866941,0.0,0.0,0.0,0.9,0.0,0.9,0.0,0.0,13.372957,0.9,8.866941,13.372957,0.0,0.0,0.0,0.0,0.0,0.0,
North Macedonia,MKD,1998,9.439984,0.0,0.0,0.0,1083,0.0,1.08,0.0,0.0,15.31915,1.08,9.439984,15.31915,0.0,0.0,0.0,0.0,0.0,0.0,
North Macedonia,MKD,1999,12.636176,0.0,0.0,0.0,1389,0.0,1.39,0.0,0.0,20.26239,1.39,12.636176,20.26239,0.0,0.0,0.0,0.0,0.0,0.0,
North Macedonia,MKD,2000,11.215344,0.0,0.0,0.0,1.17,0.0,1.17,0.0,0.0,17.180616,1.17,11.215344,17.180616,0.0,0.0,0.0,0.0,0.0,0.0,
North Macedonia,MKD,2001,6.3362026,0.0,0.0,0.0,626,0.0,0.63,0.0,0.0,9.89011,0.63,6.3362026,9.89011,0.0,0.0,0.0,0.0,0.0,0.0,
North Macedonia,MKD,2002,7.7906957,0.0,0.0,0.0,757,0.0,0.76,0.0,0.0,12.479474,0.76,7.7906957,12.479474,0.0,0.0,0.0,0.0,0.0,0.0,
North Macedonia,MKD,2003,12.461908,0.0,0.0,0.0,1374,0.0,1.37,0.0,0.0,20.356611,1.37,12.461908,20.356611,0.0,0.0,0.0,0.0,0.0,0.0,
North Macedonia,MKD,2004,13.524394,0.0,0.0,0.0,1482,0.0,1.48,0.0,0.0,22.222223,1.48,13.524394,22.222223,0.0,0.0,0.0,0.0,0.0,0.0,
North Macedonia,MKD,2005,13.126352,0.0,0.0,0.0,1492,0.0,1.49,0.0,0.0,21.46974,1.49,13.126352,21.46974,0.0,0.0,0.0,0.0,0.0,0.0,
North Macedonia,MKD,2006,14.188615,0.0,0.0,0.0,1.65,0.0,1.65,0.0,0.0,23.537802,1.65,14.188615,23.537802,0.0,0.0,0.0,0.0,0.0,0.0,
North Macedonia,MKD,2007,8.696234,0.0,0.0,0.0,1.01,0.0,1.01,0.0,0.0,15.538462,1.01,8.696234,15.538462,0.0,0.0,0.0,0.0,0.0,0.0,
North Macedonia,MKD,2008,7.43891,0.0,0.0,0.0,0.84,0.0,0.84,0.0,0.0,13.312203,0.84,7.43891,13.312203,0.0,0.0,0.0,0.0,0.0,0.0,
North Macedonia,MKD,2009,11.3459015,0.0,0.0,0.0,1.27,0.0,1.27,0.0,0.0,18.6217,1.27,11.3459015,18.6217,0.0,0.0,0.0,0.0,0.0,0.0,
North Macedonia,MKD,2010,19.909607,0.0,2.6e-05,0.0,2431,0.0,2.43,0.0,0.0,33.471073,2.43,19.909393,33.471073,0.0,0.0,0.0,0.0,0.00021310338,0.0,
North Macedonia,MKD,2011,11.702621,0.0,0.001173,0.0,1433,0.0,1.43,0.0,0.0,21.153845,1.43,11.69309,21.153845,0.0,0.0,0.0,0.0,0.009531062,0.0,
North Macedonia,MKD,2012,9.123692,0.0,0.002836,0.0,1041,0.0,1.04,0.0,0.0,16.613419,1.04,9.098897,16.613419,0.0,0.0,0.0,0.0,0.024793416,0.0,
North Macedonia,MKD,2013,14.412972,0.0,0.009051,0.0,1.583967,0.0,1.58,0.01,0.0,26.108374,1.58,14.331087,25.94417,0.0,0.0,0.0,0.01,0.081886135,0.16420361,
North Macedonia,MKD,2014,12.513251,0.0,0.014382,0.070633,1.206651,0.07,1.21,0.01,0.0,23.977695,1.21,11.689653,22.490705,0.07,0.68427,1.3011152,0.01,0.13932818,0.1858736,
North Macedonia,MKD,2015,18.564972,0.020219,0.0226,0.120767,1.865193,0.12,1.87,0.02,0.02,35.929203,1.87,17.036552,33.097343,0.12,1.1030782,2.1238937,0.02,0.20642674,0.3539823,
North Macedonia,MKD,2016,18.146008,0.036033,0.0237,0.109483,1.897345,0.11,1.9,0.02,0.04,36.76732,1.9,16.604446,33.74778,0.11,0.9581304,1.9538188,0.02,0.20740859,0.35523978,
North Macedonia,MKD,2017,11.811469,0.051551,0.023751,0.11048,1.110279,0.11,1.11,0.02,0.05,23.035715,1.11,10.038714,19.821428,0.11,0.9989179,1.9642857,0.02,0.21474747,0.35714287,
North Macedonia,MKD,2018,17.787132,0.05405,0.022788,0.097338,1.791368,0.1,1.79,0.02,0.05,34.93761,1.79,16.119377,31.907307,0.1,0.87588227,1.7825311,0.02,0.20505467,0.35650623,
North Macedonia,MKD,2019,11.504865,0.055103,0.023227,0.101806,1.163674,0.1,1.16,0.02,0.06,22.82794,1.16,9.877188,19.7615,0.1,0.8641225,1.7035775,0.02,0.19714957,0.3407155,
North Macedonia,MKD,2020,14.441304,0.057298,0.023537,0.116885,1.277143,0.12,1.28,0.02,0.06,27.715355,1.28,12.401487,23.970037,0.12,1.1349928,2.247191,0.02,0.22855228,0.37453184,
North Macedonia,MKD,2021,14.82318,0.053818,0.025293,0.103336,1.451623,0.06,1.03,0.02,0.06,29.545452,1.03,13.073442,26.010101,0.06,0.93065304,1.5151515,0.02,0.22779095,0.5050505,
Norway,NOR,1965,67.87996,0.0,0.0,0.0,49452,0.0,49452,0.0,0.0,,49452,67.87996,,0.0,0.0,,0.0,0.0,,
Norway,NOR,1966,65.3991,0.0,0.0,0.0,48744,0.0,48744,0.0,0.0,,48744,65.3991,,0.0,0.0,,0.0,0.0,,
Norway,NOR,1967,66.591644,0.0,0.0,0.0,53301,0.0,53301,0.0,0.0,,53301,66.591644,,0.0,0.0,,0.0,0.0,,
Norway,NOR,1968,67.13724,0.0,0.0,0.0,60205,0.0,60205,0.0,0.0,,60205,67.13724,,0.0,0.0,,0.0,0.0,,
Norway,NOR,1969,63.88058,0.0,0.0,0.0,57371,0.0,57371,0.0,0.0,,57371,63.88058,,0.0,0.0,,0.0,0.0,,
Norway,NOR,1970,61.510117,0.0,0.0,0.0,57808,0.0,57808,0.0,0.0,,57808,61.510117,,0.0,0.0,,0.0,0.0,,
Norway,NOR,1971,63.9665,0.0,0.0,0.0,63245,0.0,63245,0.0,0.0,,63245,63.9665,,0.0,0.0,,0.0,0.0,,
Norway,NOR,1972,64.29581,0.0,0.0,0.0,67417,0.0,67417,0.0,0.0,,67417,64.29581,,0.0,0.0,,0.0,0.0,,
Norway,NOR,1973,65.582184,0.0,0.0,0.0,72867,0.0,72867,0.0,0.0,,72867,65.582184,,0.0,0.0,,0.0,0.0,,
Norway,NOR,1974,68.31412,0.0,0.0,0.0,76597,0.0,76597,0.0,0.0,,76597,68.31412,,0.0,0.0,,0.0,0.0,,
Norway,NOR,1975,67.97407,0.0,0.0,0.0,77.33,0.0,77.33,0.0,0.0,,77.33,67.97407,,0.0,0.0,,0.0,0.0,,
Norway,NOR,1976,67.33344,0.0,0.0,0.0,81933,0.0,81933,0.0,0.0,,81933,67.33344,,0.0,0.0,,0.0,0.0,,
Norway,NOR,1977,64.26859,0.0,0.0,0.0,72022,0.0,72022,0.0,0.0,,72022,64.26859,,0.0,0.0,,0.0,0.0,,
Norway,NOR,1978,64.17826,0.0,0.0,0.0,80706,0.0,80706,0.0,0.0,,80706,64.17826,,0.0,0.0,,0.0,0.0,,
Norway,NOR,1979,65.86465,0.0,0.0,0.0,88698,0.0,88698,0.0,0.0,,88698,65.86465,,0.0,0.0,,0.0,0.0,,
Norway,NOR,1980,65.252464,0.0,0.0,0.0,83613,0.0,83613,0.0,0.0,,83613,65.252464,,0.0,0.0,,0.0,0.0,,
Norway,NOR,1981,68.59788,0.0,0.0,0.0,92834,0.0,92834,0.0,0.0,,92834,68.59788,,0.0,0.0,,0.0,0.0,,
Norway,NOR,1982,69.16161,0.0,0.0,0.0,92499,0.0,92499,0.0,0.0,,92499,69.16161,,0.0,0.0,,0.0,0.0,,
Norway,NOR,1983,71.88228,0.0,0.0,0.0,105688,0.0,105688,0.0,0.0,,105688,71.88228,,0.0,0.0,,0.0,0.0,,
Norway,NOR,1984,71.13633,0.0,0.0,0.0,105903,0.0,105903,0.0,0.0,,105903,71.13633,,0.0,0.0,,0.0,0.0,,
Norway,NOR,1985,69.52919,5,0.0,0.0,102383,0.0,102383,0.0,5,99.12481,102383,69.52552,99.11998,0.0,0.0,0.0,0.0,0.0,0.0,
Norway,NOR,1986,66.977295,26,0.0,0.0,96201,0.0,96201,0.0,26,98.9135,96201,66.95776,98.886765,0.0,0.0,0.0,0.0,0.0,0.0,
Norway,NOR,1987,68.43144,21,0.0,0.0,103273,0.0,103273,0.0,21,99.05163,103273,68.41643,99.03148,0.0,0.0,0.0,0.0,0.0,0.0,
Norway,NOR,1988,69.97985,27,0.0,0.0,108857,0.0,108857,0.0,27,98.96747,108857,69.96111,98.942924,0.0,0.0,0.0,0.0,0.0,0.0,
Norway,NOR,1989,71.44203,29,0.0,0.0,118.4,0.0,118.4,0.0,29,99.35569,118.4,71.42314,99.33136,0.0,0.0,0.0,0.0,0.0,0.0,
Norway,NOR,1990,72.44774,213,0.0,0.0,121145,0.0,121.14,0.0,0.21,99.90944,121.14,72.310486,99.73654,0.0,0.0,0.0,0.0,0.0,0.0,
Norway,NOR,1991,71.44005,209,0.0,0.0,110134,0.0,110.13,0.0,0.21,99.891365,110.13,71.29399,99.70125,0.0,0.0,0.0,0.0,0.0,0.0,
Norway,NOR,1992,71.865555,227,0.0,0.0,116671,0.0,116.67,0.0,0.23,99.90599,116.67,71.71493,99.70943,0.0,0.0,0.0,0.0,0.0,0.0,
Norway,NOR,1993,71.17737,243,0.0,0.0,119233,0.01,119.23,0.0,0.24,99.89131,119.23,71.02111,99.6823,0.01,0.0,0.008360505,0.0,0.0,0.0,
Norway,NOR,1994,69.031494,0.27,0.0,0.0,111643,0.01,111.64,0.0,0.27,99.75045,111.64,68.85174,99.50089,0.01,0.0,0.008912656,0.0,0.0,0.0,
Norway,NOR,1995,70.81212,289,0.0,0.0,121.53,0.01,121.53,0.0,0.29,99.754364,121.53,70.6308,99.50872,0.01,0.0,0.008187996,0.0,0.0,0.0,
Norway,NOR,1996,66.01224,303,0.0,0.0,103862,0.01,103.86,0.0,0.3,99.61749,103.86,65.80499,99.32103,0.01,0.0,0.009562972,0.0,0.0,0.0,
Norway,NOR,1997,66.31446,241,0.0,0.0,109775,0.01,109.78,0.0,0.24,99.682915,109.78,66.15766,99.45643,0.01,0.0,0.009059613,0.0,0.0,0.0,
Norway,NOR,1998,67.218765,0.27,0.0,0.0,115703,0.01,115.7,0.0,0.27,99.71628,115.7,67.04986,99.47554,0.01,0.0,0.008597713,0.0,0.0,0.0,
Norway,NOR,1999,68.73755,273,0.0,0.014276,121452,0.03,121.45,0.0,0.27,99.67252,121.45,68.56311,99.42693,0.03,0.0080591915,0.024559967,0.0,0.0,0.0,
Norway,NOR,2000,72.39789,256,0.0053,0.030199,141818,0.03,141.82,0.0,0.26,99.77533,141.82,72.23904,99.57173,0.03,0.015382709,0.02106298,0.0,0.0026987796,0.0,
Norway,NOR,2001,67.58246,255,0.0053,0.028758,120463,0.03,120.46,0.0,0.25,99.65335,120.46,67.408356,99.42225,0.03,0.01609234,0.024760647,0.0,0.0029682464,0.0,
Norway,NOR,2002,69.30982,0.25,0.0053,0.038903,129372,0.08,129.37,0.0,0.25,99.67722,129.37,69.14008,99.423615,0.08,0.020790868,0.06148171,0.0,0.0028329103,0.0,
Norway,NOR,2003,63.816036,0.33,0.0062,0.219796,105.48,0.22,105.48,0.0,0.33,99.474625,105.48,63.461525,98.95863,0.22,0.13223918,0.20639835,0.0,0.0037284265,0.0,
Norway,NOR,2004,64.23876,359,0.0062,0.259519,108781,0.25,108.78,0.0,0.36,99.46354,108.78,63.849377,98.90889,0.25,0.15232556,0.22731405,0.0,0.0036380661,0.0,
Norway,NOR,2005,69.73603,333,0.0062,0.50703,135688,0.5,135.69,0.0,0.33,99.57695,135.69,69.2844,98.97155,0.5,0.25889742,0.36469728,0.0,0.0031652523,0.0,
Norway,NOR,2006,66.73525,388,0.0071,636,119369,0.64,119.37,0.0,0.39,99.430176,119.37,66.13776,98.579575,0.64,0.35238305,0.5285325,0.0,0.003932292,0.0,
Norway,NOR,2007,69.2405,386,0.0071,892,133656,0.89,133.66,0.0,0.39,99.26438,133.66,68.55582,98.322784,0.89,0.45753112,0.6547006,0.0,0.003643094,0.0,
Norway,NOR,2008,69.89543,397,0.0074,913,139044,0.91,139.04,0.0,0.4,99.524895,139.04,69.21278,98.59593,0.91,0.45446962,0.64529854,0.0,0.003685514,0.0,
Norway,NOR,2009,67.78923,227,0.0077,977,125283,0.98,125.28,0.0,0.23,96.63102,125.28,67.12265,95.70665,0.98,0.52344555,0.7486631,0.0,0.0041246703,0.0,
Norway,NOR,2010,65.47019,344,0.0081,879,116.75,0.88,116.74,0.0,0.35,95.84045,116.74,64.75869,94.84118,0.88,0.4875622,0.71492404,0.0,0.004490902,0.0,
Norway,NOR,2011,66.30012,339,0.0085,1283,120291,1.28,120.28,0.0,0.34,96.58506,120.28,65.384895,95.30148,1.28,0.69738233,1.0141827,0.0,0.0046194145,0.0,
Norway,NOR,2012,70.095116,326,0.0089,1548,141738,1.55,141.72,0.0,0.33,97.98704,141.72,69.15038,96.70419,1.55,0.75522995,1.0576595,0.0,0.004344476,0.0,
Norway,NOR,2013,67.50864,396,0.0098,1881,128154,1.88,128.14,0.0,0.4,97.86148,128.14,66.29065,96.150665,1.88,0.9729912,1.41067,0.0,0.005071771,0.0,
Norway,NOR,2014,68.88728,258,0.0116,2217,135439,2.22,135.47,0.0,0.25,97.87143,135.47,67.62278,96.11891,2.22,1.1069168,1.5751383,0.0,0.00579172,0.0,
Norway,NOR,2015,68.87519,256,0.0134,2515,137302,2.52,137.3,0.0,0.25,97.90997,137.3,67.483345,95.97372,2.52,1.2361118,1.7614987,0.0,0.006586043,0.0,
Norway,NOR,2016,69.86629,233,0.0238,2.115742,142418,2.12,142.81,0.0,0.23,97995,142.81,68.70018,96.408554,2.12,1.0206003,1.4311751,0.0,0.011480763,0.0,
Norway,NOR,2017,69.260994,0.21,0.039961,2854,141955,2.85,142.37,0.0,0.26,98.025734,142.37,67.75939,95.93019,2.85,1.3622999,1.9203557,0.0,0.019074578,0.0,
Norway,NOR,2018,68.85805,0.204168,0.060876,3877,138.99127,3.88,138.8,0.0,0.2,97.97038,138.8,66.84572,95.1728,3.88,1.8645836,2.66045,0.0,0.029277394,0.0,
Norway,NOR,2019,67.08509,0.253005,0.10502,5525,125146,5.54,125.52,0.01,0.25,97.941536,125.52,64.04697,93.61575,5.54,2.8275733,4.1318617,0.01,0.053746905,0.0074582337,
Norway,NOR,2020,70.96306,0.25388268,0.14043842,9911,140706,9.91,140.93,0.03,0.24,98.57143,140.93,66.09646,91.93085,9.91,4.6556787,6.4644485,0.03,0.065970756,0.019569471,
Norway,NOR,2021,71.558365,0.253189,0.19702315,11.767036,143.09062,11.32,138.66,0.03,0.45999998,99.543526,138.66,65.90561,91.73061,11.32,5.4197383,7.4887533,0.03,0.090746194,0.01984652,
Oman,OMN,1965,0.0,0.0,0.0,0.0,0.0,0.0,0.0,0.0,0.0,,0.0,0.0,,0.0,0.0,,0.0,0.0,,
Oman,OMN,1966,0.0,0.0,0.0,0.0,0.0,0.0,0.0,0.0,0.0,,0.0,0.0,,0.0,0.0,,0.0,0.0,,
Oman,OMN,1967,0.0,0.0,0.0,0.0,0.0,0.0,0.0,0.0,0.0,,0.0,0.0,,0.0,0.0,,0.0,0.0,,
Oman,OMN,1968,0.0,0.0,0.0,0.0,0.0,0.0,0.0,0.0,0.0,,0.0,0.0,,0.0,0.0,,0.0,0.0,,
Oman,OMN,1969,0.0,0.0,0.0,0.0,0.0,0.0,0.0,0.0,0.0,,0.0,0.0,,0.0,0.0,,0.0,0.0,,
Oman,OMN,1970,0.0,0.0,0.0,0.0,0.0,0.0,0.0,0.0,0.0,,0.0,0.0,,0.0,0.0,,0.0,0.0,,
Oman,OMN,1971,0.0,0.0,0.0,0.0,0.0,0.0,0.0,0.0,0.0,,0.0,0.0,,0.0,0.0,,0.0,0.0,,
Oman,OMN,1972,0.0,0.0,0.0,0.0,0.0,0.0,0.0,0.0,0.0,,0.0,0.0,,0.0,0.0,,0.0,0.0,,
Oman,OMN,1973,0.0,0.0,0.0,0.0,0.0,0.0,0.0,0.0,0.0,,0.0,0.0,,0.0,0.0,,0.0,0.0,,
Oman,OMN,1974,0.0,0.0,0.0,0.0,0.0,0.0,0.0,0.0,0.0,,0.0,0.0,,0.0,0.0,,0.0,0.0,,
Oman,OMN,1975,0.0,0.0,0.0,0.0,0.0,0.0,0.0,0.0,0.0,,0.0,0.0,,0.0,0.0,,0.0,0.0,,
Oman,OMN,1976,0.0,0.0,0.0,0.0,0.0,0.0,0.0,0.0,0.0,,0.0,0.0,,0.0,0.0,,0.0,0.0,,
Oman,OMN,1977,0.0,0.0,0.0,0.0,0.0,0.0,0.0,0.0,0.0,,0.0,0.0,,0.0,0.0,,0.0,0.0,,
Oman,OMN,1978,0.0,0.0,0.0,0.0,0.0,0.0,0.0,0.0,0.0,,0.0,0.0,,0.0,0.0,,0.0,0.0,,
Oman,OMN,1979,0.0,0.0,0.0,0.0,0.0,0.0,0.0,0.0,0.0,,0.0,0.0,,0.0,0.0,,0.0,0.0,,
Oman,OMN,1980,0.0,0.0,0.0,0.0,0.0,0.0,0.0,0.0,0.0,,0.0,0.0,,0.0,0.0,,0.0,0.0,,
Oman,OMN,1981,0.0,0.0,0.0,0.0,0.0,0.0,0.0,0.0,0.0,,0.0,0.0,,0.0,0.0,,0.0,0.0,,
Oman,OMN,1982,0.0,0.0,0.0,0.0,0.0,0.0,0.0,0.0,0.0,,0.0,0.0,,0.0,0.0,,0.0,0.0,,
Oman,OMN,1983,0.0,0.0,0.0,0.0,0.0,0.0,0.0,0.0,0.0,,0.0,0.0,,0.0,0.0,,0.0,0.0,,
Oman,OMN,1984,0.0,0.0,0.0,0.0,0.0,0.0,0.0,0.0,0.0,,0.0,0.0,,0.0,0.0,,0.0,0.0,,
Oman,OMN,1985,0.0,0.0,0.0,0.0,0.0,0.0,0.0,0.0,0.0,0.0,0.0,0.0,0.0,0.0,0.0,0.0,0.0,0.0,0.0,
Oman,OMN,1986,0.0,0.0,0.0,0.0,0.0,0.0,0.0,0.0,0.0,0.0,0.0,0.0,0.0,0.0,0.0,0.0,0.0,0.0,0.0,
Oman,OMN,1987,0.0,0.0,0.0,0.0,0.0,0.0,0.0,0.0,0.0,0.0,0.0,0.0,0.0,0.0,0.0,0.0,0.0,0.0,0.0,
Oman,OMN,1988,0.0,0.0,0.0,0.0,0.0,0.0,0.0,0.0,0.0,0.0,0.0,0.0,0.0,0.0,0.0,0.0,0.0,0.0,0.0,
Oman,OMN,1989,0.0,0.0,0.0,0.0,0.0,0.0,0.0,0.0,0.0,0.0,0.0,0.0,0.0,0.0,0.0,0.0,0.0,0.0,0.0,
Oman,OMN,1990,0.0,0.0,0.0,0.0,0.0,0.0,0.0,0.0,0.0,0.0,0.0,0.0,0.0,0.0,0.0,0.0,0.0,0.0,0.0,
Oman,OMN,1991,0.0,0.0,0.0,0.0,0.0,0.0,0.0,0.0,0.0,0.0,0.0,0.0,0.0,0.0,0.0,0.0,0.0,0.0,0.0,
Oman,OMN,1992,0.0,0.0,0.0,0.0,0.0,0.0,0.0,0.0,0.0,0.0,0.0,0.0,0.0,0.0,0.0,0.0,0.0,0.0,0.0,
Oman,OMN,1993,0.0,0.0,0.0,0.0,0.0,0.0,0.0,0.0,0.0,0.0,0.0,0.0,0.0,0.0,0.0,0.0,0.0,0.0,0.0,
Oman,OMN,1994,0.0,0.0,0.0,0.0,0.0,0.0,0.0,0.0,0.0,0.0,0.0,0.0,0.0,0.0,0.0,0.0,0.0,0.0,0.0,
Oman,OMN,1995,0.0,0.0,0.0,0.0,0.0,0.0,0.0,0.0,0.0,0.0,0.0,0.0,0.0,0.0,0.0,0.0,0.0,0.0,0.0,
Oman,OMN,1996,0.0,0.0,0.0,0.0,0.0,0.0,0.0,0.0,0.0,0.0,0.0,0.0,0.0,0.0,0.0,0.0,0.0,0.0,0.0,
Oman,OMN,1997,0.0,0.0,0.0,0.0,0.0,0.0,0.0,0.0,0.0,0.0,0.0,0.0,0.0,0.0,0.0,0.0,0.0,0.0,0.0,
Oman,OMN,1998,0.0,0.0,0.0,0.0,0.0,0.0,0.0,0.0,0.0,0.0,0.0,0.0,0.0,0.0,0.0,0.0,0.0,0.0,0.0,
Oman,OMN,1999,0.0,0.0,0.0,0.0,0.0,0.0,0.0,0.0,0.0,0.0,0.0,0.0,0.0,0.0,0.0,0.0,0.0,0.0,0.0,
Oman,OMN,2000,0.0,0.0,0.0,0.0,0.0,0.0,0.0,0.0,0.0,0.0,0.0,0.0,0.0,0.0,0.0,0.0,0.0,0.0,0.0,
Oman,OMN,2001,0.0,0.0,0.0,0.0,0.0,0.0,0.0,0.0,0.0,0.0,0.0,0.0,0.0,0.0,0.0,0.0,0.0,0.0,0.0,
Oman,OMN,2002,0.0,0.0,0.0,0.0,0.0,0.0,0.0,0.0,0.0,0.0,0.0,0.0,0.0,0.0,0.0,0.0,0.0,0.0,0.0,
Oman,OMN,2003,0.0,0.0,0.0,0.0,0.0,0.0,0.0,0.0,0.0,0.0,0.0,0.0,0.0,0.0,0.0,0.0,0.0,0.0,0.0,
Oman,OMN,2004,0.0,0.0,0.0,0.0,0.0,0.0,0.0,0.0,0.0,0.0,0.0,0.0,0.0,0.0,0.0,0.0,0.0,0.0,0.0,
Oman,OMN,2005,0.0,0.0,0.0,0.0,0.0,0.0,0.0,0.0,0.0,0.0,0.0,0.0,0.0,0.0,0.0,0.0,0.0,0.0,0.0,
Oman,OMN,2006,0.0,0.0,0.0,0.0,0.0,0.0,0.0,0.0,0.0,0.0,0.0,0.0,0.0,0.0,0.0,0.0,0.0,0.0,0.0,
Oman,OMN,2007,0.0,0.0,0.0,0.0,0.0,0.0,0.0,0.0,0.0,0.0,0.0,0.0,0.0,0.0,0.0,0.0,0.0,0.0,0.0,
Oman,OMN,2008,0.0,0.0,0.0,0.0,0.0,0.0,0.0,0.0,0.0,0.0,0.0,0.0,0.0,0.0,0.0,0.0,0.0,0.0,0.0,
Oman,OMN,2009,0.0,0.0,0.0,0.0,0.0,0.0,0.0,0.0,0.0,0.0,0.0,0.0,0.0,0.0,0.0,0.0,0.0,0.0,0.0,
Oman,OMN,2010,0.0,0.0,0.0,0.0,0.0,0.0,0.0,0.0,0.0,0.0,0.0,0.0,0.0,0.0,0.0,0.0,0.0,0.0,0.0,
Oman,OMN,2011,0.0,0.0,0.0,0.0,0.0,0.0,0.0,0.0,0.0,0.0,0.0,0.0,0.0,0.0,0.0,0.0,0.0,0.0,0.0,
Oman,OMN,2012,0.0,0.0,0.0,0.0,0.0,0.0,0.0,0.0,0.0,0.0,0.0,0.0,0.0,0.0,0.0,0.0,0.0,0.0,0.0,
Oman,OMN,2013,0.0010279703,0.0,0.0012,0.0,0.0,0.0,0.0,0.0,0.0,0.0,0.0,0.0,0.0,0.0,0.0,0.0,0.0,0.0010279703,0.0,
Oman,OMN,2014,0.0010236644,0.0,0.0012,0.0,0.0,0.0,0.0,0.0,0.0,0.0,0.0,0.0,0.0,0.0,0.0,0.0,0.0,0.0010236644,0.0,
Oman,OMN,2015,0.002971764,0.0,0.0037,0.0,0.0,0.0,0.0,0.0,0.0,0.0,0.0,0.0,0.0,0.0,0.0,0.0,0.0,0.002971764,0.0,
Oman,OMN,2016,0.0033375414,0.0,0.004196,0.0,0.0,0.0,0.0,0.0,0.0,0.0,0.0,0.0,0.0,0.0,0.0,0.0,0.0,0.0033375414,0.0,
Oman,OMN,2017,0.011463476,0.0,0.01556,0.0,0.0,0.0,0.0,0.02,0.0,0.058858152,0.0,0.0,0.0,0.0,0.0,0.0,0.02,0.011463476,0.058858152,
Oman,OMN,2018,0.010915677,0.0,0.015712,0.0,0.0,0.0,0.0,0.02,0.0,0.056385677,0.0,0.0,0.0,0.0,0.0,0.0,0.02,0.010915677,0.056385677,
Oman,OMN,2019,0.017586906,0.0,0.016555,0.0087,0.0,0.0,0.0,0.02,0.0,0.055478502,0.0,0.0,0.0,0.0,0.006060428,0.0,0.02,0.011526478,0.055478502,
Oman,OMN,2020,0.2240027,0.0,0.21203838,0.1043,0.0,0.0,0.0,0.13,0.0,0.37856728,0.0,0.0,0.0,0.0,0.073855974,0.0,0.13,0.15014674,0.37856728,
Oman,OMN,2021,,0.0,0.26072988,0.10401503,,0.0,0.0,0.16,0.0,0.43763673,0.0,,0.0,0.0,0.06535369,0.0,0.16,0.16381928,0.43763673,
Pakistan,PAK,1965,7.8989325,0.0,0.0,0.0,2.196442,0.0,2.196442,0.0,0.0,,2.196442,7.8989325,,0.0,0.0,,0.0,0.0,,
Pakistan,PAK,1966,7.8401713,0.0,0.0,0.0,2.196442,0.0,2.196442,0.0,0.0,,2.196442,7.8401713,,0.0,0.0,,0.0,0.0,,
Pakistan,PAK,1967,8.392018,0.0,0.0,0.0,2.6030266,0.0,2.6030266,0.0,0.0,,2.6030266,8.392018,,0.0,0.0,,0.0,0.0,,
Pakistan,PAK,1968,8.885178,0.0,0.0,0.0,3.128935,0.0,3.128935,0.0,0.0,,3.128935,8.885178,,0.0,0.0,,0.0,0.0,,
Pakistan,PAK,1969,9.32975,0.0,0.0,0.0,3.3012917,0.0,3.3012917,0.0,0.0,,3.3012917,9.32975,,0.0,0.0,,0.0,0.0,,
Pakistan,PAK,1970,8.390381,0.0,0.0,0.0,2.9212234,0.0,2.9212234,0.0,0.0,,2.9212234,8.390381,,0.0,0.0,,0.0,0.0,,
Pakistan,PAK,1971,11.718862,0.0,0.0,0.0,3.8139422,0.0,3.8139422,0.0,0.0,,3.8139422,11.718862,,0.0,0.0,,0.0,0.0,,
Pakistan,PAK,1972,13.253896,0.0,0.0,0.0,4.012815,0.0,4.012815,0.0,0.0,,4.012815,13.253896,,0.0,0.0,,0.0,0.0,,
Pakistan,PAK,1973,13.087776,0.0,0.0,0.0,4.233785,0.0,4.233785,0.0,0.0,,4.233785,13.087776,,0.0,0.0,,0.0,0.0,,
Pakistan,PAK,1974,12.144384,0.0,0.0,0.0,4.2558823,0.0,4.2558823,0.0,0.0,,4.2558823,12.144384,,0.0,0.0,,0.0,0.0,,
Pakistan,PAK,1975,13.310854,0.0,0.0,0.0,4.896695,0.0,4.896695,0.0,0.0,,4.896695,13.310854,,0.0,0.0,,0.0,0.0,,
Pakistan,PAK,1976,14.231518,0.0,0.0,0.0,5.3165383,0.0,5.3165383,0.0,0.0,,5.3165383,14.231518,,0.0,0.0,,0.0,0.0,,
Pakistan,PAK,1977,15.620375,0.0,0.0,0.0,6.3153224,0.0,6.3153224,0.0,0.0,,6.3153224,15.620375,,0.0,0.0,,0.0,0.0,,
Pakistan,PAK,1978,18.110394,0.0,0.0,0.0,7.8400154,0.0,7.8400154,0.0,0.0,,7.8400154,18.110394,,0.0,0.0,,0.0,0.0,,
Pakistan,PAK,1979,17.961802,0.0,0.0,0.0,8.476409,0.0,8.476409,0.0,0.0,,8.476409,17.961802,,0.0,0.0,,0.0,0.0,,
Pakistan,PAK,1980,16.982367,0.0,0.0,0.0,8.887413,0.0,8.887413,0.0,0.0,,8.887413,16.982367,,0.0,0.0,,0.0,0.0,,
Pakistan,PAK,1981,16.494284,0.0,0.0,0.0,9.28074,0.0,9.28074,0.0,0.0,,9.28074,16.494284,,0.0,0.0,,0.0,0.0,,
Pakistan,PAK,1982,16.829155,0.0,0.0,0.0,10.443042,0.0,10.443042,0.0,0.0,,10.443042,16.829155,,0.0,0.0,,0.0,0.0,,
Pakistan,PAK,1983,18.234488,0.0,0.0,0.0,12.095898,0.0,12.095898,0.0,0.0,,12.095898,18.234488,,0.0,0.0,,0.0,0.0,,
Pakistan,PAK,1984,17.859362,0.0,0.0,0.0,12.537838,0.0,12.537838,0.0,0.0,,12.537838,17.859362,,0.0,0.0,,0.0,0.0,,
Pakistan,PAK,1985,17.652674,0.0,0.0,0.0,13.023972,0.0,13.023972,0.0,0.0,45.182903,13.023972,17.652674,45.182903,0.0,0.0,0.0,0.0,0.0,0.0,
Pakistan,PAK,1986,15.92544,0.0,0.0,0.0,12.453869,0.0,12.453869,0.0,0.0,38.499657,12.453869,15.92544,38.499657,0.0,0.0,0.0,0.0,0.0,0.0,
Pakistan,PAK,1987,18.666111,0.0,0.0,0.0,16.373877,0.0,16.373877,0.0,0.0,45.04877,16.373877,18.666111,45.04877,0.0,0.0,0.0,0.0,0.0,0.0,
Pakistan,PAK,1988,18.419365,0.0,0.0,0.0,17.16495,0.0,17.16495,0.0,0.0,42.204395,17.16495,18.419365,42.204395,0.0,0.0,0.0,0.0,0.0,0.0,
Pakistan,PAK,1989,17.649538,0.0,0.0,0.0,17.443373,0.0,17.443373,0.0,0.0,40.749832,17.443373,17.649538,40.749832,0.0,0.0,0.0,0.0,0.0,0.0,
Pakistan,PAK,1990,16.537376,0.0,0.0,0.0,17.0854,0.0,17.0854,0.0,0.0,37.154285,17.0854,16.537376,37.154285,0.0,0.0,0.0,0.0,0.0,0.0,
Pakistan,PAK,1991,16.70148,0.0,0.0,0.0,18.283058,0.0,18.283058,0.0,0.0,36.40593,18.283058,16.70148,36.40593,0.0,0.0,0.0,0.0,0.0,0.0,
Pakistan,PAK,1992,17.344545,0.0,0.0,0.0,19.944752,0.0,19.944752,0.0,0.0,37.227722,19.944752,17.344545,37.227722,0.0,0.0,0.0,0.0,0.0,0.0,
Pakistan,PAK,1993,17.234846,0.0,0.0,0.0,21.933483,0.0,21.933483,0.0,0.0,38.471695,21.933483,17.234846,38.471695,0.0,0.0,0.0,0.0,0.0,0.0,
Pakistan,PAK,1994,16.347652,0.0,0.0,0.0,21.526897,0.0,21.526897,0.0,0.0,37.16468,21.526897,16.347652,37.16468,0.0,0.0,0.0,0.0,0.0,0.0,
Pakistan,PAK,1995,16.378124,0.0,0.0,0.0,22.746653,0.0,22.746653,0.0,0.0,35.681023,22.746653,16.378124,35.681023,0.0,0.0,0.0,0.0,0.0,0.0,
Pakistan,PAK,1996,16.762865,0.0,0.0,0.0,24.797253,0.0,24.797253,0.0,0.0,36.70133,24.797253,16.762865,36.70133,0.0,0.0,0.0,0.0,0.0,0.0,
Pakistan,PAK,1997,12.898634,0.0,0.0,0.0,18.446575,0.0,18.446575,0.0,0.0,29.523495,18.446575,12.898634,29.523495,0.0,0.0,0.0,0.0,0.0,0.0,
Pakistan,PAK,1998,15.707119,0.0,0.0,0.0,24.107826,0.0,24.107826,0.0,0.0,36.309155,24.107826,15.707119,36.309155,0.0,0.0,0.0,0.0,0.0,0.0,
Pakistan,PAK,1999,13.423368,0.0,0.0,0.0,21.5048,0.0,21.5048,0.0,0.0,32.9313,21.5048,13.423368,32.9313,0.0,0.0,0.0,0.0,0.0,0.0,
Pakistan,PAK,2000,11.344158,0.9267,0.0,0.0,17.558277,0.0,17.02,0.0,0.77,28.059938,17.02,10.732646,26.845425,0.0,0.0,0.0,0.0,0.0,0.0,
Pakistan,PAK,2001,11.41505,0.8721,0.0,0.0,18.291897,0.0,18.75,0.0,0.79,28.376417,18.75,10.852812,27.22916,0.0,0.0,0.0,0.0,0.0,0.0,
Pakistan,PAK,2002,12.188603,0.9608,0.0,0.0,20.417627,0.0,22.13,0.0,0.82,31.67702,22.13,11.592025,30.545204,0.0,0.0,0.0,0.0,0.0,0.0,
Pakistan,PAK,2003,13.333745,1.0411,0.0,0.0,24.5975,0.0,26.67,0.0,0.82,35.48012,26.67,12.740202,34.421783,0.0,0.0,0.0,0.0,0.0,0.0,
Pakistan,PAK,2004,12.676343,1.0764,0.0,0.0,26216,0.0,25.41,0.0,0.92,32.454086,25.41,12.124859,31.320105,0.0,0.0,0.0,0.0,0.0,0.0,
Pakistan,PAK,2005,13.59751,0.0,0.0,0.0,30.699635,0.0,30.55,0.0,0.97,35.17072,30.55,13.59751,34.08837,0.0,0.0,0.0,0.0,0.0,0.0,
Pakistan,PAK,2006,12.633492,0.0,0.0,0.0,30.250881,0.0,31.63,0.0,1.03,34.630474,31.63,12.633492,33.53833,0.0,0.0,0.0,0.0,0.0,0.0,
Pakistan,PAK,2007,12.365368,0.0,0.000202,0.0,31.678736,0.0,28.42,0.0,1.1,32.52176,28.42,12.365289,31.309906,0.0,0.0,0.0,0.0,7.899143e-05,0.0,
Pakistan,PAK,2008,10.553434,0.0,0.001584,0.0,27.339064,0.0,27.51,0.0,1.16,32.679813,27.51,10.552824,31.357573,0.0,0.0,0.0,0.0,0.00061050215,0.0,
Pakistan,PAK,2009,10.885857,0.0,0.005328,0.0,28.745743,0.01,27.81,0.0,1.2,31.461407,27.81,10.883838,30.14961,0.01,0.0,0.010841284,0.0,0.002018574,0.0,
Pakistan,PAK,2010,11.174628,0.0,0.013428,0.0,29.809982,0.01,31.49,0.01,1.07,34.48714,31.49,11.169597,33.333332,0.01,0.0,0.0105853705,0.01,0.005031391,0.0105853705,
Pakistan,PAK,2011,11.411279,0.0,0.02683,0.0,30.59442,0.02,28.23,0.03,1.07,30.95012,28.23,11.40128,29.76906,0.02,0.0,0.021090372,0.03,0.009998438,0.031635556,
Pakistan,PAK,2012,4.3177876,0.0,0.06597,19,10.74654,0.01,29.56,0.07,1.04,31.27421,29.56,4.283916,30.132519,0.01,0.007573994,0.01019368,0.07,0.026297772,0.07135576,
Pakistan,PAK,2013,11.522516,0.0,0.14489,0.15137164,31.485884,0.4,31.55,0.14,1.15,31.678265,31.55,11.415106,30.067663,0.4,0.054879323,0.3812065,0.14,0.052529417,0.13342229,
Pakistan,PAK,2014,11.496394,0.0,0.238108,0.31336787,32.376305,0.8,32.15,0.24,1.28,32.112915,32.15,11.303852,29.95156,0.8,0.109409146,0.74529535,0.24,0.08313292,0.2235886,
Pakistan,PAK,2015,11.174579,0.07967607,0.381823,0.598594,32.779472,0.79,34.29,0.38,1.36,32.787178,34.29,10.819788,30.534283,0.79,0.19758281,0.7034728,0.38,0.12603146,0.33837932,
Pakistan,PAK,2016,11.086973,0.5322557,0.716873,0.9181191,34.57764,1.33,31.86,0.68,1.77,28.823292,31.86,10.404052,25.766275,1.33,0.27625245,1.0756166,0.68,0.21569961,0.54993933,
Pakistan,PAK,2017,9.67495,1.0753148,0.984052,1.7629018,30.204067,2.1,27.65,0.92,1.72,24.616203,27.65,8.534332,21.013832,2.1,0.49811807,1.5959871,0.92,0.27804953,0.6991944,
Pakistan,PAK,2018,9.416381,1.0303783,1.023203,2.83179,29.479803,3.16,37.01,0.92,1.58,30.500359,37.01,8.028025,26.454609,3.16,0.7711612,2.2587564,0.92,0.27864158,0.6576126,
Pakistan,PAK,2019,11.015738,0.61805326,1.068956,3.1482446,36.136223,2.88,35.28,0.93,1.43,29.787548,35.28,9.684885,25.935455,2.88,0.8437624,2.11718,0.93,0.2864914,0.6836727,
Pakistan,PAK,2020,12.021025,0.6342793,1.2047964,2.7321582,39.98724,2.88,37.38,1.03,1.43,31.209818,37.38,10.754805,27.30859,2.88,0.7348301,2.1040328,1.03,0.32403708,0.7524839,
Pakistan,PAK,2021,10.622897,0.70214427,1.5170892,3.4323654,37.685818,2.88,39.0,1.26,1.52,29.739628,39.0,9.204771,25.970568,2.88,0.8383562,1.9178265,1.26,0.37054947,0.8390491,

Peru,PER,1965,13.740327,0.0,0.0,0.0,2625,0.0,2625,0.0,0.0,,2625,13.740327,,0.0,0.0,,0.0,0.0,,
Peru,PER,1966,12.172948,0.0,0.0,0.0,2827,0.0,2827,0.0,0.0,,2827,12.172948,,0.0,0.0,,0.0,0.0,,
Peru,PER,1967,13.394147,0.0,0.0,0.0,3168,0.0,3168,0.0,0.0,,3168,13.394147,,0.0,0.0,,0.0,0.0,,
Peru,PER,1968,14.111241,0.0,0.0,0.0,3.4,0.0,3.4,0.0,0.0,,3.4,14.111241,,0.0,0.0,,0.0,0.0,,
Peru,PER,1969,15.24189,0.0,0.0,0.0,3701,0.0,3701,0.0,0.0,,3701,15.24189,,0.0,0.0,,0.0,0.0,,
Peru,PER,1970,14.120807,0.0,0.0,0.0,3536,0.0,3536,0.0,0.0,,3536,14.120807,,0.0,0.0,,0.0,0.0,,
Peru,PER,1971,17.272398,227,0.0,0.0,4286,0.0,4286,0.0,227,,4286,16.338242,,0.0,0.0,,0.0,0.0,,
Peru,PER,1972,19.887009,227,0.0,0.0,4435,0.0,4435,0.0,227,,4435,18.845688,,0.0,0.0,,0.0,0.0,,
Peru,PER,1973,18.577597,0.23,0.0,0.0,4769,0.0,4769,0.0,0.23,,4769,17.65823,,0.0,0.0,,0.0,0.0,,
Peru,PER,1974,17.592985,266,0.0,0.0,5216,0.0,5216,0.0,266,,5216,16.674969,,0.0,0.0,,0.0,0.0,,
Peru,PER,1975,17.860975,266,0.0,0.0,5467,0.0,5467,0.0,266,,5467,16.969631,,0.0,0.0,,0.0,0.0,,
Peru,PER,1976,18.50168,245,0.0,0.0,5793,0.0,5793,0.0,245,,5793,17.693842,,0.0,0.0,,0.0,0.0,,
Peru,PER,1977,19.078714,242,0.0,0.0,6025,0.0,6025,0.0,242,,6025,18.285824,,0.0,0.0,,0.0,0.0,,
Peru,PER,1978,19.59224,215,0.0,0.0,6192,0.0,6192,0.0,215,,6192,18.88437,,0.0,0.0,,0.0,0.0,,
Peru,PER,1979,20.157331,163,0.0,0.0,6703,0.0,6703,0.0,163,,6703,19.6417,,0.0,0.0,,0.0,0.0,,
Peru,PER,1980,19.488487,85,0.0,0.0,7.01,0.0,7.01,0.0,85,,7.01,19.236677,,0.0,0.0,,0.0,0.0,,
Peru,PER,1981,21.09335,76,0.0,0.0,7996,0.0,7996,0.0,76,,7996,20.879112,,0.0,0.0,,0.0,0.0,,
Peru,PER,1982,22.348915,151,0.0,0.0,8396,0.0,8396,0.0,151,,8396,21.923265,,0.0,0.0,,0.0,0.0,,
Peru,PER,1983,24.380442,145,0.0,0.0,8107,0.0,8107,0.0,145,,8107,23.918608,,0.0,0.0,,0.0,0.0,,
Peru,PER,1984,24.780766,142,0.0,0.0,8703,0.0,8703,0.0,142,,8703,24.35183,,0.0,0.0,,0.0,0.0,,
Peru,PER,1985,26.95251,169,0.0,0.0,9382,0.0,9382,0.0,169,78.86219,9382,26.438389,77.46677,0.0,0.0,0.0,0.0,0.0,0.0,
Peru,PER,1986,26.928583,154,0.0,0.0,10.06,0.0,10.06,0.0,154,78.88477,10.06,26.4908,77.695404,0.0,0.0,0.0,0.0,0.0,0.0,
Peru,PER,1987,27.016397,136,0.0,0.0,10878,0.0,10878,0.0,136,78.63773,10878,26.656618,77.66672,0.0,0.0,0.0,0.0,0.0,0.0,
Peru,PER,1988,26.545847,136,0.0,0.0,10423,0.0,10423,0.0,136,77.9147,10423,26.177116,76.91116,0.0,0.0,0.0,0.0,0.0,0.0,
Peru,PER,1989,29.118135,145,0.0,0.0,10507,0.0,10507,0.0,145,77.5989,10507,28.690699,76.54257,0.0,0.0,0.0,0.0,0.0,0.0,
Peru,PER,1990,29.302029,136,0.0,0.0,10469,0.0,10469,0.0,136,76.80331,10469,28.896778,75.81837,0.0,0.0,0.0,0.0,0.0,0.0,
Peru,PER,1991,32.345062,133,0.0,0.0,11492,0.0,11492,0.0,133,80.27206,11492,31.945934,79.353676,0.0,0.0,0.0,0.0,0.0,0.0,
Peru,PER,1992,28.06741,133,0.0,0.0,9689,0.0,9689,0.0,133,74.8514,9689,27.657557,73.83783,0.0,0.0,0.0,0.0,0.0,0.0,
Peru,PER,1993,31.196318,109,0.0,0.0,11799,0.0,11799,0.0,109,80416,11799,30.888271,79.67991,0.0,0.0,0.0,0.0,0.0,0.0,
Peru,PER,1994,30.9784,119,0.0,0.0,12747,0.0,12747,0.0,119,81.09164,12747,30.669312,80.341606,0.0,0.0,0.0,0.0,0.0,0.0,
Peru,PER,1995,28.913647,142,0.0,0.0,12.9376,0.0,12.9376,0.0,142,77.48533,12.9376,28.575066,76.6441,0.0,0.0,0.0,0.0,0.0,0.0,
Peru,PER,1996,28.776926,137,0.0,0.0004,13.3236,0.0004,13.3236,0.0,137,77.90021,13.3236,28.460152,77.10506,0.0004,0.00085481664,0.0023148416,0.0,0.0,0.0,
Peru,PER,1997,28.34366,154,0.0,0.0006,13.2145,0.0006,13.2145,0.0,154,74.46556,13.2145,27.990246,73.60445,0.0006,0.0012714657,0.0033419856,0.0,0.0,0.0,
Peru,PER,1998,29.417265,126,0.0,0.0005,13.8083,0.0005,13.8083,0.0,126,74.98883,13.8083,29.129261,74.30808,0.0005,0.0010542623,0.0026907036,0.0,0.0,0.0,
Peru,PER,1999,30.10594,139,0.0,0.0006,14.5406,0.0006,14.5406,0.0,139,77.063034,14.5406,29.797209,76.33021,0.0006,0.0012301041,0.0031496724,0.0,0.0,0.0,
Peru,PER,2000,32.495964,158,0.0,0.0008,16.1761,0.0,16.01,0.0,0.06,82.241554,16.01,32.15531,81.93449,0.0,0.0015909856,0.0,0.0,0.0,0.0,
Peru,PER,2001,35.526463,163,0.0,0.0012,17.6148,0.0,17.43,0.0,0.05,85.60235,17.43,35.17043,85.35749,0.0,0.002397622,0.0,0.0,0.0,0.0,
Peru,PER,2002,35.351955,186,0.0,0.0012,18.0401,0.0,17.86,0.0,0.07,83.04771,17.86,34.955475,82.72348,0.0,0.0023234582,0.0,0.0,0.0,0.0,
Peru,PER,2003,36.600243,196,0.0,0.0012,18.5337,0.0,18.35,0.0,0.09,81992,18.35,36.176796,81.59182,0.0,0.0023370008,0.0,0.0,0.0,0.0,
Peru,PER,2004,32.297504,153,0.0,0.0012,17.5253,0.0,17.35,0.0,0.12,73.249466,17.35,31.985987,72.74633,0.0,0.0021815838,0.0,0.0,0.0,0.0,
Peru,PER,2005,31.84631,348,0.0,0.0012,17977,0.0,17.9,0.0,0.12,71.11286,17.9,31.171518,70.639305,0.0,0.0020858152,0.0,0.0,0.0,0.0,
Peru,PER,2006,34.128056,348,0.0,0.0012,19.5943,0.0,19.51,0.0,0.09,73.29843,19.51,33.45933,72.96185,0.0,0.0020504354,0.0,0.0,0.0,0.0,
Peru,PER,2007,31.039616,417,0.0,0.0012,19.5488,0.0,19.35,0.0,0.07,66.64379,19.35,30.307896,66.40357,0.0,0.0018581117,0.0,0.0,0.0,0.0,
Peru,PER,2008,28.021553,0.46,0.0,0.0012,19.0596,0.0,18.96,0.0,0.11,59.575134,18.96,27.272123,59.23149,0.0,0.0017114837,0.0,0.0,0.0,0.0,
Peru,PER,2009,28.33369,0.46,0.0,0.0012,19.9038,0.0,19.42,0.0,0.18,61.88822,19.42,27.60283,61.319862,0.0,0.0016690692,0.0,0.0,0.0,0.0,
Peru,PER,2010,25.21364,673,0.0,0.0012,20.0521,0.0,19.84,0.0,0.19,58.430576,19.84,24.275156,57.876316,0.0,0.001453876,0.0,0.0,0.0,0.0,
Peru,PER,2011,24.354307,675,0.0,0.0012,21.5573,0.0,21.37,0.0,0.3,57.771263,21.37,23.501474,56.971478,0.0,0.0013063148,0.0,0.0,0.0,0.0,
Peru,PER,2012,24.011053,668,0.0597,0.0012,22.0319,0.0,21.14,0.09,0.45,56.428947,21.14,23.13064,55.023426,0.0,0.0012550411,0.0,0.09,0.06267729,0.234253,
Peru,PER,2013,24.136717,0.96,0.1969,0.0012,22.3196,0.0,22.09,0.24,0.48,54.765903,22.09,22.786526,53.037212,0.0,0.0012278297,0.0,0.24,0.20101914,0.57623047,
Peru,PER,2014,23.94071,1291,0.1993,0.2575,22.2107,0.26,21.98,0.25,0.52,52.933056,21.98,21.982971,50.563606,0.26,0.25485983,0.5981136,0.25,0.1972566,0.57510924,
Peru,PER,2015,24.024496,907,0.23025534,0.5943741,23.687063,0.6,23.47,0.29,0.46,53.676468,23.47,22.240726,50.75692,0.6,0.5580815,1.2975779,0.29,0.21619594,0.62716264,
Peru,PER,2016,22.57668,0.31442258,241,1064,24136,1.06,23.92,0.31,0.61,51.966293,23.92,21.107538,47.99358,1.06,0.9304947,2.1268055,0.31,0.21076056,0.6219904,
Peru,PER,2017,26.171818,0.43491,0.329723,1.073432,29.074512,1.07,28.77,0.36,0.6,58.7114,28.77,24.546741,54.841785,1.07,0.90626657,2.0396495,0.36,0.27837527,0.68623716,
Peru,PER,2018,26.795403,0.491651,0.7967,1.5024,30.7374,1.5,30.41,0.75,0.6,60.83775,30.41,24.49088,55.62466,1.5,1.1970791,2.7437353,0.75,0.6347929,1.3718677,
Peru,PER,2019,26.621336,0.45461112,0.8329,1655,31.4621,1.65,31.26,0.78,0.7,60.802685,31.26,24.276814,55.26874,1.65,1.2770326,2.9172559,0.78,0.6426831,1.3790665,
Peru,PER,2020,30.744228,0.5103359,0.84927416,1814,30506,1.81,30.5,0.79,0.6,63.80159,30.5,27.75659,57.74328,1.81,1.6505098,3.4267323,0.79,0.7727318,1.4956456,
Peru,PER,2021,27.741009,0.5788325,0.87547284,1802,31945,1.81,31.89,0.82,0.72,60.61232,31.89,25.084099,54.85036,1.81,1.4149804,3.1131752,0.82,0.6874456,1.4103887,
Philippines,PHL,1965,8.365924,0.0,0.0,0.0,1.55,0.0,1.55,0.0,0.0,,1.55,8.365924,,0.0,0.0,,0.0,0.0,,
Philippines,PHL,1966,7.593555,0.0,0.0,0.0,1.52,0.0,1.52,0.0,0.0,,1.52,7.593555,,0.0,0.0,,0.0,0.0,,
Philippines,PHL,1967,7.472384,0.0,0.0,0.0,1.68,0.0,1.68,0.0,0.0,,1.68,7.472384,,0.0,0.0,,0.0,0.0,,
Philippines,PHL,1968,6.7745633,0.0,0.0,0.0,1.72,0.0,1.72,0.0,0.0,,1.72,6.7745633,,0.0,0.0,,0.0,0.0,,
Philippines,PHL,1969,6.673862,0.0,0.0,0.0,1815,0.0,1815,0.0,0.0,,1815,6.673862,,0.0,0.0,,0.0,0.0,,
Philippines,PHL,1970,6.776431,0.0,0.0,0.0,2097,0.0,2097,0.0,0.0,,2097,6.776431,,0.0,0.0,,0.0,0.0,,
Philippines,PHL,1971,5.460589,0.0,0.0,0.0,1933,0.0,1933,0.0,0.0,,1933,5.460589,,0.0,0.0,,0.0,0.0,,
Philippines,PHL,1972,6.2965407,0.0,0.0,0.0,2207,0.0,2207,0.0,0.0,,2207,6.2965407,,0.0,0.0,,0.0,0.0,,
Philippines,PHL,1973,5.8037663,0.0,0.0,0.0,2374,0.0,2374,0.0,0.0,,2374,5.8037663,,0.0,0.0,,0.0,0.0,,
Philippines,PHL,1974,5.3819346,0.0,0.0,0.0,2051,0.0,2051,0.0,0.0,,2051,5.3819346,,0.0,0.0,,0.0,0.0,,
Philippines,PHL,1975,5.5076227,0.0,0.0,0.0,2272,0.0,2272,0.0,0.0,,2272,5.5076227,,0.0,0.0,,0.0,0.0,,
Philippines,PHL,1976,6.518622,0.0,0.0,0.0,2795,0.0,2795,0.0,0.0,,2795,6.518622,,0.0,0.0,,0.0,0.0,,
Philippines,PHL,1977,4.5764337,1,0.0,0.0,2114,0.0,2114,0.0,1,,2114,4.574361,,0.0,0.0,,0.0,0.0,,
Philippines,PHL,1978,5.834701,3,0.0,0.0,2811,0.0,2811,0.0,3,,2811,5.8287406,,0.0,0.0,,0.0,0.0,,
Philippines,PHL,1979,6.946879,0.63694,0.0,0.0,2881,0.0,2881,0.0,0.63694,,2881,5.731037,,0.0,0.0,,0.0,0.0,,
Philippines,PHL,1980,11.08545,2.04485,0.0,0.0,3522,0.0,3522,0.0,2.04485,,3522,7.119132,,0.0,0.0,,0.0,0.0,,
Philippines,PHL,1981,15.252098,3.91219,0.0,0.0,3725,0.0,3725,0.0,3.91219,,3725,7.554796,,0.0,0.0,,0.0,0.0,,
Philippines,PHL,1982,15.784579,3.90786,0.0,0.0,3773,0.0,3773,0.0,3.90786,,3773,7.8732705,,0.0,0.0,,0.0,0.0,,
Philippines,PHL,1983,16.98629,4.93498,0.0,0.0,3968,0.0,3968,0.0,4.93498,,3968,7.654137,,0.0,0.0,,0.0,0.0,,
Philippines,PHL,1984,22.255999,5.35846,0.0,0.0,5278,0.0,5278,0.0,5.35846,,5278,11.166977,,0.0,0.0,,0.0,0.0,,
Philippines,PHL,1985,24.90198,5.94218,0.0,0.0,5553,0.0,5553,0.0,5.94218,50.492752,5553,12.157783,24.391636,0.0,0.0,0.0,0.0,0.0,0.0,
Philippines,PHL,1986,24.756966,5.5733,0.0,0.0,6017,0.0,6017,0.0,5.5733,55.260315,6017,12.970659,28.687899,0.0,0.0,0.0,0.0,0.0,0.0,
Philippines,PHL,1987,19.908722,4.89597,0.0,0.0,5247,0.0,5247,0.0,4.89597,44.797146,5247,10.456549,23.173748,0.0,0.0,0.0,0.0,0.0,0.0,
Philippines,PHL,1988,20.45768,5.22291,0.0,0.0,6264,0.0,6264,0.0,5.22291,46.810833,6264,11.319295,25.526714,0.0,0.0,0.0,0.0,0.0,0.0,
Philippines,PHL,1989,20.052565,5.70166,0.0,0.0,6485,0.0,6485,0.0,5.70166,47.654404,6485,10.833643,25.358776,0.0,0.0,0.0,0.0,0.0,0.0,
Philippines,PHL,1990,18.938623,5.89576,0.0,0.0,6062,0.0,6062,0.0,5.89576,45.42014,6062,9.753082,23.02579,0.0,0.0,0.0,0.0,0.0,0.0,
Philippines,PHL,1991,17.744583,5758,0.0,0.0,5145,0.0,5145,0.0,5758,42.50848,5145,8.556031,20.059261,0.0,0.0,0.0,0.0,0.0,0.0,
Philippines,PHL,1992,14.223133,5.7,0.0,0.0,4.44,0.0,4.44,0.0,5.7,39.195976,4.44,6.3726177,17.162737,0.0,0.0,0.0,0.0,0.0,0.0,
Philippines,PHL,1993,14.523899,5667,0.0,0.0,5.03,0.0,5.03,0.0,5667,40.24606,5.03,6.978888,18.924715,0.0,0.0,0.0,0.0,0.0,0.0,
Philippines,PHL,1994,15.574135,6.32,0.0,0.0,5862,0.0,5862,0.0,6.32,39.99475,5862,7.6547565,19.245544,0.0,0.0,0.0,0.0,0.0,0.0,
Philippines,PHL,1995,14.212176,6135,0.0,0.0,6232,0.0,6232,0.0,6135,36.857006,6232,7.3083096,18.573046,0.0,0.0,0.0,0.0,0.0,0.0,
Philippines,PHL,1996,14.502602,6534,0.0,0.0,7.03,0.0,7.03,0.0,6534,36.95208,7.03,7.665661,19.15166,0.0,0.0,0.0,0.0,0.0,0.0,
Philippines,PHL,1997,13.195356,7237,0.0,0.0,6069,0.0,6069,0.0,7237,33.43468,6069,6.153765,15.249892,0.0,0.0,0.0,0.0,0.0,0.0,
Philippines,PHL,1998,13.60515,8914,0.0,0.0,5066,0.0,5066,0.0,8914,33.62355,5066,5.060537,12.184329,0.0,0.0,0.0,0.0,0.0,0.0,
Philippines,PHL,1999,17.62454,10594,0.0,0.0,7.84,0.0,7.84,0.0,10594,44.49218,7.84,7.673926,18.922573,0.0,0.0,0.0,0.0,0.0,0.0,
Philippines,PHL,2000,18.595215,11626,0.0,0.0,7799,0.0,7.72,0.0,11.650001,44.375717,7.72,7.6508613,17.68614,0.0,0.0,0.0,0.0,0.0,0.0,
Philippines,PHL,2001,16.949202,10442,0.0,0.0,7104,0.0,7.03,0.0,10.469999,38.716812,7.03,7.031442,15.553097,0.0,0.0,0.0,0.0,0.0,0.0,
Philippines,PHL,2002,16.691975,10.242493,0.0,0.0,7.032973,0.0,6.96,0.0,10.26,37.016335,6.96,6.9622097,14.961307,0.0,0.0,0.0,0.0,0.0,0.0,
Philippines,PHL,2003,16.424408,9.822444,0.0,0.0,7.86982,0.0,7.79,0.0,9.849999,34.80663,7.79,7.4734983,15.3709545,0.0,0.0,0.0,0.0,0.0,0.0,
Philippines,PHL,2004,16.852709,10.28155,0.0,0.0,8.592681,0.0,8.51,0.0,10.309999,35.07268,8.51,7.845031,15.859113,0.0,0.0,0.0,0.0,0.0,0.0,
Philippines,PHL,2005,16.317411,9.902443,0.001517,0.017469,8.386773,0.02,8.3,0.0,9.929999,33.684017,8.3,7.641817,15.319306,0.02,0.015917357,0.03691399,0.0,0.0013789221,0.0,
Philippines,PHL,2006,18.684961,10.465279,0.001376,0.053235,9.939413,0.05,9.84,0.0,10.5,37.405983,9.84,9.268978,18.051735,0.05,0.049644142,0.09172629,0.0,0.0012836413,0.0,
Philippines,PHL,2007,16.430105,10.214688,0.001309,0.057842,8.563433,0.06,8.48,0.0,10.26,32.930458,8.48,7.636446,14.853739,0.06,0.05158064,0.10509721,0.0,0.0011651218,0.0,
Philippines,PHL,2008,17.313362,10.72278,0.001304,0.061386,9.842534,0.06,9.74,0.0,10.76,35.265865,9.74,8.438195,16.70669,0.06,0.052627444,0.10291595,0.0,0.0011186617,0.0,
Philippines,PHL,2009,16.679699,10.337557,0.001252,0.064428,9.787567,0.06,9.69,0.0,10.509999,34.12498,9.69,8.25529,16.321373,0.06,0.05434159,0.10106114,0.0,0.0010570596,0.0,
Philippines,PHL,2010,14.187132,9.956422,0.001254,0.061717,7.803405,0.06,7.72,0.0,10.37,28.048216,7.72,6.353137,11.93015,0.06,0.050246816,0.09272137,0.0,0.0010184929,0.0,
Philippines,PHL,2011,15.432299,10.057604,0.001212,0.088204,9.697532,0.09,9.6,0.0,10.4,29.06119,9.6,7.6900244,13.886881,0.09,0.06994471,0.13018951,0.0,0.0009581818,0.0,
Philippines,PHL,2012,15.557659,10.432809,0.00132,0.075339,10.252134,0.08,10.15,0.0,10.83,28.896818,10.15,7.827229,13.927003,0.08,0.057519313,0.109769486,0.0,0.0010054891,0.0,
Philippines,PHL,2013,13.8471365,9.816571,0.001414,0.065655,10.019308,0.07,9.92,0.0,10.190001,26.82084,9.92,7.096177,13.184477,0.07,0.046500146,0.09303562,0.0,0.0010033812,0.0,
Philippines,PHL,2014,13.009114,10.503812,0.016517,0.152052,9.137273,0.15,9.05,0.02,10.96,26.122978,9.05,6.118358,11.71521,0.15,0.10181471,0.19417477,0.02,0.01105984,0.025889968,
Philippines,PHL,2015,12.500741,11.41115,0.138534,0.748414,8.665078,0.75,8.58,0.14,12.13,26.213593,8.58,5.2620564,10.4126215,0.75,0.4544907,0.91019416,0.14,0.0841278,0.1699029,
Philippines,PHL,2016,11.97579,11.796309,1.097016,0.975219,8.110915,0.98,8.03,1.1,12.26,24.631138,8.03,4.4820614,8.841665,0.98,0.5389024,1.0790575,1.1,0.6062069,1.211187,
Philippines,PHL,2017,11.504091,11.283225,1.201152,1.093558,9.610799,1.09,9.52,1.2,11.540001,24.743032,9.52,4.8121514,10.087952,1.09,0.5475472,1.1550281,1.2,0.6014198,1.2715906,
Philippines,PHL,2018,11.201896,11.540128,1.2491164,1.152923,9.383759,1.15,9.29,1.25,12.04,23.784706,9.29,4.544078,9.311417,1.15,0.5583021,1.1526512,1.25,0.60488373,1.2528816,
Philippines,PHL,2019,10.227248,11.731147,1.246082,1.04166,8.025492,1.04,7.94,1.26,12.54,21.47436,7.94,3.7595663,7.4849167,1.04,0.4879688,0.98039216,1.26,0.58373094,1.1877828,
Philippines,PHL,2020,11.04473,12.017831,1.372604,1.02645,7.192019,1.03,7.79,1.39,13.0,22.648321,7.79,3.7039015,7.601483,1.03,0.52862334,1.0050741,1.39,0.70689327,1.3563622,
Philippines,PHL,2021,10.90163,10.798091,1.4609603,1.2448871,9.331344,1.17,8.0,1.5,13.27,22.125694,8.0,4.48094,7.3937154,1.17,0.59779865,1.0813308,1.5,0.7015576,1.3863217,
Poland,POL,1965,0.35209692,26,0.0,0.0,896,0.0,896,0.0,26,,896,0.34140214,,0.0,0.0,,0.0,0.0,,
Poland,POL,1966,0.35020763,38,0.0,0.0,896,0.0,896,0.0,38,,896,0.33487555,,0.0,0.0,,0.0,0.0,,
Poland,POL,1967,0.36476678,44,0.0,0.0,957,0.0,957,0.0,44,,957,0.347518,,0.0,0.0,,0.0,0.0,,
Poland,POL,1968,0.35622162,47,0.0,0.0,1005,0.0,1005,0.0,47,,1005,0.33910167,,0.0,0.0,,0.0,0.0,,
Poland,POL,1969,0.28452122,84,0.0,0.0,0.81,0.0,0.81,0.0,84,,0.81,0.25587523,,0.0,0.0,,0.0,0.0,,
Poland,POL,1970,0.5491499,59,0.0,0.0,1771,0.0,1771,0.0,59,,1771,0.5300856,,0.0,0.0,,0.0,0.0,,
Poland,POL,1971,0.4868724,101,0.0,0.0,1569,0.0,1569,0.0,101,,1569,0.45523676,,0.0,0.0,,0.0,0.0,,
Poland,POL,1972,0.46839932,185,0.0,0.0,1503,0.0,1503,0.0,185,,1503,0.4134596,,0.0,0.0,,0.0,0.0,,
Poland,POL,1973,0.4581685,223,0.0,0.0,1456,0.0,1456,0.0,223,,1456,0.3931621,,0.0,0.0,,0.0,0.0,,
Poland,POL,1974,0.6209821,235,0.0,0.0,2122,0.0,2122,0.0,235,,2122,0.55466926,,0.0,0.0,,0.0,0.0,,
Poland,POL,1975,0.5374194,211,0.0,0.0,1.99,0.0,1.99,0.0,211,,1.99,0.4822221,,0.0,0.0,,0.0,0.0,,
Poland,POL,1976,0.4238295,183,0.0,0.0,1645,0.0,1645,0.0,183,,1645,0.378387,,0.0,0.0,,0.0,0.0,,
Poland,POL,1977,0.49482888,265,0.0,0.0,1957,0.0,1957,0.0,265,,1957,0.431719,,0.0,0.0,,0.0,0.0,,
Poland,POL,1978,0.46934918,262,0.0,0.0,1951,0.0,1951,0.0,262,,1951,0.40992185,,0.0,0.0,,0.0,0.0,,
Poland,POL,1979,0.42775407,0.24,0.0,0.0,1807,0.0,1807,0.0,0.24,,1807,0.37411308,,0.0,0.0,,0.0,0.0,,
Poland,POL,1980,0.5173495,248,0.0,0.0,2349,0.0,2349,0.0,248,,2349,0.46441752,,0.0,0.0,,0.0,0.0,,
Poland,POL,1981,0.53229034,269,0.0,0.0,2137,0.0,2137,0.0,269,,2137,0.46861064,,0.0,0.0,,0.0,0.0,,
Poland,POL,1982,0.39483666,269,0.0,0.0,1543,0.0,1543,0.0,269,,1543,0.33229724,,0.0,0.0,,0.0,0.0,,
Poland,POL,1983,0.44284835,362,0.0,0.0,1675,0.0,1675,0.0,362,,1675,0.3590728,,0.0,0.0,,0.0,0.0,,
Poland,POL,1984,0.36715877,345,0.0,0.0,1408,0.0,1408,0.0,345,,1408,0.2903544,,0.0,0.0,,0.0,0.0,,
Poland,POL,1985,0.4598646,397,0.0,0.0,1852,0.0,1852,0.0,397,1.6330947,1852,0.37344423,1.344816,0.0,0.0,0.0,0.0,0.0,0.0,
Poland,POL,1986,0.38169914,368,0.0,0.0,1549,0.0,1549,0.0,368,1.3664162,1549,0.30378684,1.10411,0.0,0.0,0.0,0.0,0.0,0.0,
Poland,POL,1987,0.35510296,193,0.0,0.0,1661,0.0,1661,0.0,193,1.2713172,1661,0.31552425,1.1389742,0.0,0.0,0.0,0.0,0.0,0.0,
Poland,POL,1988,0.36688253,94,0.0,0.0,1793,0.0,1793,0.0,94,1.3073299,1793,0.34723055,1.242206,0.0,0.0,0.0,0.0,0.0,0.0,
Poland,POL,1989,0.34613892,103,0.0,0.0,1609,0.0,1609,0.0,103,1.1769234,1609,0.32376456,1.1061156,0.0,0.0,0.0,0.0,0.0,0.0,
Poland,POL,1990,0.36069712,55,0.0,0.0,1417,0.0,1.44,0.0,0.05,1.108301,1.44,0.34619108,1.0711098,0.0,0.0,0.0,0.0,0.0,0.0,0.0
Poland,POL,1991,0.37821305,83,0.0,0.0,1425,0.0,1.42,0.0,0.08,1.130199,1.42,0.35583836,1.0699216,0.0,0.0,0.0,0.0,0.0,0.0,0.0
Poland,POL,1992,0.42480853,111,0.0,0.0,1507,0.0,1.51,0.0,0.11,1.2395746,1.51,0.39351788,1.1554059,0.0,0.0,0.0,0.0,0.0,0.0,0.0
Poland,POL,1993,0.40594903,61,0.0,0.0,1488,0.0,1.49,0.0,0.06,1.1762028,1.49,0.38874492,1.1306723,0.0,0.0,0.0,0.0,0.0,0.0,0.0
Poland,POL,1994,0.4881243,51,0.0,0.0,1733,0.0,1.73,0.0,0.05,1.3354341,1.73,0.47309425,1.2979219,0.0,0.0,0.0,0.0,0.0,0.0,0.0
Poland,POL,1995,0.5228234,67,0.0,1,1887,0.0,1.89,0.0,0.07,1.430135,1.89,0.50326735,1.3790587,0.0,0.00026557088,0.0,0.0,0.0,0.0,0.0
Poland,POL,1996,0.5270424,133,0.0,0.0,1931,0.0,1.93,0.0,0.13,1.4590268,1.93,0.49056634,1.3669523,0.0,0.0,0.0,0.0,0.0,0.0,0.0
Poland,POL,1997,0.5504409,169,0.0,2,1961,0.0,1.96,0.0,0.17,1.5112815,1.96,0.5031194,1.3906627,0.0,0.0005133586,0.0,0.0,0.0,0.0,0.0
Poland,POL,1998,0.6830113,0.22,0.0,4,2309,0.0,2.31,0.0,0.22,1.7972579,2.31,0.61833835,1.6409746,0.0,0.0010716664,0.0,0.0,0.0,0.0,0.0
Poland,POL,1999,0.64654106,193,0.0,4,2155,0.0,2.15,0.0,0.19,1.671548,2.15,0.5885456,1.5358241,0.0,0.0010929246,0.0,0.0,0.0,0.0,0.0
Poland,POL,2000,0.6828017,221,0.0,5,2106,0.0,2.11,0.0,0.22,1.6273223,2.11,0.6120166,1.4736695,0.0,0.0014523264,0.0,0.0,0.0,0.0,0.0
Poland,POL,2001,0.820305,444,0.0,14,2325,0.01,2.33,0.0,0.44,1.9343168,2.33,0.6759675,1.6212078,0.01,0.004070355,0.006957974,0.0,0.0,0.0,0.0
Poland,POL,2002,0.81965923,427,0.0,61,2279,0.06,2.28,0.0,0.43,1.943996,2.28,0.66548234,1.6001122,0.06,0.017812384,0.042108215,0.0,0.0,0.0,0.0
Poland,POL,2003,0.6754677,455,0.0,124,1671,0.12,1.67,0.0,0.46,1.4999001,1.67,0.46858206,1.1132592,0.12,0.03477209,0.07999467,0.0,0.0,0.0,0.34308362
Poland,POL,2004,0.89124244,0.8504,0.0,142,2082,0.14,2.08,0.0,0.98,2.1016684,2.08,0.5762094,1.3660843,0.14,0.03929957,0.09194799,0.0,0.0,0.0,0.06880471
Poland,POL,2005,1.135477,1.5108,0.0,135,2201,0.14,2.2,0.0,1.51,2.48307,2.2,0.592136,1.4188972,0.14,0.036319114,0.09029345,0.0,0.0,0.0,1.3228952
Poland,POL,2006,1.2485813,1.9928,0.0,256,2042,0.26,2.04,0.0,1.99,2.6737301,2.04,0.5201803,1.2714242,0.26,0.06521359,0.16204426,0.0,0.0,0.0,1.7473805
Poland,POL,2007,1.5623447,2.5555,0.0,522,2352,0.52,2.35,0.0,2.56,3.4256516,2.35,0.59709764,1.4825562,0.52,0.13251911,0.32805502,0.0,0.0,0.0,1.1637132
Poland,POL,2008,2.2076113,3617,0.0,837,2153,0.84,2.15,0.0,3.62,4.274444,2.15,0.53383845,1.390326,0.84,0.20753497,0.5431971,0.0,0.0,0.0,3.3347955
Poland,POL,2009,3.0658216,5.2263,0.0,1077,2375,1.08,2.38,0.0,5.23,5.7515388,2.38,0.60649145,1.5752202,1.08,0.2750279,0.71480584,0.0,0.0,0.0,4.6976676
Poland,POL,2010,3.45368,6.3045,0.0,1664,2.92,1.66,2.92,0.0,6.3,6.9299364,2.92,0.6949807,1.8598726,1.66,0.39604375,1.0573249,0.0,0.0,0.0,5.041024
Poland,POL,2011,4.0425887,7.6008,0.0002,3205,2332,3.2,2.33,0.0,7.6,8.054721,2.33,0.548471,1.4293602,3.2,0.7537948,1.9630698,0.0,4.712793e-05,0.0,4.7568064
Poland,POL,2012,5.2285094,10.0943,0.0011,4747,2037,4.75,2.04,0.0,10.09,10.443604,2.04,0.49026692,1.262142,4.75,1.1425121,2.9388108,0.0,0.00026577146,0.0,7.505673
Poland,POL,2013,5.1705627,8.6221,0.0015,6004,2439,6.0,2.44,0.0,8.62,10.408151,2.44,0.5821008,1.4886218,6.0,1.4329371,3.6605453,0.0,0.00035757586,0.0,8.021459
Poland,POL,2014,6.055967,9977,7,7678,2183,7.68,2.18,0.01,9.98,12.533148,2.18,0.5371719,1.3764364,7.68,1.8893294,4.849097,0.01,0.0017232689,0.0063139284,8.657343
Poland,POL,2015,6.561511,9739,57,10858,1832,10.86,1.83,0.06,9.94,13.815148,1.83,0.44353685,1.114223,10.86,2.6287792,6.6122746,0.06,0.013800002,0.036531903,9.3839445
Poland,POL,2016,6.0504947,7957,124,12588,2139,12.59,2.14,0.12,7.96,13.733519,2.14,0.49334416,1.2884582,12.59,2.9033267,7.580228,0.12,0.02859967,0.072249986,10.681111
Poland,POL,2017,6.1909957,6488,165,14909,2.56,14.91,2.56,0.17,6.49,14.1999655,2.56,0.5649638,1.5065027,14.91,3.2902524,8.774201,0.17,0.036413673,0.100041196,10.640031
Poland,POL,2018,5.8507967,6548,0.3,12799,1.97,12.8,1.97,0.3,6.55,12.755915,1.97,0.42734784,1.1623105,12.8,2.7764595,7.5520678,0.3,0.06507834,0.1770016,10.500066
Poland,POL,2019,6.989287,7.682984,0.710673,15.106759,1954,15.11,1.96,0.71,7.68,15.615801,1.96,0.43474972,1.202159,15.11,3.3611357,9.267665,0.71,0.1581192,0.43547598,11.371845
Poland,POL,2020,7.769742,7.541595,1.957916,15.800049,2.117988,15.8,2.12,1.96,8.35,17.964872,2.12,0.49043795,1.3491154,15.8,3.6586344,10.0547285,1.96,0.45337194,1.2472954,11.306277
Poland,POL,2021,7.7616863,7616,3949,16203,2339,16.23,2.34,3.93,8.06,17.094591,2.34,0.49602374,1.3089443,16.23,3.436115,9.078704,3.93,0.8374509,2.1983554,12.020443
Poland,POL,2022,,,,,,19.76,2.06,8.0,7.76,20.976837,2.06,,1.1498744,19.76,,11.029863,8.0,,4.465532,
Portugal,PRT,1965,24.9147,207,0.0,0.0,3975,0.0,3975,0.0,207,,3975,23.5886,,0.0,0.0,,0.0,0.0,,
Portugal,PRT,1966,29.76638,0.2,0.0,0.0,5276,0.0,5276,0.0,0.2,,5276,28.596142,,0.0,0.0,,0.0,0.0,,
Portugal,PRT,1967,28.834286,192,0.0,0.0,5481,0.0,5481,0.0,192,,5481,27.783606,,0.0,0.0,,0.0,0.0,,
Portugal,PRT,1968,27.052864,228,0.0,0.0,5188,0.0,5188,0.0,228,,5188,25.82752,,0.0,0.0,,0.0,0.0,,
Portugal,PRT,1969,30.386581,0.28,0.0,0.0,6311,0.0,6311,0.0,0.28,,6311,28.997704,,0.0,0.0,,0.0,0.0,,
Portugal,PRT,1970,23.095156,186,0.0,0.0,5804,0.0,5804,0.0,186,,5804,22.322872,,0.0,0.0,,0.0,0.0,,
Portugal,PRT,1971,22.091991,143,0.0,0.0,6.17,0.0,6.17,0.0,143,,6.17,21.552736,,0.0,0.0,,0.0,0.0,,
Portugal,PRT,1972,23.160507,113,0.0,0.0,7086,0.0,7086,0.0,113,,7086,22.768536,,0.0,0.0,,0.0,0.0,,
Portugal,PRT,1973,21.920576,0.2,0.0,0.0,7325,0.0,7325,0.0,0.2,,7325,21.292953,,0.0,0.0,,0.0,0.0,,
Portugal,PRT,1974,22.277813,0.18,0.0,0.0,7828,0.0,7828,0.0,0.18,,7828,21.738194,,0.0,0.0,,0.0,0.0,,
Portugal,PRT,1975,18.622507,236,0.0,0.0,6.41,0.0,6.41,0.0,236,,6.41,17.910627,,0.0,0.0,,0.0,0.0,,
Portugal,PRT,1976,14.216823,0.23,0.0,0.0,4787,0.0,4787,0.0,0.23,,4787,13.515778,,0.0,0.0,,0.0,0.0,,
Portugal,PRT,1977,25.451162,234,0.0,0.0,9966,0.0,9966,0.0,234,,9966,24.821985,,0.0,0.0,,0.0,0.0,,
Portugal,PRT,1978,26.158958,232,0.0,0.0,10811,0.0,10811,0.0,232,,10811,25.566664,,0.0,0.0,,0.0,0.0,,
Portugal,PRT,1979,25.624544,258,0.0,0.0,11213,0.0,11213,0.0,258,,11213,25.003475,,0.0,0.0,,0.0,0.0,,
Portugal,PRT,1980,19.192945,0.32,0.0,0.0,8015,0.0,8015,0.0,0.32,,8015,18.400158,,0.0,0.0,,0.0,0.0,,
Portugal,PRT,1981,12.520673,311,0.0,0.0,5019,0.0,5019,0.0,311,,5019,11.735635,,0.0,0.0,,0.0,0.0,,
Portugal,PRT,1982,15.776886,353,0.0,0.0,6921,0.0,6921,0.0,353,,6921,14.953526,,0.0,0.0,,0.0,0.0,,
Portugal,PRT,1983,17.658932,405,0.0,0.0,8026,0.0,8026,0.0,405,,8026,16.746656,,0.0,0.0,,0.0,0.0,,
Portugal,PRT,1984,20.36533,373,0.0,0.0,9765,0.0,9765,0.0,373,,9765,19.559492,,0.0,0.0,,0.0,0.0,,
Portugal,PRT,1985,22.15105,548,0.0,0.0,10693,0.0,10693,0.0,548,59.47619,10693,20.99068,56.576717,0.0,0.0,0.0,0.0,0.0,0.0,
Portugal,PRT,1986,17.003498,606,0.0,0.0,8514,0.0,8514,0.0,606,44.804718,8514,15.790613,41.827564,0.0,0.0,0.0,0.0,0.0,0.0,
Portugal,PRT,1987,17.789042,614,0.0,0.0,9153,0.0,9153,0.0,614,48.507572,9153,16.58799,45.458157,0.0,0.0,0.0,0.0,0.0,0.0,
Portugal,PRT,1988,21.131493,653,0.0,0.0,12233,0.0,12233,0.0,653,57.29912,12233,19.980484,54.395477,0.0,0.0,0.0,0.0,0.0,0.0,
Portugal,PRT,1989,9.8851595,661,0.001010101,1,5819,1,5819,0.001010101,661,25.116282,5819,8.802655,22.54727,1,0.0015063259,0.0038747676,0.001010101,0.0015347474,0.003913907,
Portugal,PRT,1990,14.758712,693,0.0,0.000959596,9157,0.0,9.14,0.0,0.69,34.6982,9.14,13.643341,32.262623,0.0,0.0014276293,0.0,0.0,0.0,0.0,0.0
Portugal,PRT,1991,14.24423,813,0.0,0.000959596,9043,0.0,9.03,0.0,0.81,33.109016,9.03,12.98359,30.383581,0.0,0.0013757205,0.0,0.0,0.0,0.0,0.0
Portugal,PRT,1992,7.9661174,887,0.0,0.003838384,4646,0.0,4.61,0.0,0.88,18.541033,4.61,6.6010184,15.569064,0.0,0.00545887,0.0,0.0,0.0,0.0,0.0
Portugal,PRT,1993,13.151094,905,0.0,0.010555556,8538,0.01,8.52,0.0,0.9,30.42917,8.52,11.78827,27.492743,0.01,0.014573926,0.032268476,0.0,0.0,0.0,0.0
Portugal,PRT,1994,15.609879,967,0.0,17,10658,0.02,10.65,0.0,0.96,37.12097,10.65,14.201504,33.992977,0.02,0.022652084,0.06383658,0.0,0.0,0.0,0.0
Portugal,PRT,1995,11.50894,1.03,0.0,16,8343,0.02,8.33,0.0,1.03,28.295624,8.33,10.14369,25.128204,0.02,0.019453365,0.06033182,0.0,0.0,0.0,0.0
Portugal,PRT,1996,18.706306,1008,1,21,14761,0.02,14.75,0.0,1.01,45.858765,14.75,17.40426,42.865448,0.02,0.024760438,0.05812264,0.0,0.0011740683,0.0,0.0
Portugal,PRT,1997,16.634518,1087,1,38,13105,0.04,13.1,0.0,1.0899999,41.681313,13.1,15.232347,38.371414,0.04,0.04416856,0.11716462,0.0,0.0011573998,0.0,0.0
Portugal,PRT,1998,15.164004,1.0796,0.0008,89,12983,0.09,12.98,0.0,1.0799999,36.365974,12.98,13.833872,33.359035,0.09,0.09483279,0.231303,0.0,0.00085281744,0.0,0.0
Portugal,PRT,1999,9.102554,1.2381,0.0011,123,7286,0.12,7.26,0.0,1.24,20.088558,7.26,7.590768,16.919132,0.12,0.12814501,0.2796551,0.0,0.001145065,0.0,0.0
Portugal,PRT,2000,13.07334,1376,0.0014,168,11323,0.17,11.32,0.0,1.38,29.668049,11.32,11.41475,26.094975,0.17,0.1693613,0.39188564,0.0,0.0014110387,0.0,0.0
Portugal,PRT,2001,15.646869,1.45,0.0016,256,14034,0.26,14.03,0.0,1.45,34.091404,14.03,13.850792,30.3877,0.26,0.25265798,0.5631363,0.0,0.0015770913,0.0,0.0
Portugal,PRT,2002,9.748956,1569,0.0018,362,7.8,0.36,7.8,0.0,1.57,21.314346,7.8,7.706781,17.086527,0.36,0.35767367,0.78860897,0.0,0.001777167,0.0,0.0
Portugal,PRT,2003,17.057003,1484,0.0026,496,15723,0.5,15.72,0.0,1.48,38.048153,15.72,15.030935,33.791916,0.5,0.47416803,1.0748066,0.0,0.002481423,0.0,0.0
Portugal,PRT,2004,12.089573,1631,0.0029,816,9869,0.82,9.87,0.0,1.62,27.465418,9.87,9.55855,22.02142,0.82,0.79033107,1.8295404,0.0,0.0028102268,0.0,0.0
Portugal,PRT,2005,8.115614,1722,0.0038,1773,4731,1.77,4.73,0.0,1.75,17.864876,4.73,4.561864,10.242529,1.77,1.7096142,3.832828,0.0,0.0036668137,0.0,0.010612133
Portugal,PRT,2006,15.572563,1789,5,2925,10919,2.93,11.0,0.0,1.7900001,32.365658,11.0,10.539446,22.647724,2.93,2.8233242,6.0325303,0.0,0.0048245667,0.0,0.81772375
Portugal,PRT,2007,16.143671,2083,24,4037,10027,4.04,10.09,0.02,2.06,34.57027,10.09,9.544119,21.518448,4.04,3.8425856,8.61591,0.02,0.022844162,0.042653017,1.8858278
Portugal,PRT,2008,15.146783,2044,41,5757,6799,5.76,6.8,0.04,2.04,32.189976,6.8,6.662844,14.951627,5.76,5.6417108,12.664907,0.04,0.040178977,0.08795075,1.7329049
Portugal,PRT,2009,18.849367,2271,0.16,7577,8285,7.58,8.28,0.16,2.27,36.96443,8.28,7.999818,16.734034,7.58,7.3161893,15.319321,0.16,0.15449256,0.32336298,2.6254027
Portugal,PRT,2010,27.393208,2811,215,9182,16148,9.18,16.15,0.21,2.81,52.80313,16.15,14.690867,30.08009,9.18,8.353452,17.098156,0.21,0.19559923,0.3911343,3.3028038
Portugal,PRT,2011,24.511286,3133,282,9162,11536,9.16,11.54,0.28,3.13,46.47263,11.54,10.934689,22.243639,9.16,8.684433,17.65613,0.28,0.2673008,0.539707,3.841075
Portugal,PRT,2012,21.701544,3097,393,10.26,5622,10.26,5.62,0.39,3.1000001,42.50604,5.62,5.800001,12.332675,10.26,10.5848465,22.514812,0.39,0.40544295,0.8558262,3.2053094
Portugal,PRT,2013,29.105732,3.2475834,0.4791399,12.014601,13.73,12.01,13.73,0.48,3.25,58.32179,13.73,12.82413,27.171978,12.01,11.221908,23.768059,0.48,0.44752747,0.9499307,3.1913302
Portugal,PRT,2014,30.292532,3.2543802,0.6273166,12.111384,15569,12.11,15.57,0.63,3.26,60.758278,15.57,14.16885,29.965359,12.11,11.022183,23.30639,0.63,0.5709008,1.2124711,3.503142
Portugal,PRT,2015,24.459373,3.3075674,0.7961549,11.607637,8.660506,11.61,8.66,0.8,3.3,47.53267,8.66,8.008329,16.890968,11.61,10.733528,22.644821,0.8,0.73620063,1.5603666,3.729485
Portugal,PRT,2016,29.276423,3242,822,12474,15723,12.47,15.72,0.87,3.24,54.6254,15.72,13.512552,26.58549,12.47,10.72032,21.089125,0.87,0.7064376,1.4713343,3.4632163
Portugal,PRT,2017,21.441805,3437,992,12248,5897,12.25,5.9,0.99,3.44,39.13345,5.9,5.198668,10.225303,12.25,10.797572,21.230503,0.99,0.8745258,1.7157712,3.6766036
Portugal,PRT,2018,26.900106,3386,1005,12617,12393,12.62,12.39,1.01,3.39,50.350967,12.39,10.656318,21.212122,12.62,10.8489275,21.60589,1.01,0.8641652,1.729156,3.8038125
Portugal,PRT,2019,26.401812,3578,1342,13667,8818,13.67,8.82,1.34,3.58,52.986664,8.82,7.932111,17.050068,13.67,12.2939625,26.425673,1.34,1.2071778,2.590373,4.111519
Portugal,PRT,2020,31.723911,4007,1691,12299,12083,12.3,12.08,1.72,4.0099998,58.420643,12.08,11.98088,23.438107,12.3,12.195054,23.86496,1.72,1.6767085,3.3372138,3.4916983
Portugal,PRT,2021,32.703953,3742,2208,13225,11853,13.22,11.91,2.24,4.18,63.814728,11.91,11.67335,24.089806,13.22,13.024557,26.739483,2.24,2.1745346,4.5307446,3.3810525
Portugal,PRT,2022,,,,,,13.27,7.59,3.07,4.16,59.816868,7.59,,16.162691,13.27,,28.258093,3.07,,6.537479,
Qatar,QAT,1965,0.0,0.0,0.0,0.0,0.0,0.0,0.0,0.0,0.0,,0.0,0.0,,0.0,0.0,,0.0,0.0,,
Qatar,QAT,1966,0.0,0.0,0.0,0.0,0.0,0.0,0.0,0.0,0.0,,0.0,0.0,,0.0,0.0,,0.0,0.0,,
Qatar,QAT,1967,0.0,0.0,0.0,0.0,0.0,0.0,0.0,0.0,0.0,,0.0,0.0,,0.0,0.0,,0.0,0.0,,
Qatar,QAT,1968,0.0,0.0,0.0,0.0,0.0,0.0,0.0,0.0,0.0,,0.0,0.0,,0.0,0.0,,0.0,0.0,,
Qatar,QAT,1969,0.0,0.0,0.0,0.0,0.0,0.0,0.0,0.0,0.0,,0.0,0.0,,0.0,0.0,,0.0,0.0,,
Qatar,QAT,1970,0.0,0.0,0.0,0.0,0.0,0.0,0.0,0.0,0.0,,0.0,0.0,,0.0,0.0,,0.0,0.0,,
Qatar,QAT,1971,0.0,0.0,0.0,0.0,0.0,0.0,0.0,0.0,0.0,,0.0,0.0,,0.0,0.0,,0.0,0.0,,
Qatar,QAT,1972,0.0,0.0,0.0,0.0,0.0,0.0,0.0,0.0,0.0,,0.0,0.0,,0.0,0.0,,0.0,0.0,,
Qatar,QAT,1973,0.0,0.0,0.0,0.0,0.0,0.0,0.0,0.0,0.0,,0.0,0.0,,0.0,0.0,,0.0,0.0,,
Qatar,QAT,1974,0.0,0.0,0.0,0.0,0.0,0.0,0.0,0.0,0.0,,0.0,0.0,,0.0,0.0,,0.0,0.0,,
Qatar,QAT,1975,0.0,0.0,0.0,0.0,0.0,0.0,0.0,0.0,0.0,,0.0,0.0,,0.0,0.0,,0.0,0.0,,
Qatar,QAT,1976,0.0,0.0,0.0,0.0,0.0,0.0,0.0,0.0,0.0,,0.0,0.0,,0.0,0.0,,0.0,0.0,,
Qatar,QAT,1977,0.0,0.0,0.0,0.0,0.0,0.0,0.0,0.0,0.0,,0.0,0.0,,0.0,0.0,,0.0,0.0,,
Qatar,QAT,1978,0.0,0.0,0.0,0.0,0.0,0.0,0.0,0.0,0.0,,0.0,0.0,,0.0,0.0,,0.0,0.0,,
Qatar,QAT,1979,0.0,0.0,0.0,0.0,0.0,0.0,0.0,0.0,0.0,,0.0,0.0,,0.0,0.0,,0.0,0.0,,
Qatar,QAT,1980,0.0,0.0,0.0,0.0,0.0,0.0,0.0,0.0,0.0,,0.0,0.0,,0.0,0.0,,0.0,0.0,,
Qatar,QAT,1981,0.0,0.0,0.0,0.0,0.0,0.0,0.0,0.0,0.0,,0.0,0.0,,0.0,0.0,,0.0,0.0,,
Qatar,QAT,1982,0.0,0.0,0.0,0.0,0.0,0.0,0.0,0.0,0.0,,0.0,0.0,,0.0,0.0,,0.0,0.0,,
Qatar,QAT,1983,0.0,0.0,0.0,0.0,0.0,0.0,0.0,0.0,0.0,,0.0,0.0,,0.0,0.0,,0.0,0.0,,
Qatar,QAT,1984,0.0,0.0,0.0,0.0,0.0,0.0,0.0,0.0,0.0,,0.0,0.0,,0.0,0.0,,0.0,0.0,,
Qatar,QAT,1985,0.0,0.0,0.0,0.0,0.0,0.0,0.0,0.0,0.0,0.0,0.0,0.0,0.0,0.0,0.0,0.0,0.0,0.0,0.0,
Qatar,QAT,1986,0.0,0.0,0.0,0.0,0.0,0.0,0.0,0.0,0.0,0.0,0.0,0.0,0.0,0.0,0.0,0.0,0.0,0.0,0.0,
Qatar,QAT,1987,0.0,0.0,0.0,0.0,0.0,0.0,0.0,0.0,0.0,0.0,0.0,0.0,0.0,0.0,0.0,0.0,0.0,0.0,0.0,
Qatar,QAT,1988,0.0,0.0,0.0,0.0,0.0,0.0,0.0,0.0,0.0,0.0,0.0,0.0,0.0,0.0,0.0,0.0,0.0,0.0,0.0,
Qatar,QAT,1989,0.0,0.0,0.0,0.0,0.0,0.0,0.0,0.0,0.0,0.0,0.0,0.0,0.0,0.0,0.0,0.0,0.0,0.0,0.0,
Qatar,QAT,1990,0.0,0.0,0.0,0.0,0.0,0.0,0.0,0.0,0.0,0.0,0.0,0.0,0.0,0.0,0.0,0.0,0.0,0.0,0.0,
Qatar,QAT,1991,0.0,0.0,0.0,0.0,0.0,0.0,0.0,0.0,0.0,0.0,0.0,0.0,0.0,0.0,0.0,0.0,0.0,0.0,0.0,
Qatar,QAT,1992,0.0,0.0,0.0,0.0,0.0,0.0,0.0,0.0,0.0,0.0,0.0,0.0,0.0,0.0,0.0,0.0,0.0,0.0,0.0,
Qatar,QAT,1993,0.0,0.0,0.0,0.0,0.0,0.0,0.0,0.0,0.0,0.0,0.0,0.0,0.0,0.0,0.0,0.0,0.0,0.0,0.0,
Qatar,QAT,1994,0.0,0.0,0.0,0.0,0.0,0.0,0.0,0.0,0.0,0.0,0.0,0.0,0.0,0.0,0.0,0.0,0.0,0.0,0.0,
Qatar,QAT,1995,0.0,0.0,0.0,0.0,0.0,0.0,0.0,0.0,0.0,0.0,0.0,0.0,0.0,0.0,0.0,0.0,0.0,0.0,0.0,
Qatar,QAT,1996,0.0,0.0,0.0,0.0,0.0,0.0,0.0,0.0,0.0,0.0,0.0,0.0,0.0,0.0,0.0,0.0,0.0,0.0,0.0,
Qatar,QAT,1997,0.0,0.0,0.0,0.0,0.0,0.0,0.0,0.0,0.0,0.0,0.0,0.0,0.0,0.0,0.0,0.0,0.0,0.0,0.0,
Qatar,QAT,1998,0.0,0.0,0.0,0.0,0.0,0.0,0.0,0.0,0.0,0.0,0.0,0.0,0.0,0.0,0.0,0.0,0.0,0.0,0.0,
Qatar,QAT,1999,0.0,0.0,0.0,0.0,0.0,0.0,0.0,0.0,0.0,0.0,0.0,0.0,0.0,0.0,0.0,0.0,0.0,0.0,0.0,
Qatar,QAT,2000,0.0,0.0,0.0,0.0,0.0,0.0,0.0,0.0,0.0,0.0,0.0,0.0,0.0,0.0,0.0,0.0,0.0,0.0,0.0,
Qatar,QAT,2001,0.0,0.0,0.0,0.0,0.0,0.0,0.0,0.0,0.0,0.0,0.0,0.0,0.0,0.0,0.0,0.0,0.0,0.0,0.0,
Qatar,QAT,2002,0.0,0.0,0.0,0.0,0.0,0.0,0.0,0.0,0.0,0.0,0.0,0.0,0.0,0.0,0.0,0.0,0.0,0.0,0.0,
Qatar,QAT,2003,0.0,0.0,0.0,0.0,0.0,0.0,0.0,0.0,0.0,0.0,0.0,0.0,0.0,0.0,0.0,0.0,0.0,0.0,0.0,
Qatar,QAT,2004,0.0,0.0,0.0,0.0,0.0,0.0,0.0,0.0,0.0,0.0,0.0,0.0,0.0,0.0,0.0,0.0,0.0,0.0,0.0,
Qatar,QAT,2005,0.0,0.0,0.0,0.0,0.0,0.0,0.0,0.0,0.0,0.0,0.0,0.0,0.0,0.0,0.0,0.0,0.0,0.0,0.0,
Qatar,QAT,2006,0.0,0.0,0.0,0.0,0.0,0.0,0.0,0.0,0.0,0.0,0.0,0.0,0.0,0.0,0.0,0.0,0.0,0.0,0.0,
Qatar,QAT,2007,0.0,0.0,0.0,0.0,0.0,0.0,0.0,0.0,0.0,0.0,0.0,0.0,0.0,0.0,0.0,0.0,0.0,0.0,0.0,
Qatar,QAT,2008,0.0,0.0,0.0,0.0,0.0,0.0,0.0,0.0,0.0,0.0,0.0,0.0,0.0,0.0,0.0,0.0,0.0,0.0,0.0,
Qatar,QAT,2009,0.0,0.0,0.0,0.0,0.0,0.0,0.0,0.0,0.0,0.0,0.0,0.0,0.0,0.0,0.0,0.0,0.0,0.0,0.0,
Qatar,QAT,2010,0.0,0.0,0.0,0.0,0.0,0.0,0.0,0.0,0.0,0.0,0.0,0.0,0.0,0.0,0.0,0.0,0.0,0.0,0.0,
Qatar,QAT,2011,0.09460041,0.114844,0.001094,0.0,0.0,0.0,0.0,0.0,0.02,0.06925208,0.0,0.0,0.0,0.0,0.0,0.0,0.0,0.0007749004,0.0,
Qatar,QAT,2012,0.08342207,0.114844,0.001094,0.0,0.0,0.0,0.0,0.0,0.03,0.091715075,0.0,0.0,0.0,0.0,0.0,0.0,0.0,0.0006771171,0.0,
Qatar,QAT,2013,0.07836199,0.114844,0.003751,0.0,0.0,0.0,0.0,0.0,0.03,0.09182737,0.0,0.0,0.0,0.0,0.0,0.0,0.0,0.0021257286,0.0,
Qatar,QAT,2014,0.07397567,0.114844,0.006506,0.0,0.0,0.0,0.0,0.01,0.03,0.10964912,0.0,0.0,0.0,0.0,0.0,0.0,0.01,0.0033958815,0.02741228,
Qatar,QAT,2015,0.06486393,0.114844,0.006506,0.0,0.0,0.0,0.0,0.01,0.03,0.102197245,0.0,0.0,0.0,0.0,0.0,0.0,0.01,0.0029597029,0.025549311,
Qatar,QAT,2016,0.06714397,0.114844,0.008364,0.0,0.0,0.0,0.0,0.01,0.03,0.100250624,0.0,0.0,0.0,0.0,0.0,0.0,0.01,0.0038645251,0.025062656,
Qatar,QAT,2017,0.06931601,0.114844,0.008364,0.0,0.0,0.0,0.0,0.01,0.03,0.09310987,0.0,0.0,0.0,0.0,0.0,0.0,0.01,0.0039662058,0.023277467,
Qatar,QAT,2018,0.06936814,0.114844,0.008364,0.0,0.0,0.0,0.0,0.01,0.03,0.08853475,0.0,0.0,0.0,0.0,0.0,0.0,0.01,0.003950496,0.022133688,
Qatar,QAT,2019,0.06641917,0.114844,0.008364,0.0,0.0,0.0,0.0,0.01,0.03,0.08508828,0.0,0.0,0.0,0.0,0.0,0.0,0.01,0.0037691235,0.02127207,
Qatar,QAT,2020,0.07569663,0.11515864,0.008386915,0.0,0.0,0.0,0.0,0.01,0.03,0.089565605,0.0,0.0,0.0,0.0,0.0,0.0,0.01,0.004279433,0.022391401,
Qatar,QAT,2021,,0.114844,0.008364,0.0,,0.0,0.0,0.01,0.03,0.08421053,0.0,,0.0,0.0,0.0,0.0,0.01,0.0040888563,0.021052632,
Reunion,REU,2000,,,,,,0.0,0.55,0.0,0.16,36.59794,0.55,,28.350515,0.0,,0.0,0.0,,0.0,
Reunion,REU,2001,,,,,,0.0,0.56,0.0,0.17,34.761906,0.56,,26.666668,0.0,,0.0,0.0,,0.0,
Reunion,REU,2002,,,,,,0.0,0.57,0.0,0.14,34.134617,0.57,,27.403847,0.0,,0.0,0.0,,0.0,
Reunion,REU,2003,,,,,,0.0,0.57,0.0,0.15,33.17972,0.57,,26.26728,0.0,,0.0,0.0,,0.0,
Reunion,REU,2004,,,,,,0.0,0.57,0.0,0.22,33.193275,0.57,,23.94958,0.0,,0.0,0.0,,0.0,
Reunion,REU,2005,,,,,,0.01,0.57,0.0,0.24,32.8,0.57,,22.8,0.01,,0.4,0.0,,0.0,
Reunion,REU,2006,,,,,,0.01,0.57,0.0,0.3,34.782608,0.57,,22.529644,0.01,,0.3952569,0.0,,0.0,
Reunion,REU,2007,,,,,,0.01,0.65,0.0,0.3,37.209305,0.65,,25.1938,0.01,,0.3875969,0.0,,0.0,
Reunion,REU,2008,,,,,,0.01,0.63,0.0,0.33,36.05948,0.63,,23.420074,0.01,,0.3717472,0.0,,0.0,
Reunion,REU,2009,,,,,,0.02,0.53,0.02,0.32,32.01439,0.53,,19.064747,0.02,,0.7194245,0.02,,0.7194245,
Reunion,REU,2010,,,,,,0.02,0.54,0.08,0.32,33.566433,0.54,,18.88112,0.02,,0.6993007,0.08,,2.7972028,
Reunion,REU,2011,,,,,,0.01,0.4,0.14,0.34,30.795847,0.4,,13.84083,0.01,,0.34602076,0.14,,4.8442903,
Romania,ROU,1965,1.0662186,0.0,0.0,0.0,1005,0.0,1005,0.0,0.0,,1005,1.0662186,,0.0,0.0,,0.0,0.0,,
Romania,ROU,1966,1.0295304,0.0,0.0,0.0,1035,0.0,1035,0.0,0.0,,1035,1.0295304,,0.0,0.0,,0.0,0.0,,
Romania,ROU,1967,1.3156693,0.0,0.0,0.0,1476,0.0,1476,0.0,0.0,,1476,1.3156693,,0.0,0.0,,0.0,0.0,,
Romania,ROU,1968,1.3085219,0.0,0.0,0.0,1562,0.0,1562,0.0,0.0,,1562,1.3085219,,0.0,0.0,,0.0,0.0,,
Romania,ROU,1969,1.6154395,0.0,0.0,0.0,2217,0.0,2217,0.0,0.0,,2217,1.6154395,,0.0,0.0,,0.0,0.0,,
Romania,ROU,1970,1.8980384,0.0,0.0,0.0,2773,0.0,2773,0.0,0.0,,2773,1.8980384,,0.0,0.0,,0.0,0.0,,
Romania,ROU,1971,2.898532,0.0,0.0,0.0,4495,0.0,4495,0.0,0.0,,4495,2.898532,,0.0,0.0,,0.0,0.0,,
Romania,ROU,1972,4.4929147,0.0,0.0,0.0,7343,0.0,7343,0.0,0.0,,7343,4.4929147,,0.0,0.0,,0.0,0.0,,
Romania,ROU,1973,4.2440834,0.0,0.0,0.0,7547,0.0,7547,0.0,0.0,,7547,4.2440834,,0.0,0.0,,0.0,0.0,,
Romania,ROU,1974,4.733459,0.0,0.0,0.0,8476,0.0,8476,0.0,0.0,,8476,4.733459,,0.0,0.0,,0.0,0.0,,
Romania,ROU,1975,4.793049,0.0,0.0,0.0,9361,0.0,9361,0.0,0.0,,9361,4.793049,,0.0,0.0,,0.0,0.0,,
Romania,ROU,1976,3.851948,0.0,0.0,0.0,8107,0.0,8107,0.0,0.0,,8107,3.851948,,0.0,0.0,,0.0,0.0,,
Romania,ROU,1977,4.1872053,0.0,0.0,0.0,9345,0.0,9345,0.0,0.0,,9345,4.1872053,,0.0,0.0,,0.0,0.0,,
Romania,ROU,1978,4.4158015,0.0,0.0,0.0,10614,0.0,10614,0.0,0.0,,10614,4.4158015,,0.0,0.0,,0.0,0.0,,
Romania,ROU,1979,4.6259027,0.0,0.0,0.0,11339,0.0,11339,0.0,0.0,,11339,4.6259027,,0.0,0.0,,0.0,0.0,,
Romania,ROU,1980,5.1059165,0.0,0.0,0.0,12637,0.0,12637,0.0,0.0,,12637,5.1059165,,0.0,0.0,,0.0,0.0,,
Romania,ROU,1981,5.13411,0.0,0.0,0.0,12737,0.0,12737,0.0,0.0,,12737,5.13411,,0.0,0.0,,0.0,0.0,,
Romania,ROU,1982,4.8196645,0.0,0.0,0.0,11854,0.0,11854,0.0,0.0,,11854,4.8196645,,0.0,0.0,,0.0,0.0,,
Romania,ROU,1983,4.1099563,0.0,0.0,0.0,10038,0.0,10038,0.0,0.0,,10038,4.1099563,,0.0,0.0,,0.0,0.0,,
Romania,ROU,1984,4.6709805,0.0,0.0,0.0,11326,0.0,11326,0.0,0.0,,11326,4.6709805,,0.0,0.0,,0.0,0.0,,
Romania,ROU,1985,5.2583566,0.0,0.0,0.0,12713,0.0,12713,0.0,0.0,17.70169,12713,5.2583566,17.70169,0.0,0.0,0.0,0.0,0.0,0.0,
Romania,ROU,1986,4.3782773,0.0,0.0,0.0,10.81,0.0,10.81,0.0,0.0,14.322055,10.81,4.3782773,14.322055,0.0,0.0,0.0,0.0,0.0,0.0,
Romania,ROU,1987,4.3777766,0.0,0.0,0.0,11209,0.0,11209,0.0,0.0,15.131142,11209,4.3777766,15.131142,0.0,0.0,0.0,0.0,0.0,0.0,
Romania,ROU,1988,5.6659927,0.0,0.0,0.0,14776,0.0,14776,0.0,0.0,19.617111,14776,5.6659927,19.617111,0.0,0.0,0.0,0.0,0.0,0.0,
Romania,ROU,1989,5.235843,0.0,0.0,0.0,13678,0.0,13678,0.0,0.0,18.032722,13678,5.235843,18.032722,0.0,0.0,0.0,0.0,0.0,0.0,
Romania,ROU,1990,4.590248,0.001052632,0.0,0.001010101,11411,0.0,11.41,0.0,0.0,17.744946,11.41,4.589432,17.744946,0.0,0.00040804376,0.0,0.0,0.0,0.0,
Romania,ROU,1991,6.907993,0.0,0.0,0.0,14588,0.0,14.59,0.0,0.0,25.68662,14.59,6.907993,25.68662,0.0,0.0,0.0,0.0,0.0,0.0,
Romania,ROU,1992,6.2837853,2,0.0,0.0,11.7,0.0,11.7,0.0,0.0,21.662655,11.7,6.282625,21.662655,0.0,0.0,0.0,0.0,0.0,0.0,
Romania,ROU,1993,7.0546517,1,0.0,0.0,12768,0.0,12.77,0.0,0.0,23.067196,12.77,7.054054,23.067196,0.0,0.0,0.0,0.0,0.0,0.0,
Romania,ROU,1994,7.641244,0.0,0.0,0.0,13046,0.0,13.05,0.0,0.0,23.71003,13.05,7.641244,23.71003,0.0,0.0,0.0,0.0,0.0,0.0,
Romania,ROU,1995,8.89704,0.0,0.0,0.0,16693,0.0,16.69,0.0,0.0,28.264183,16.69,8.89704,28.264183,0.0,0.0,0.0,0.0,0.0,0.0,
Romania,ROU,1996,8.448899,0.0,0.0,0.0,15755,0.0,15.76,0.0,0.0,25.823366,15.76,8.448899,25.823366,0.0,0.0,0.0,0.0,0.0,0.0,
Romania,ROU,1997,9.899968,11,0.0,0.0,17509,0.0,17.51,0.0,0.01,30.888575,17.51,9.893258,30.870945,0.0,0.0,0.0,0.0,0.0,0.0,
Romania,ROU,1998,11.665589,11,0.0,0.0,18879,0.0,18.88,0.0,0.01,35.648235,18.88,11.658257,35.62936,0.0,0.0,0.0,0.0,0.0,0.0,
Romania,ROU,1999,12.841183,0.0,0.0,0.0,18.29,0.0,18.29,0.0,0.0,36.239353,18.29,12.841183,36.239353,0.0,0.0,0.0,0.0,0.0,0.0,
Romania,ROU,2000,10.396162,0.0,0.0,0.0,14778,0.0,14.78,0.0,0.0,28.665632,14.78,10.396162,28.665632,0.0,0.0,0.0,0.0,0.0,0.0,
Romania,ROU,2001,10.312889,0.0,0.0,0.0,14923,0.0,14.92,0.0,0.0,27.861813,14.92,10.312889,27.861813,0.0,0.0,0.0,0.0,0.0,0.0,
Romania,ROU,2002,10.615109,3,0.0,0.0,16046,0.0,16.05,0.0,0.0,29.492832,16.05,10.612938,29.492832,0.0,0.0,0.0,0.0,0.0,0.0,
Romania,ROU,2003,8.716783,3,0.0,0.0,13259,0.0,13.26,0.0,0.0,24.179432,13.26,8.714611,24.179432,0.0,0.0,0.0,0.0,0.0,0.0,
Romania,ROU,2004,10.407817,4,0.0,0.0,16513,0.0,16.51,0.0,0.0,29.226412,16.51,10.405023,29.226412,0.0,0.0,0.0,0.0,0.0,0.0,
Romania,ROU,2005,12.629432,6,0.0,0.0,20207,0.0,20.21,0.0,0.01,34.03467,20.21,12.62525,34.01784,0.0,0.0,0.0,0.0,0.0,0.0,
Romania,ROU,2006,11.172654,4,0.0,1,18356,0.0,18.36,0.0,0.0,29.282297,18.36,11.169316,29.282297,0.0,0.0006059017,0.0,0.0,0.0,0.0,
Romania,ROU,2007,10.032531,35,0.0,3,15966,0.0,15.97,0.0,0.04,25.95655,15.97,10.005892,25.891699,0.0,0.0018777415,0.0,0.0,0.0,0.0,
Romania,ROU,2008,10.699506,24,0.0,5,17195,0.0,17.2,0.0,0.02,26.512701,17.2,10.679465,26.481913,0.0,0.0031065624,0.0,0.0,0.0,0.0,
Romania,ROU,2009,10.989452,0.01,0.001010101,9,15534,0.01,15.53,0.0,0.01,26.935736,15.53,10.9743,26.90109,0.01,0.00635936,0.017322017,0.0,0.0007167456,0.0,
Romania,ROU,2010,14.136739,111,0.002020202,306,19883,0.31,19.88,0.0,0.11,33.49282,19.88,13.833611,32.799866,0.31,0.21289973,0.51146674,0.0,0.0014065297,0.0,
Romania,ROU,2011,11.0333395,198,1,1387,14728,1.39,14.73,0.0,0.2,26.32258,14.73,9.941747,23.758064,1.39,0.93625766,2.2419355,0.0,0.00067494495,0.0,
Romania,ROU,2012,10.439118,212,8,2.64,12066,2.64,12.07,0.01,0.21,25.399796,12.07,8.419219,20.534195,2.64,1.8420968,4.4913235,0.01,0.0055843913,0.01701259,
Romania,ROU,2013,14.889094,252,0.42,4.52,14.7935,4.52,14.96,0.42,0.25,34.41503,14.96,10.997332,25.550812,4.52,3.3601203,7.7198977,0.42,0.31222358,0.71733564,
Romania,ROU,2014,17.897146,505,1.2953,4.7236,18.5235,6.2,18.8,1.62,0.5,41.60147,18.8,13.1882,28.838776,6.2,3.3630674,9.510661,1.62,0.9222163,2.4850435,
Romania,ROU,2015,18.517511,524,1982,7063,16633,7.06,16.63,1.98,0.52,39.729977,16.63,11.711475,25.227547,7.06,4.973135,10.709951,1.98,1.3955476,3.003641,
Romania,ROU,2016,18.943087,531,1.82,6.59,18028,6.59,18.03,1.82,0.53,41.75569,18.03,12.61511,27.914541,6.59,4.6113586,10.202818,1.82,1.2735468,2.8177738,
Romania,ROU,2017,16.684114,0.525168,1856,7407,14494,7.41,14.49,1.86,0.53,37.9828,14.49,9.915947,22.658327,7.41,5.067436,11.587177,1.86,1.2697667,2.9085224,
Romania,ROU,2018,17.542227,0.43713,1771,6322,17.6639,6.32,17.66,1.77,0.44,40.642456,17.66,11.788935,27.405336,6.32,4.21932,9.807572,1.77,1.1819701,2.746741,
Romania,ROU,2019,16.837948,0.504144,1778,6773,15.580921,6.77,15.58,1.78,0.5,41.61879,15.58,10.603266,26.326462,6.77,4.6092215,11.439675,1.78,1.2099801,3.007773,
Romania,ROU,2020,17.57964,0.546537,1733,6945,15.380857,6.95,15.38,1.73,0.55,44.246674,15.38,10.936705,27.651924,6.95,4.9383087,12.495505,1.73,1.2322662,3.110392,
Romania,ROU,2021,17.481031,0.70867634,1701,6576,16.900232,6.58,17.41,1.7,0.65,44.545914,17.41,11.344597,29.443598,6.58,4.414263,11.128023,1.7,1.1418281,2.875021,
Romania,ROU,2022,,,,,,7.07,14.23,1.79,0.64,42.1492,14.23,,25.27531,7.07,,12.557727,1.79,,3.1793962,
Russia,RUS,1985,4.942973,,,,159.72595,,159.72595,,,,159.72595,4.942973,16.603529,,,,,,,
Russia,RUS,1986,4.996937,,,,164.33096,,164.33096,,,,164.33096,4.996937,16.410122,,,,,,,
Russia,RUS,1987,4.785533,,,,162.52785,,162.52785,,,,162.52785,4.785533,15.518747,,,,,,,
Russia,RUS,1988,4.6569443,,,,160.92361,,160.92361,,,,160.92361,4.6569443,15.103107,,,,,,,
Russia,RUS,1989,4.605263,,,,159.72595,,159.72595,,,,159.72595,4.605263,14.837525,,,,,,,
Russia,RUS,1990,4.8983045,65,0.0,0.0,166.84561,0.0,166.84561,0.0,65,15.423268,166.84561,4.8963437,15.417262,0.0,0.0,0.0,0.0,0.0,0.0,
Russia,RUS,1991,5.0031915,65,0.0,0.0,168094,0.0,168094,0.0,65,15.742818,168094,5.0012074,15.736731,0.0,0.0,0.0,0.0,0.0,0.0,
Russia,RUS,1992,5.33678,63,0.0,0.0,172594,0.0,172594,0.0,63,17.121027,172594,5.334785,17.114779,0.0,0.0,0.0,0.0,0.0,0.0,
Russia,RUS,1993,5.7802973,0.06,0.0,0.0,174289,0.0,174289,0.0,0.06,18.226152,174289,5.778261,18.219881,0.0,0.0,0.0,0.0,0.0,0.0,
Russia,RUS,1994,6.3942966,61,0.0,0.0,175926,0.0,175926,0.0,61,20.091812,175926,6.3920393,20.084848,0.0,0.0,0.0,0.0,0.0,0.0,
Russia,RUS,1995,6.7691536,59,0.0,0.0,176.2552,0.0,176.2552,0.0,59,20.50101,176.2552,6.766846,20.494146,0.0,0.0,0.0,0.0,0.0,0.0,
Russia,RUS,1996,6.157421,57,0.0,0.0,154309,0.0,154309,0.0,57,18.221094,154309,6.1551003,18.214365,0.0,0.0,0.0,0.0,0.0,0.0,
Russia,RUS,1997,6.6424465,57,0.0,0.0,157434,0.0,157434,0.0,57,18.88085,157434,6.6399984,18.874014,0.0,0.0,0.0,0.0,0.0,0.0,
Russia,RUS,1998,6.6998005,58,0.0,0.0,158497,0.0,158497,0.0,58,19.168646,158497,6.6973066,19.161634,0.0,0.0,0.0,0.0,0.0,0.0,
Russia,RUS,1999,6.6992984,58,0.0,0.0,160492,0.0,160492,0.0,58,18.972496,160492,6.696826,18.965643,0.0,0.0,0.0,0.0,0.0,0.0,
Russia,RUS,2000,6.7286215,0.0791,0.0,0.0019,164076,0.0,164.08,0.0,0.13,19.70197,164.08,6.725324,19.686373,0.0,7.777988e-05,0.0,0.0,0.0,0.0,
Russia,RUS,2001,6.9759703,0.1141,0.0,0.0031,173899,0.0,173.9,0.0,0.2,20.6468,173.9,6.971339,20.623081,0.0,0.0001243283,0.0,0.0,0.0,0.0,
Russia,RUS,2002,6.492728,0.1733,0.0,0.0062,162174,0.01,162.22,0.0,0.32,19.193983,162.22,6.485738,19.155016,0.01,0.00024776915,0.0011808048,0.0,0.0,0.0,
Russia,RUS,2003,6.075377,0.3658,0.0,0.0086,155.67,0.01,155.76,0.0,0.65999997,18.005915,155.76,6.061144,17.928795,0.01,0.00033489367,0.0011510527,0.0,0.0,0.0,
Russia,RUS,2004,6.754271,0.4498,0.0,7,175677,0.01,175.82,0.0,0.82,19.932749,175.82,6.7372108,19.839094,0.01,0.00026838476,0.0011283753,0.0,0.0,0.0,
Russia,RUS,2005,6.60369,0.4513,0.0,0.0068,172611,0.01,172.68,0.0,0.84000003,19.242413,172.68,6.586662,19.148157,0.01,0.0002594946,0.0011088811,0.0,0.0,0.0,
Russia,RUS,2006,6.309633,0.5057,0.0,0.0052,173285,0.0,173.35,0.0,0.94,18.493877,173.35,6.2915654,18.394135,0.0,0.0001889202,0.0,0.0,0.0,0.0,
Russia,RUS,2007,6.371351,0.4845,0.0,0.0066,177045,0.01,177.05,0.0,0.94,18.523914,177.05,6.35434,18.42505,0.01,0.00023693671,0.0010406694,0.0,0.0,0.0,
Russia,RUS,2008,5.8674455,0.4889,0.0,0.0052,164.78,0.0,164.76,0.0,0.93,16.822174,164.76,5.850452,16.727753,0.0,0.000184609,0.0,0.0,0.0,0.0,
Russia,RUS,2009,6.4854555,0.4974,0.0,0.0038,174199,0.0,174.18,0.0,0.93,18.623175,174.18,6.467367,18.52427,0.0,0.00014106411,0.0,0.0,0.0,0.0,
Russia,RUS,2010,5.931856,0.536914,0.0,0.004186,166.4837,0.0,166.48,0.0,1.01,17.032766,166.48,5.913162,16.930054,0.0,0.00014858272,0.0,0.0,0.0,0.0,
Russia,RUS,2011,5.5852757,0.557208,0.0012,0.005392,163.0552,0.0,165.84,0.0,1.04,16.697685,165.84,5.5665584,16.593624,0.0,0.0001839103,0.0,0.0,4.090715e-05,0.0,
Russia,RUS,2012,5.550893,0.502849,0.004211507,0.005251,163.4543,0.0,165.9,0.0,0.95,16.442799,165.9,5.5339227,16.349176,0.0,0.00017766701,0.0,0.0,0.00014268239,0.0,
Russia,RUS,2013,6.1906686,0.481527,0.0108,0.004473,181.1511,0.0,181.15,0.0,0.89,18.124252,181.15,6.174131,18.035643,0.0,0.00015249789,0.0,0.0,0.00036809305,0.0,
Russia,RUS,2014,5.887215,0.5544,0.16,0.096106,173.3945,0.1,175.27,0.16,0.98,17.502232,175.27,5.860338,17.379276,0.1,0.0032481633,0.009915716,0.16,0.0054076337,0.015865147,
Russia,RUS,2015,5.7736044,0.4812,0.3356,0.148037,167.99347,0.15,167.99,0.34,0.90999997,16.753704,167.99,5.7410645,16.615236,0.15,0.0050590644,0.0148359155,0.34,0.011468904,0.033628073,
Russia,RUS,2016,6.171405,0.4459,0.4683,0.1481205,184.61177,0.15,184.61,0.46,0.87,17.994837,184.61,6.1364446,17.85172,0.15,0.004923485,0.014504947,0.46,0.015566164,0.044481836,
Russia,RUS,2017,6.1212683,0.519179,544,139,185163,0.14,185.01,0.56,0.93,17.995642,185.01,6.081807,17.838478,0.14,0.004565553,0.013498659,0.56,0.017868059,0.053994637,
Russia,RUS,2018,6.0467625,0.504307,0.62446,0.23716,190.63756,0.23,191.14,0.72,0.90999997,18.423239,191.14,6.003823,18.245687,0.23,0.0074689705,0.021955155,0.72,0.019666363,0.06872918,
Russia,RUS,2019,6.201229,0.521152,0.98505,0.31481,194.37614,0.33,194.72,1.28,0.92,18.545855,194.72,6.143607,18.30798,0.33,0.009950137,0.031027287,1.28,0.03113428,0.12034826,
Russia,RUS,2020,7.0697813,0.513382,1.86214,1.13802,212.43826,1.24,212.59,2.02,0.9,20.743412,212.59,6.954666,20.345293,1.24,0.03725576,0.1186705,2.02,0.06096153,0.19331808,
Russia,RUS,2021,6.6202893,0.518672,2.31204,2.58484,214.53337,3.89,214.5,2.3,0.93,19.959293,214.5,6.4571986,19.31806,3.89,0.0778006,0.35033682,2.3,0.069589645,0.20714003,

Saudi Arabia,SAU,1965,0.0,0.0,0.0,0.0,0.0,0.0,0.0,0.0,0.0,,0.0,0.0,,0.0,0.0,,0.0,0.0,,
Saudi Arabia,SAU,1966,0.0,0.0,0.0,0.0,0.0,0.0,0.0,0.0,0.0,,0.0,0.0,,0.0,0.0,,0.0,0.0,,
Saudi Arabia,SAU,1967,0.0,0.0,0.0,0.0,0.0,0.0,0.0,0.0,0.0,,0.0,0.0,,0.0,0.0,,0.0,0.0,,
Saudi Arabia,SAU,1968,0.0,0.0,0.0,0.0,0.0,0.0,0.0,0.0,0.0,,0.0,0.0,,0.0,0.0,,0.0,0.0,,
Saudi Arabia,SAU,1969,0.0,0.0,0.0,0.0,0.0,0.0,0.0,0.0,0.0,,0.0,0.0,,0.0,0.0,,0.0,0.0,,
Saudi Arabia,SAU,1970,0.0,0.0,0.0,0.0,0.0,0.0,0.0,0.0,0.0,,0.0,0.0,,0.0,0.0,,0.0,0.0,,
Saudi Arabia,SAU,1971,0.0,0.0,0.0,0.0,0.0,0.0,0.0,0.0,0.0,,0.0,0.0,,0.0,0.0,,0.0,0.0,,
Saudi Arabia,SAU,1972,0.0,0.0,0.0,0.0,0.0,0.0,0.0,0.0,0.0,,0.0,0.0,,0.0,0.0,,0.0,0.0,,
Saudi Arabia,SAU,1973,0.0,0.0,0.0,0.0,0.0,0.0,0.0,0.0,0.0,,0.0,0.0,,0.0,0.0,,0.0,0.0,,
Saudi Arabia,SAU,1974,0.0,0.0,0.0,0.0,0.0,0.0,0.0,0.0,0.0,,0.0,0.0,,0.0,0.0,,0.0,0.0,,
Saudi Arabia,SAU,1975,0.0,0.0,0.0,0.0,0.0,0.0,0.0,0.0,0.0,,0.0,0.0,,0.0,0.0,,0.0,0.0,,
Saudi Arabia,SAU,1976,0.0,0.0,0.0,0.0,0.0,0.0,0.0,0.0,0.0,,0.0,0.0,,0.0,0.0,,0.0,0.0,,
Saudi Arabia,SAU,1977,0.0,0.0,0.0,0.0,0.0,0.0,0.0,0.0,0.0,,0.0,0.0,,0.0,0.0,,0.0,0.0,,
Saudi Arabia,SAU,1978,0.0,0.0,0.0,0.0,0.0,0.0,0.0,0.0,0.0,,0.0,0.0,,0.0,0.0,,0.0,0.0,,
Saudi Arabia,SAU,1979,0.0,0.0,0.0,0.0,0.0,0.0,0.0,0.0,0.0,,0.0,0.0,,0.0,0.0,,0.0,0.0,,
Saudi Arabia,SAU,1980,0.0,0.0,0.0,0.0,0.0,0.0,0.0,0.0,0.0,,0.0,0.0,,0.0,0.0,,0.0,0.0,,
Saudi Arabia,SAU,1981,0.0,0.0,0.0,0.0,0.0,0.0,0.0,0.0,0.0,,0.0,0.0,,0.0,0.0,,0.0,0.0,,
Saudi Arabia,SAU,1982,0.0,0.0,0.0,0.0,0.0,0.0,0.0,0.0,0.0,,0.0,0.0,,0.0,0.0,,0.0,0.0,,
Saudi Arabia,SAU,1983,0.0,0.0,0.0,0.0,0.0,0.0,0.0,0.0,0.0,,0.0,0.0,,0.0,0.0,,0.0,0.0,,
Saudi Arabia,SAU,1984,0.0,0.0,0.0,0.0,0.0,0.0,0.0,0.0,0.0,,0.0,0.0,,0.0,0.0,,0.0,0.0,,
Saudi Arabia,SAU,1985,0.0,0.0,0.0,0.0,0.0,0.0,0.0,0.0,0.0,0.0,0.0,0.0,0.0,0.0,0.0,0.0,0.0,0.0,0.0,
Saudi Arabia,SAU,1986,0.0,0.0,0.0,0.0,0.0,0.0,0.0,0.0,0.0,0.0,0.0,0.0,0.0,0.0,0.0,0.0,0.0,0.0,0.0,
Saudi Arabia,SAU,1987,0.0,0.0,0.0,0.0,0.0,0.0,0.0,0.0,0.0,0.0,0.0,0.0,0.0,0.0,0.0,0.0,0.0,0.0,0.0,
Saudi Arabia,SAU,1988,0.0,0.0,0.0,0.0,0.0,0.0,0.0,0.0,0.0,0.0,0.0,0.0,0.0,0.0,0.0,0.0,0.0,0.0,0.0,
Saudi Arabia,SAU,1989,0.0,0.0,0.0,0.0,0.0,0.0,0.0,0.0,0.0,0.0,0.0,0.0,0.0,0.0,0.0,0.0,0.0,0.0,0.0,
Saudi Arabia,SAU,1990,0.0,0.0,0.0,0.0,0.0,0.0,0.0,0.0,0.0,0.0,0.0,0.0,0.0,0.0,0.0,0.0,0.0,0.0,0.0,
Saudi Arabia,SAU,1991,0.0,0.0,0.0,0.0,0.0,0.0,0.0,0.0,0.0,0.0,0.0,0.0,0.0,0.0,0.0,0.0,0.0,0.0,0.0,
Saudi Arabia,SAU,1992,0.0,0.0,0.0,0.0,0.0,0.0,0.0,0.0,0.0,0.0,0.0,0.0,0.0,0.0,0.0,0.0,0.0,0.0,0.0,
Saudi Arabia,SAU,1993,0.0,0.0,0.0,0.0,0.0,0.0,0.0,0.0,0.0,0.0,0.0,0.0,0.0,0.0,0.0,0.0,0.0,0.0,0.0,
Saudi Arabia,SAU,1994,0.0,0.0,0.0,0.0,0.0,0.0,0.0,0.0,0.0,0.0,0.0,0.0,0.0,0.0,0.0,0.0,0.0,0.0,0.0,
Saudi Arabia,SAU,1995,0.0,0.0,0.0,0.0,0.0,0.0,0.0,0.0,0.0,0.0,0.0,0.0,0.0,0.0,0.0,0.0,0.0,0.0,0.0,
Saudi Arabia,SAU,1996,0.0,0.0,0.0,0.0,0.0,0.0,0.0,0.0,0.0,0.0,0.0,0.0,0.0,0.0,0.0,0.0,0.0,0.0,0.0,
Saudi Arabia,SAU,1997,0.0,0.0,0.0,0.0,0.0,0.0,0.0,0.0,0.0,0.0,0.0,0.0,0.0,0.0,0.0,0.0,0.0,0.0,0.0,
Saudi Arabia,SAU,1998,0.0,0.0,0.0,0.0,0.0,0.0,0.0,0.0,0.0,0.0,0.0,0.0,0.0,0.0,0.0,0.0,0.0,0.0,0.0,
Saudi Arabia,SAU,1999,0.0,0.0,0.0,0.0,0.0,0.0,0.0,0.0,0.0,0.0,0.0,0.0,0.0,0.0,0.0,0.0,0.0,0.0,0.0,
Saudi Arabia,SAU,2000,0.0,0.0,0.0,0.0,0.0,0.0,0.0,0.0,0.0,0.0,0.0,0.0,0.0,0.0,0.0,0.0,0.0,0.0,0.0,
Saudi Arabia,SAU,2001,0.0,0.0,0.0,0.0,0.0,0.0,0.0,0.0,0.0,0.0,0.0,0.0,0.0,0.0,0.0,0.0,0.0,0.0,0.0,
Saudi Arabia,SAU,2002,0.0,0.0,0.0,0.0,0.0,0.0,0.0,0.0,0.0,0.0,0.0,0.0,0.0,0.0,0.0,0.0,0.0,0.0,0.0,
Saudi Arabia,SAU,2003,0.0,0.0,0.0,0.0,0.0,0.0,0.0,0.0,0.0,0.0,0.0,0.0,0.0,0.0,0.0,0.0,0.0,0.0,0.0,
Saudi Arabia,SAU,2004,0.0,0.0,0.0,0.0,0.0,0.0,0.0,0.0,0.0,0.0,0.0,0.0,0.0,0.0,0.0,0.0,0.0,0.0,0.0,
Saudi Arabia,SAU,2005,0.0,0.0,0.0,0.0,0.0,0.0,0.0,0.0,0.0,0.0,0.0,0.0,0.0,0.0,0.0,0.0,0.0,0.0,0.0,
Saudi Arabia,SAU,2006,0.0,0.0,0.0,0.0,0.0,0.0,0.0,0.0,0.0,0.0,0.0,0.0,0.0,0.0,0.0,0.0,0.0,0.0,0.0,
Saudi Arabia,SAU,2007,0.0,0.0,0.0,0.0,0.0,0.0,0.0,0.0,0.0,0.0,0.0,0.0,0.0,0.0,0.0,0.0,0.0,0.0,0.0,
Saudi Arabia,SAU,2008,8.1655984e-05,0.0,0.000609,0.0,0.0,0.0,0.0,0.0,0.0,0.0,0.0,0.0,0.0,0.0,0.0,0.0,0.0,8.1655984e-05,0.0,
Saudi Arabia,SAU,2009,7.744253e-05,0.0,0.000609,0.0,0.0,0.0,0.0,0.0,0.0,0.0,0.0,0.0,0.0,0.0,0.0,0.0,0.0,7.744253e-05,0.0,
Saudi Arabia,SAU,2010,0.0004681669,0.0,0.004089,0.0,0.0,0.0,0.0,0.0,0.0,0.0,0.0,0.0,0.0,0.0,0.0,0.0,0.0,0.0004681669,0.0,
Saudi Arabia,SAU,2011,0.0005825445,0.0,0.005392,0.0,0.0,0.0,0.0,0.01,0.0,0.0039987206,0.0,0.0,0.0,0.0,0.0,0.0,0.01,0.0005825445,0.0039987206,
Saudi Arabia,SAU,2012,0.0025984717,0.0,0.025637,0.0,0.0,0.0,0.0,0.03,0.0,0.011041184,0.0,0.0,0.0,0.0,0.0,0.0,0.03,0.0025984717,0.011041184,
Saudi Arabia,SAU,2013,0.0042603677,0.0,0.042475,0.0,0.0,0.0,0.0,0.04,0.0,0.014081532,0.0,0.0,0.0,0.0,0.0,0.0,0.04,0.0042603677,0.014081532,
Saudi Arabia,SAU,2014,0.0042484943,0.0,0.045881,0.0,0.0,0.0,0.0,0.05,0.0,0.016032835,0.0,0.0,0.0,0.0,0.0,0.0,0.05,0.0042484943,0.016032835,
Saudi Arabia,SAU,2015,0.004093797,0.0,0.045881,0.0,0.0,0.0,0.0,0.05,0.0,0.01477585,0.0,0.0,0.0,0.0,0.0,0.0,0.05,0.004093797,0.01477585,
Saudi Arabia,SAU,2016,0.003963404,0.0,0.045881,0.0,0.0,0.0,0.0,0.05,0.0,0.014817889,0.0,0.0,0.0,0.0,0.0,0.0,0.05,0.003963404,0.014817889,
Saudi Arabia,SAU,2017,0.0056249667,0.0,0.065036,0.0,0.0,0.0,0.0,0.07,0.0,0.019753365,0.0,0.0,0.0,0.0,0.0,0.0,0.07,0.0056249667,0.019753365,
Saudi Arabia,SAU,2018,0.013882196,0.0,0.15948816,0.0,0.0,0.0,0.0,0.16,0.0,0.047781166,0.0,0.0,0.0,0.0,0.0,0.0,0.16,0.013882196,0.047781166,
Saudi Arabia,SAU,2019,0.018180711,0.0,0.20673662,0.0,0.0,0.0,0.0,0.21,0.0,0.062602475,0.0,0.0,0.0,0.0,0.0,0.0,0.21,0.018180711,0.062602475,
Saudi Arabia,SAU,2020,0.018463893,0.0,0.20730303,0.0,0.0,0.0,0.0,0.21,0.0,0.062124662,0.0,0.0,0.0,0.0,0.0,0.0,0.21,0.018463893,0.062124662,
Saudi Arabia,SAU,2021,,0.0,0.83041644,0.0,,0.0,,0.83,0.0,0.23274073,,,,0.0,0.0,0.0,0.83,0.07226903,0.23274073,
Singapore,SGP,1965,0.0,0.0,0.0,0.0,0.0,0.0,0.0,0.0,0.0,,0.0,0.0,,0.0,0.0,,0.0,0.0,,
Singapore,SGP,1966,0.0,0.0,0.0,0.0,0.0,0.0,0.0,0.0,0.0,,0.0,0.0,,0.0,0.0,,0.0,0.0,,
Singapore,SGP,1967,0.0,0.0,0.0,0.0,0.0,0.0,0.0,0.0,0.0,,0.0,0.0,,0.0,0.0,,0.0,0.0,,
Singapore,SGP,1968,0.0,0.0,0.0,0.0,0.0,0.0,0.0,0.0,0.0,,0.0,0.0,,0.0,0.0,,0.0,0.0,,
Singapore,SGP,1969,0.0,0.0,0.0,0.0,0.0,0.0,0.0,0.0,0.0,,0.0,0.0,,0.0,0.0,,0.0,0.0,,
Singapore,SGP,1970,0.0,0.0,0.0,0.0,0.0,0.0,0.0,0.0,0.0,,0.0,0.0,,0.0,0.0,,0.0,0.0,,
Singapore,SGP,1971,0.0,0.0,0.0,0.0,0.0,0.0,0.0,0.0,0.0,,0.0,0.0,,0.0,0.0,,0.0,0.0,,
Singapore,SGP,1972,0.0,0.0,0.0,0.0,0.0,0.0,0.0,0.0,0.0,,0.0,0.0,,0.0,0.0,,0.0,0.0,,
Singapore,SGP,1973,0.0,0.0,0.0,0.0,0.0,0.0,0.0,0.0,0.0,,0.0,0.0,,0.0,0.0,,0.0,0.0,,
Singapore,SGP,1974,0.0,0.0,0.0,0.0,0.0,0.0,0.0,0.0,0.0,,0.0,0.0,,0.0,0.0,,0.0,0.0,,
Singapore,SGP,1975,0.0,0.0,0.0,0.0,0.0,0.0,0.0,0.0,0.0,,0.0,0.0,,0.0,0.0,,0.0,0.0,,
Singapore,SGP,1976,0.0,0.0,0.0,0.0,0.0,0.0,0.0,0.0,0.0,,0.0,0.0,,0.0,0.0,,0.0,0.0,,
Singapore,SGP,1977,0.0,0.0,0.0,0.0,0.0,0.0,0.0,0.0,0.0,,0.0,0.0,,0.0,0.0,,0.0,0.0,,
Singapore,SGP,1978,0.0,0.0,0.0,0.0,0.0,0.0,0.0,0.0,0.0,,0.0,0.0,,0.0,0.0,,0.0,0.0,,
Singapore,SGP,1979,0.0,0.0,0.0,0.0,0.0,0.0,0.0,0.0,0.0,,0.0,0.0,,0.0,0.0,,0.0,0.0,,
Singapore,SGP,1980,0.0,0.0,0.0,0.0,0.0,0.0,0.0,0.0,0.0,,0.0,0.0,,0.0,0.0,,0.0,0.0,,
Singapore,SGP,1981,0.0,0.0,0.0,0.0,0.0,0.0,0.0,0.0,0.0,,0.0,0.0,,0.0,0.0,,0.0,0.0,,
Singapore,SGP,1982,0.0,0.0,0.0,0.0,0.0,0.0,0.0,0.0,0.0,,0.0,0.0,,0.0,0.0,,0.0,0.0,,
Singapore,SGP,1983,0.0,0.0,0.0,0.0,0.0,0.0,0.0,0.0,0.0,,0.0,0.0,,0.0,0.0,,0.0,0.0,,
Singapore,SGP,1984,0.0,0.0,0.0,0.0,0.0,0.0,0.0,0.0,0.0,,0.0,0.0,,0.0,0.0,,0.0,0.0,,
Singapore,SGP,1985,0.0,0.0,0.0,0.0,0.0,0.0,0.0,0.0,0.0,0.0,0.0,0.0,0.0,0.0,0.0,0.0,0.0,0.0,0.0,
Singapore,SGP,1986,0.16469046,85,0.0,0.0,0.0,0.0,0.0,0.0,85,0.8036685,0.0,0.0,0.0,0.0,0.0,0.0,0.0,0.0,0.0,
Singapore,SGP,1987,0.15662819,85,0.0,0.0,0.0,0.0,0.0,0.0,85,0.71949756,0.0,0.0,0.0,0.0,0.0,0.0,0.0,0.0,0.0,
Singapore,SGP,1988,0.13537796,85,0.0,0.0,0.0,0.0,0.0,0.0,85,0.65296715,0.0,0.0,0.0,0.0,0.0,0.0,0.0,0.0,0.0,
Singapore,SGP,1989,0.11872775,85,0.0,0.0,0.0,0.0,0.0,0.0,85,0.6054605,0.0,0.0,0.0,0.0,0.0,0.0,0.0,0.0,0.0,
Singapore,SGP,1990,0.09935333,85,0.0,0.0,0.0,0.0,0.0,0.0,85,0.54425776,0.0,0.0,0.0,0.0,0.0,0.0,0.0,0.0,0.0,
Singapore,SGP,1991,0.281009,245,0.0,0.0,0.0,0.0,0.0,0.0,245,1.4762061,0.0,0.0,0.0,0.0,0.0,0.0,0.0,0.0,0.0,
Singapore,SGP,1992,0.26192996,245,0.0,0.0,0.0,0.0,0.0,0.0,245,1.3965604,0.0,0.0,0.0,0.0,0.0,0.0,0.0,0.0,0.0,
Singapore,SGP,1993,0.23974904,245,0.0,0.0,0.0,0.0,0.0,0.0,245,1.2920306,0.0,0.0,0.0,0.0,0.0,0.0,0.0,0.0,0.0,
Singapore,SGP,1994,0.20962867,245,0.0,0.0,0.0,0.0,0.0,0.0,245,1.1849831,0.0,0.0,0.0,0.0,0.0,0.0,0.0,0.0,0.0,
Singapore,SGP,1995,0.20108199,245,0.0,0.0,0.0,0.0,0.0,0.0,245,1.1107384,0.0,0.0,0.0,0.0,0.0,0.0,0.0,0.0,0.0,
Singapore,SGP,1996,0.1992702,245,0.0,0.0,0.0,0.0,0.0,0.0,245,1.0247016,0.0,0.0,0.0,0.0,0.0,0.0,0.0,0.0,0.0,
Singapore,SGP,1997,0.1894595,245,0.0,0.0,0.0,0.0,0.0,0.0,245,0.9172801,0.0,0.0,0.0,0.0,0.0,0.0,0.0,0.0,0.0,
Singapore,SGP,1998,0.1868752,245,0.0,0.0,0.0,0.0,0.0,0.0,245,0.86344224,0.0,0.0,0.0,0.0,0.0,0.0,0.0,0.0,0.0,
Singapore,SGP,1999,0.18876192,245,0.0,0.0,0.0,0.0,0.0,0.0,245,0.8299458,0.0,0.0,0.0,0.0,0.0,0.0,0.0,0.0,0.0,
Singapore,SGP,2000,0.17653827,245,0.0,0.0,0.0,0.0,0.0,0.0,0.0,0.0,0.0,0.0,0.0,0.0,0.0,0.0,0.0,0.0,0.0,
Singapore,SGP,2001,0.30012923,473,0.0,0.0,0.0,0.0,0.0,0.0,0.0,0.0,0.0,0.0,0.0,0.0,0.0,0.0,0.0,0.0,0.0,
Singapore,SGP,2002,0.30550742,473,0.0,0.0,0.0,0.0,0.0,0.0,0.0,0.0,0.0,0.0,0.0,0.0,0.0,0.0,0.0,0.0,0.0,
Singapore,SGP,2003,0.3383669,495,0.0,0.0,0.0,0.0,0.0,0.0,0.0,0.0,0.0,0.0,0.0,0.0,0.0,0.0,0.0,0.0,0.0,
Singapore,SGP,2004,0.2925276,479,0.0,0.0,0.0,0.0,0.0,0.0,0.0,0.0,0.0,0.0,0.0,0.0,0.0,0.0,0.0,0.0,0.0,
Singapore,SGP,2005,0.27761883,0.47765875,0.0,0.0,0.0,0.0,0.0,0.0,0.0,0.0,0.0,0.0,0.0,0.0,0.0,0.0,0.0,0.0,0.0,
Singapore,SGP,2006,0.25025177,0.4737648,0.0,0.0,0.0,0.0,0.0,0.0,0.0,0.0,0.0,0.0,0.0,0.0,0.0,0.0,0.0,0.0,0.0,
Singapore,SGP,2007,0.2428374,0.4936092,0.0,0.0,0.0,0.0,0.0,0.0,0.0,0.0,0.0,0.0,0.0,0.0,0.0,0.0,0.0,0.0,0.0,
Singapore,SGP,2008,0.24099082,0.5208825,0.000297,0.0,0.0,0.0,0.0,0.0,0.0,0.0,0.0,0.0,0.0,0.0,0.0,0.0,0.0,0.00012071779,0.0,
Singapore,SGP,2009,0.22723757,0.5270821,0.001596,0.0,0.0,0.0,0.0,0.0,0.0,0.0,0.0,0.0,0.0,0.0,0.0,0.0,0.0,0.00059866376,0.0,
Singapore,SGP,2010,0.23598696,0.5871582,0.003086,0.0,0.0,0.0,0.0,0.0,0.0,0.0,0.0,0.0,0.0,0.0,0.0,0.0,0.0,0.0010722909,0.0,
Singapore,SGP,2011,0.23450488,0.60518473,0.004895,0.0,0.0,0.0,0.0,0.01,0.0,0.022899017,0.0,0.0,0.0,0.0,0.0,0.0,0.01,0.0016273565,0.022899017,
Singapore,SGP,2012,0.24628179,0.63571346,0.008193,0.0,0.0,0.0,0.0,0.01,0.0,0.022461815,0.0,0.0,0.0,0.0,0.0,0.0,0.01,0.002697388,0.022461815,
Singapore,SGP,2013,0.26858902,0.7057131,0.012556,0.0,0.0,0.0,0.0,0.02,0.14,0.35041612,0.0,0.0,0.0,0.0,0.0,0.0,0.02,0.0040188846,0.043802015,
Singapore,SGP,2014,0.2785132,0.7414505,0.027133,0.0,0.0,0.0,0.0,0.04,0.24,0.59625214,0.0,0.0,0.0,0.0,0.0,0.0,0.04,0.008389042,0.085178874,
Singapore,SGP,2015,0.29237184,0.8122861,0.048733,0.0,0.0,0.0,0.0,0.07,0.34,0.85666525,0.0,0.0,0.0,0.0,0.0,0.0,0.07,0.014084733,0.14625992,
Singapore,SGP,2016,0.289138,0.80152607,0.08848914,0.0,0.0,0.0,0.0,0.15,0.38,1.0792098,0.0,0.0,0.0,0.0,0.0,0.0,0.15,0.024501158,0.3054368,
Singapore,SGP,2017,0.28081223,0.77486813,0.122786,0.0,0.0,0.0,0.0,0.17,0.38,1.1064173,0.0,0.0,0.0,0.0,0.0,0.0,0.17,0.032768123,0.3419835,
Singapore,SGP,2018,0.2784224,0.762494,0.13516214,0.0,0.0,0.0,0.0,0.24,0.42,1.3061548,0.0,0.0,0.0,0.0,0.0,0.0,0.24,0.035665236,0.47496536,
Singapore,SGP,2019,0.2995429,0.7602769,0.19461899,0.0,0.0,0.0,0.0,0.41,0.43,1.6231884,0.0,0.0,0.0,0.0,0.0,0.0,0.41,0.05226877,0.79227054,
Singapore,SGP,2020,0.30993885,0.6848291,0.2951081,0.0,0.0,0.0,0.0,0.5,0.42,1.808176,0.0,0.0,0.0,0.0,0.0,0.0,0.5,0.08112201,0.9827044,
Singapore,SGP,2021,,0.75924546,0.39679468,0.0,,0.0,0.0,0.67,0.44,2.0755422,0.0,,0.0,0.0,0.0,0.0,0.67,0.10813239,1.2528048,
Slovakia,SVK,1965,6.1526546,0.0,0.0,0.0,2.222958,0.0,2.222958,0.0,0.0,,2.222958,6.1526546,,0.0,0.0,,0.0,0.0,,
Slovakia,SVK,1966,5.6959925,0.0,0.0,0.0,2.1301508,0.0,2.1301508,0.0,0.0,,2.1301508,5.6959925,,0.0,0.0,,0.0,0.0,,
Slovakia,SVK,1967,4.855119,0.0,0.0,0.0,1.8252122,0.0,1.8252122,0.0,0.0,,1.8252122,4.855119,,0.0,0.0,,0.0,0.0,,
Slovakia,SVK,1968,4.037017,0.0,0.0,0.0,1.6749526,0.0,1.6749526,0.0,0.0,,1.6749526,4.037017,,0.0,0.0,,0.0,0.0,,
Slovakia,SVK,1969,3.0090578,0.0,0.0,0.0,1.303723,0.0,1.303723,0.0,0.0,,1.303723,3.0090578,,0.0,0.0,,0.0,0.0,,
Slovakia,SVK,1970,4.1029906,0.0,0.0,0.0,1.966633,0.0,1.966633,0.0,0.0,,1.966633,4.1029906,,0.0,0.0,,0.0,0.0,,
Slovakia,SVK,1971,2.8729022,0.0,0.0,0.0,1476,0.0,1476,0.0,0.0,,1476,2.8729022,,0.0,0.0,,0.0,0.0,,
Slovakia,SVK,1972,2.8613746,0.0,0.0,0.0,1546,0.0,1546,0.0,0.0,,1546,2.8613746,,0.0,0.0,,0.0,0.0,,
Slovakia,SVK,1973,2.351841,0.0,0.0,0.0,1322,0.0,1322,0.0,0.0,,1322,2.351841,,0.0,0.0,,0.0,0.0,,
Slovakia,SVK,1974,3.7575521,0.0,0.0,0.0,2223,0.0,2223,0.0,0.0,,2223,3.7575521,,0.0,0.0,,0.0,0.0,,
Slovakia,SVK,1975,3.2334025,0.0,0.0,0.0,2002,0.0,2002,0.0,0.0,,2002,3.2334025,,0.0,0.0,,0.0,0.0,,
Slovakia,SVK,1976,3.1432197,0.0,0.0,0.0,2019,0.0,2019,0.0,0.0,,2019,3.1432197,,0.0,0.0,,0.0,0.0,,
Slovakia,SVK,1977,3.5666406,0.0,0.0,0.0,2408,0.0,2408,0.0,0.0,,2408,3.5666406,,0.0,0.0,,0.0,0.0,,
Slovakia,SVK,1978,3.189221,0.0,0.0,0.0,2259,0.0,2259,0.0,0.0,,2259,3.189221,,0.0,0.0,,0.0,0.0,,
Slovakia,SVK,1979,2.585242,0.0,0.0,0.0,1884,0.0,1884,0.0,0.0,,1884,2.585242,,0.0,0.0,,0.0,0.0,,
Slovakia,SVK,1980,3.0467432,0.0,0.0,0.0,2257,0.0,2257,0.0,0.0,,2257,3.0467432,,0.0,0.0,,0.0,0.0,,
Slovakia,SVK,1981,2.6747825,0.0,0.0,0.0,1966,0.0,1966,0.0,0.0,,1966,2.6747825,,0.0,0.0,,0.0,0.0,,
Slovakia,SVK,1982,2.3736455,0.0,0.0,0.0,1726,0.0,1726,0.0,0.0,,1726,2.3736455,,0.0,0.0,,0.0,0.0,,
Slovakia,SVK,1983,2.5121586,0.0,0.0,0.0,1832,0.0,1832,0.0,0.0,,1832,2.5121586,,0.0,0.0,,0.0,0.0,,
Slovakia,SVK,1984,1.9794106,0.0,0.0,0.0,1555,0.0,1555,0.0,0.0,,1555,1.9794106,,0.0,0.0,,0.0,0.0,,
Slovakia,SVK,1985,2.611933,0.0,0.0,0.0,2117,0.0,2117,0.0,0.0,9.406381,2117,2.611933,9.406381,0.0,0.0,0.0,0.0,0.0,0.0,
Slovakia,SVK,1986,2.0846353,0.0,0.0,0.0,1675,0.0,1675,0.0,0.0,6.930652,1675,2.0846353,6.930652,0.0,0.0,0.0,0.0,0.0,0.0,
Slovakia,SVK,1987,2.351403,0.0,0.0,0.0,1932,0.0,1932,0.0,0.0,8.1763935,1932,2.351403,8.1763935,0.0,0.0,0.0,0.0,0.0,0.0,
Slovakia,SVK,1988,2.125359,0.0,0.0,0.0,1755,0.0,1755,0.0,0.0,7.6175184,1755,2.125359,7.6175184,0.0,0.0,0.0,0.0,0.0,0.0,
Slovakia,SVK,1989,2.3424203,0.0,0.0,0.0,1962,0.0,1962,0.0,0.0,8.151226,1962,2.3424203,8.151226,0.0,0.0,0.0,0.0,0.0,0.0,
Slovakia,SVK,1990,2.2383957,0.0,0.0,0.0,1.88,0.0,1.88,0.0,0.0,7.3754416,1.88,2.2383957,7.3754416,0.0,0.0,0.0,0.0,0.0,0.0,
Slovakia,SVK,1991,1.8738333,0.0,0.0,0.0,1408,0.0,1.41,0.0,0.0,5.812036,1.41,1.8738333,5.812036,0.0,0.0,0.0,0.0,0.0,0.0,
Slovakia,SVK,1992,2.6797173,0.0,0.0,0.0,1937,0.0,1.94,0.0,0.0,8.347676,1.94,2.6797173,8.347676,0.0,0.0,0.0,0.0,0.0,0.0,
Slovakia,SVK,1993,4.882404,0.0,0.0,0.0,3467,0.0,3.47,0.0,0.0,14.428275,3.47,4.882404,14.428275,0.0,0.0,0.0,0.0,0.0,0.0,
Slovakia,SVK,1994,6.225819,0.0,0.0,0.0,4355,0.0,4.36,0.0,0.0,17.11818,4.36,6.225819,17.11818,0.0,0.0,0.0,0.0,0.0,0.0,
Slovakia,SVK,1995,6.879693,0.0,0.0,0.0,4.88,0.0,4.88,0.0,0.0,18.463867,4.88,6.879693,18.463867,0.0,0.0,0.0,0.0,0.0,0.0,
Slovakia,SVK,1996,5.918111,0.0,0.0,0.0,4227,0.0,4.23,0.0,0.0,16.614298,4.23,5.918111,16.614298,0.0,0.0,0.0,0.0,0.0,0.0,
Slovakia,SVK,1997,5.796413,0.0,0.0,0.0,4064,0.0,4.06,0.0,0.0,16.214056,4.06,5.796413,16.214056,0.0,0.0,0.0,0.0,0.0,0.0,
Slovakia,SVK,1998,6.022059,0.0,0.0,0.0,4267,0.0,4.27,0.0,0.0,16.595415,4.27,6.022059,16.595415,0.0,0.0,0.0,0.0,0.0,0.0,
Slovakia,SVK,1999,6.2612333,0.0,0.0,0.0,4474,0.0,4.47,0.0,0.0,15.901813,4.47,6.2612333,15.901813,0.0,0.0,0.0,0.0,0.0,0.0,
Slovakia,SVK,2000,6.252774,0.0,0.0,0.0,4615,0.0,4.61,0.0,0.0,14.977258,4.61,6.252774,14.977258,0.0,0.0,0.0,0.0,0.0,0.0,
Slovakia,SVK,2001,6.664679,154,0.0,0.0,4927,0.0,4.93,0.0,0.15,15.959786,4.93,6.445761,15.488532,0.0,0.0,0.0,0.0,0.0,0.0,
Slovakia,SVK,2002,7.005193,152,0.0,0.0,5268,0.0,5.27,0.0,0.15,16.84276,5.27,6.790901,16.37663,0.0,0.0,0.0,0.0,0.0,0.0,
Slovakia,SVK,2003,4.4944215,99,0.0,2,3288,0.0,3.48,0.0,0.1,11.563308,3.48,4.347684,11.240311,0.0,0.0026469966,0.0,0.0,0.0,0.0,
Slovakia,SVK,2004,5.424992,0.02,0.0,6,3993,0.01,4.1,0.0,0.02,13.563218,4.1,5.3870125,13.464696,0.01,0.008089004,0.03284072,0.0,0.0,0.0,
Slovakia,SVK,2005,5.801839,32,0.0,7,4.52,0.01,4.64,0.0,0.03,14.932992,4.64,5.7475696,14.805361,0.01,0.008906281,0.031908106,0.0,0.0,0.0,
Slovakia,SVK,2006,6.194248,398,0.0,6,4.28,0.01,4.4,0.0,0.4,15.411728,4.4,5.6019683,14.098046,0.01,0.007858243,0.032041013,0.0,0.0,0.0,
Slovakia,SVK,2007,6.746676,475,0.0,8,4321,0.01,4.45,0.0,0.47,17.714695,4.45,5.9919715,15.989938,0.01,0.011088842,0.035932448,0.0,0.0,0.0,
Slovakia,SVK,2008,6.2277403,517,0.0,7,4082,0.01,4.04,0.0,0.52,15.906719,4.04,5.4362636,14.061956,0.01,0.00932058,0.03480682,0.0,0.0,0.0,
Slovakia,SVK,2009,7.332043,537,0.0,6,4426,0.01,4.37,0.0,0.54,19.003477,4.37,6.431394,16.879105,0.01,0.008715302,0.038624953,0.0,0.0,0.0,
Slovakia,SVK,2010,7.9761634,662,17,6,5099,0.01,5.26,0.02,0.66,21.69949,5.26,6.9127784,19.183079,0.01,0.008140719,0.03646973,0.02,0.023047054,0.07293946,
Slovakia,SVK,2011,6.98435,819,397,5,3638,0.0,3.78,0.4,0.82,17.724213,3.78,5.0943265,13.399504,0.0,0.0070077823,0.0,0.4,0.55592287,1.4179369,
Slovakia,SVK,2012,8.014707,941,424,6,4008,0.01,4.1,0.42,0.94,19.369688,4.1,5.805151,14.518414,0.01,0.008686559,0.035410766,0.42,0.61411774,1.4872521,
Slovakia,SVK,2013,8.994414,911,588,6,4744,0.01,4.85,0.59,0.91,22.36287,4.85,6.6618724,17.053446,0.01,0.008430074,0.035161745,0.59,0.8257126,2.0745428,
Slovakia,SVK,2014,9.855442,1417,597,6,4319,0.01,4.21,0.6,1.42,23.076921,4.21,6.4574733,15.569526,0.01,0.008968258,0.036982246,0.6,0.8925935,2.218935,
Slovakia,SVK,2015,9.638893,1662,506,6,4067,0.01,3.87,0.51,1.66,22.795778,3.87,5.9857574,14.581763,0.01,0.008835549,0.037678976,0.51,0.74472415,1.9216276,
Slovakia,SVK,2016,9.996943,1731,533,0.006016438,4261,0.01,4.36,0.53,1.73,24.850075,4.36,6.205735,16.34183,0.01,0.008765017,0.03748126,0.53,0.7762631,1.9865066,
Slovakia,SVK,2017,9.412673,1696,506,6,4324,0.01,4.32,0.51,1.7,23.96482,4.32,5.924069,15.829975,0.01,0.008222569,0.036643457,0.51,0.693242,1.8688164,
Slovakia,SVK,2018,8.504163,1625,585,6,3.59,0.01,3.59,0.58,1.63,21.866768,3.59,4.9709754,13.511479,0.01,0.008301102,0.037636433,0.58,0.81003374,2.182913,
Slovakia,SVK,2019,9.983878,1693,589,6,4356,0.01,4.36,0.59,1.69,23.589926,4.36,6.211719,15.466477,0.01,0.008550527,0.03547357,0.59,0.83992255,2.0929406,
Slovakia,SVK,2020,10.48076,1673,663,4,4517,0.0,4.52,0.66,1.67,24.026657,4.52,6.559281,15.854086,0.0,0.0058056777,0.0,0.66,0.96276355,2.3149772,
Slovakia,SVK,2021,9.82116,2.0455492,0.672096,0.003989071,4.2292657,0.0,4.55,0.67,1.84,23.57262,4.55,5.6123967,15.191987,0.0,0.0052968618,0.0,0.67,0.8918972,2.2370617,
Slovakia,SVK,2022,,,,,,0.0,3.95,0.69,1.71,23.50111,3.95,,14.618801,0.0,,0.0,0.69,,2.553664,
Slovenia,SVN,1990,12.690258,0.0,0.0,0.0,2974,0.0,2.95,0.0,0.0,23.713827,2.95,12.690258,23.713827,0.0,0.0,0.0,0.0,0.0,0.0,
Slovenia,SVN,1991,15.370843,0.0,0.0,0.0,3608,0.0,3.61,0.0,0.0,28.33595,3.61,15.370843,28.33595,0.0,0.0,0.0,0.0,0.0,0.0,
Slovenia,SVN,1992,15.600479,0.0,0.0,0.0,3423,0.0,3.42,0.0,0.0,27.714748,3.42,15.600479,27.714748,0.0,0.0,0.0,0.0,0.0,0.0,
Slovenia,SVN,1993,13.463439,0.0,0.0,0.0,3035,0.0,3.04,0.0,0.0,25.439331,3.04,13.463439,25.439331,0.0,0.0,0.0,0.0,0.0,0.0,
Slovenia,SVN,1994,14.166087,0.0,0.0,0.0,3399,0.0,3.4,0.0,0.0,26.377035,3.4,14.166087,26.377035,0.0,0.0,0.0,0.0,0.0,0.0,
Slovenia,SVN,1995,12.90796,0.0,0.0,0.0,3252,0.0,3.25,0.0,0.0,25.1938,3.25,12.90796,25.1938,0.0,0.0,0.0,0.0,0.0,0.0,
Slovenia,SVN,1996,13.877273,0.0,0.0,0.0,3668,0.0,3.67,0.0,0.0,28.122604,3.67,13.877273,28.122604,0.0,0.0,0.0,0.0,0.0,0.0,
Slovenia,SVN,1997,11.434757,0.0,0.0,0.0,3091,0.0,3.09,0.0,0.0,23.444613,3.09,11.434757,23.444613,0.0,0.0,0.0,0.0,0.0,0.0,
Slovenia,SVN,1998,12.727215,0.0,0.0,0.0,3.45,0.0,3.45,0.0,0.0,25.145773,3.45,12.727215,25.145773,0.0,0.0,0.0,0.0,0.0,0.0,
Slovenia,SVN,1999,14.062134,31,0.0,0.0,3739,0.0,3.74,0.0,0.03,28.431372,3.74,13.9373865,28.205128,0.0,0.0,0.0,0.0,0.0,0.0,
Slovenia,SVN,2000,14.703167,0.07,0.0,0.0,3834,0.0,3.83,0.0,0.07,28.655401,3.83,14.418968,28.141073,0.0,0.0,0.0,0.0,0.0,0.0,
Slovenia,SVN,2001,13.847439,72,0.0,0.0,3796,0.0,3.8,0.0,0.07,26.72652,3.8,13.567807,26.243095,0.0,0.0,0.0,0.0,0.0,0.0,
Slovenia,SVN,2002,12.223348,102,0.0,0.0,3313,0.0,3.31,0.0,0.1,23.356163,3.31,11.825178,22.671232,0.0,0.0,0.0,0.0,0.0,0.0,
Slovenia,SVN,2003,11.176646,122,0.0,0.0,2957,0.0,2.96,0.0,0.12,22.270426,2.96,10.691127,21.402748,0.0,0.0,0.0,0.0,0.0,0.0,
Slovenia,SVN,2004,14.306864,121,0.0,0.0,4095,0.0,4.09,0.0,0.12,27.570398,4.09,13.853405,26.784544,0.0,0.0,0.0,0.0,0.0,0.0,
Slovenia,SVN,2005,12.045763,0.11,0.0,0.0,3461,0.0,3.46,0.0,0.11,23.626738,3.46,11.633561,22.898743,0.0,0.0,0.0,0.0,0.0,0.0,
Slovenia,SVN,2006,12.255213,99,0.0,0.0,3591,0.0,3.59,0.0,0.11,24.487095,3.59,11.887542,23.7591,0.0,0.0,0.0,0.0,0.0,0.0,
Slovenia,SVN,2007,11.193771,104,0.0,0.0,3266,0.0,3.27,0.0,0.11,22.473404,3.27,10.805331,21.742022,0.0,0.0,0.0,0.0,0.0,0.0,
Slovenia,SVN,2008,13.052405,291,1,0.0,4018,0.0,4.02,0.0,0.29,26.264473,4.02,12.057408,24.497257,0.0,0.0,0.0,0.0,0.00299604,0.0,
Slovenia,SVN,2009,15.9465475,193,4,0.0,4715,0.0,4.71,0.0,0.19,29.896278,4.71,15.221448,28.737036,0.0,0.0,0.0,0.0,0.012908379,0.0,
Slovenia,SVN,2010,15.326107,221,13,0.0,4518,0.0,4.52,0.01,0.22,29.212791,4.52,14.470395,27.798277,0.0,0.0,0.0,0.01,0.04163679,0.061500613,
Slovenia,SVN,2011,12.851766,252,66,0.0,3562,0.0,3.56,0.07,0.25,24.371859,3.56,11.679235,22.361809,0.0,0.0,0.0,0.07,0.21640348,0.4396985,
Slovenia,SVN,2012,14.665227,267,163,0.0,3899,0.0,3.9,0.16,0.27,27.84566,3.9,13.076089,25.080385,0.0,0.0,0.0,0.16,0.54665375,1.0289389,
Slovenia,SVN,2013,17.365847,261,215,4,4629,0.0,4.63,0.22,0.26,32.34177,4.63,15.597832,29.303797,0.0,0.013462557,0.0,0.22,0.7244618,1.392405,
Slovenia,SVN,2014,21.739605,259,257,4,6092,0.0,6.09,0.26,0.25,38.483967,6.09,19.890955,35.510204,0.0,0.013056692,0.0,0.26,0.8391292,1.516035,
Slovenia,SVN,2015,15.851431,267,274,6,3808,0.01,3.81,0.27,0.26,29.391891,3.81,13.704674,25.743242,0.01,0.021605304,0.067567565,0.27,0.9861032,1.8243245,
Slovenia,SVN,2016,17.115887,283,267,0.006016438,4503,0.01,4.5,0.27,0.28,31.176834,4.5,15.072486,27.726433,0.01,0.020144384,0.061614297,0.27,0.89370525,1.6635861,
Slovenia,SVN,2017,14.848828,0.293889,0.283867,0.005716,3.868345,0.01,3.87,0.28,0.28,27.663553,3.87,12.734957,24.11215,0.01,0.018830337,0.062305298,0.28,0.9345171,1.7445483,
Slovenia,SVN,2018,16.982708,0.272717,0.254961,0.006021,4.70432,0.01,4.7,0.25,0.26,32.382133,4.7,15.090086,29.156324,0.01,0.019297538,0.062034737,0.25,0.81784046,1.5508684,
Slovenia,SVN,2019,16.78137,0.256212,0.303039,0.00615,4.479396,0.01,4.48,0.3,0.25,31.718061,4.48,14.742573,28.193832,0.01,0.020254582,0.06293266,0.3,0.997361,1.88798,
Slovenia,SVN,2020,19.160215,0.277377,0.368196,0.006251,4.93406,0.01,4.93,0.37,0.27,33.0373,4.93,16.745209,29.188868,0.01,0.021214295,0.059206635,0.37,1.2495835,2.1906455,
Slovenia,SVN,2021,18.768454,0.29847902,0.302205,0.005535,4.706957,0.01,4.71,0.45,0.27,34.89416,4.71,16.424103,30.211674,0.01,0.019298632,0.06414368,0.45,1.0544914,2.8864655,
Slovenia,SVN,2022,,,,,,0.01,3.19,0.44,0.29,29.615673,3.19,,24.039185,0.01,,0.07535795,0.44,,3.3157496,
South Africa,ZAF,1965,0.030886453,0.0,0.0,0.0,37,0.0,37,0.0,0.0,,37,0.030886453,,0.0,0.0,,0.0,0.0,,
South Africa,ZAF,1966,0.029866168,0.0,0.0,0.0,36,0.0,36,0.0,0.0,,36,0.029866168,,0.0,0.0,,0.0,0.0,,
South Africa,ZAF,1967,0.020714175,0.0,0.0,0.0,26,0.0,26,0.0,0.0,,26,0.020714175,,0.0,0.0,,0.0,0.0,,
South Africa,ZAF,1968,0.018117521,0.0,0.0,0.0,24,0.0,24,0.0,0.0,,24,0.018117521,,0.0,0.0,,0.0,0.0,,
South Africa,ZAF,1969,0.015396576,0.0,0.0,0.0,21,0.0,21,0.0,0.0,,21,0.015396576,,0.0,0.0,,0.0,0.0,,
South Africa,ZAF,1970,0.017539408,0.0,0.0,0.0,25,0.0,25,0.0,0.0,,25,0.017539408,,0.0,0.0,,0.0,0.0,,
South Africa,ZAF,1971,0.0729435,0.0,0.0,0.0,112,0.0,112,0.0,0.0,,112,0.0729435,,0.0,0.0,,0.0,0.0,,
South Africa,ZAF,1972,0.52579427,0.0,0.0,0.0,834,0.0,834,0.0,0.0,,834,0.52579427,,0.0,0.0,,0.0,0.0,,
South Africa,ZAF,1973,0.577211,0.0,0.0,0.0,985,0.0,985,0.0,0.0,,985,0.577211,,0.0,0.0,,0.0,0.0,,
South Africa,ZAF,1974,0.6448366,0.0,0.0,0.0,1132,0.0,1132,0.0,0.0,,1132,0.6448366,,0.0,0.0,,0.0,0.0,,
South Africa,ZAF,1975,0.59844273,0.0,0.0,0.0,1.12,0.0,1.12,0.0,0.0,,1.12,0.59844273,,0.0,0.0,,0.0,0.0,,
South Africa,ZAF,1976,0.96040416,0.0,0.0,0.0,1876,0.0,1876,0.0,0.0,,1876,0.96040416,,0.0,0.0,,0.0,0.0,,
South Africa,ZAF,1977,0.971405,0.0,0.0,0.0,1944,0.0,1944,0.0,0.0,,1944,0.971405,,0.0,0.0,,0.0,0.0,,
South Africa,ZAF,1978,0.96227145,0.0,0.0,0.0,1907,0.0,1907,0.0,0.0,,1907,0.96227145,,0.0,0.0,,0.0,0.0,,
South Africa,ZAF,1979,0.55904925,0.0,0.0,0.0,1144,0.0,1144,0.0,0.0,,1144,0.55904925,,0.0,0.0,,0.0,0.0,,
South Africa,ZAF,1980,0.45417184,0.0,0.0,0.0,992,0.0,992,0.0,0.0,,992,0.45417184,,0.0,0.0,,0.0,0.0,,
South Africa,ZAF,1981,0.65005094,0.0,0.0,0.0,1653,0.0,1653,0.0,0.0,,1653,0.65005094,,0.0,0.0,,0.0,0.0,,
South Africa,ZAF,1982,0.3714905,0.0,0.0,0.0,1016,0.0,1016,0.0,0.0,,1016,0.3714905,,0.0,0.0,,0.0,0.0,,
South Africa,ZAF,1983,0.2147052,0.0,0.0,0.0,595,0.0,595,0.0,0.0,,595,0.2147052,,0.0,0.0,,0.0,0.0,,
South Africa,ZAF,1984,0.18491055,0.0,0.0,0.0,0.56,0.0,0.56,0.0,0.0,,0.56,0.18491055,,0.0,0.0,,0.0,0.0,,
South Africa,ZAF,1985,0.20175485,0.0,0.0,0.0,624,0.0,624,0.0,0.0,0.4348705,624,0.20175485,0.4348705,0.0,0.0,0.0,0.0,0.0,0.0,
South Africa,ZAF,1986,0.5151001,0.0,0.0,0.0,1623,0.0,1623,0.0,0.0,1.0948389,1623,0.5151001,1.0948389,0.0,0.0,0.0,0.0,0.0,0.0,
South Africa,ZAF,1987,0.505198,0.0,0.0,0.0,1617,0.0,1617,0.0,0.0,1.0612116,1617,0.505198,1.0612116,0.0,0.0,0.0,0.0,0.0,0.0,
South Africa,ZAF,1988,0.89705485,0.0,0.0,0.0,3162,0.0,3162,0.0,0.0,1.9994813,3162,0.89705485,1.9994813,0.0,0.0,0.0,0.0,0.0,0.0,
South Africa,ZAF,1989,0.81933874,0.0,0.0,0.0,2759,0.0,2759,0.0,0.0,1.6889184,2759,0.81933874,1.6889184,0.0,0.0,0.0,0.0,0.0,0.0,
South Africa,ZAF,1990,0.29005045,0.0,0.0,0.0,1.01,0.0,1.01,0.0,0.0,0.6039731,1.01,0.29005045,0.6039731,0.0,0.0,0.0,0.0,0.0,0.0,
South Africa,ZAF,1991,0.5727414,0.0,0.0,0.0,1.98,0.0,1.98,0.0,0.0,1.1763588,1.98,0.5727414,1.1763588,0.0,0.0,0.0,0.0,0.0,0.0,
South Africa,ZAF,1992,0.2165115,0.0,0.0,0.0,0.75200003,0.0,0.75200003,0.0,0.0,0.4473794,0.75200003,0.2165115,0.4473794,0.0,0.0,0.0,0.0,0.0,0.0,
South Africa,ZAF,1993,0.04210848,0.0,0.0,0.0,0.14600004,0.0,0.14600004,0.0,0.0,0.083569,0.14600004,0.04210848,0.083569,0.0,0.0,0.0,0.0,0.0,0.0,
South Africa,ZAF,1994,0.29699612,0.0,0.0,0.0,1.0739999,0.0,1.0739999,0.0,0.0,0.59111667,1.0739999,0.29699612,0.59111667,0.0,0.0,0.0,0.0,0.0,0.0,
South Africa,ZAF,1995,0.13997532,0.0,0.0,0.0,529,0.0,529,0.0,0.0,0.28341055,529,0.13997532,0.28341055,0.0,0.0,0.0,0.0,0.0,0.0,
South Africa,ZAF,1996,0.3590046,0.06,0.0,0.0,1.3189999,0.0,1.3189999,0.0,0.06,0.6891829,1.3189999,0.3422,0.65919673,0.0,0.0,0.0,0.0,0.0,0.0,
South Africa,ZAF,1997,0.5707284,146,0.0,0.0,2092,0.0,2092,0.0,146,1.0638803,2092,0.53074175,0.9944762,0.0,0.0,0.0,0.0,0.0,0.0,
South Africa,ZAF,1998,0.4763036,231,0.0,0.0,1595,0.0,1595,0.0,231,0.8891096,1595,0.41190338,0.77663195,0.0,0.0,0.0,0.0,0.0,0.0,
South Africa,ZAF,1999,0.23447949,197,0.0,0.0,0.7259999,0.0,0.7259999,0.0,197,0.45465288,0.7259999,0.18135448,0.3576143,0.0,0.0,0.0,0.0,0.0,0.0,
South Africa,ZAF,2000,0.40555847,0.4775,0.0093,0.0,1.1009998,0.0,1.34,0.0,0.45,0.91108054,1.34,0.27464914,0.68203795,0.0,0.0,0.0,0.0,0.002319925,0.0,
South Africa,ZAF,2001,0.5403345,0.4231,0.0108,0.0,1721,0.0,2.06,0.0,0.4,1.2516537,2.06,0.4243205,1.0481328,0.0,0.0,0.0,0.0,0.0026627856,0.0,
South Africa,ZAF,2002,0.65354025,0.4603,0.0124,0.0,2084,0.0,2.36,0.02,0.43,1.380225,2.36,0.52387583,1.1591924,0.0,0.0,0.0,0.02,0.0031171166,0.009823665,
South Africa,ZAF,2003,0.2989763,0.4084,0.0139,6,0.82741207,0.01,0.78,0.02,0.38,0.5452713,0.78,0.19075352,0.35740468,0.01,0.0013823115,0.0045821113,0.02,0.0032045336,0.0091642225,
South Africa,ZAF,2004,0.29398483,0.3819,0.0155,12,0.949939,0.01,0.94,0.02,0.36,0.5827199,0.94,0.19940627,0.41184717,0.01,0.0025189705,0.004381353,0.02,0.0032536762,0.008762706,
South Africa,ZAF,2005,0.40433392,0.4253,17,12,1.3319402,0.01,1.32,0.02,0.4,0.76345867,1.32,0.29347494,0.575866,0.01,0.0026440274,0.004362621,0.02,0.0037457212,0.008725242,
South Africa,ZAF,2006,0.72594017,0.4055,0.0186,12,2.8976197,0.01,2.87,0.02,0.38,1.3863059,2.87,0.6217589,1.2130177,0.01,0.0025748985,0.0042265425,0.02,0.0039911023,0.008453085,
South Africa,ZAF,2007,0.7023894,0.4305,0.0201,12,2.86562,0.01,0.86,0.02,0.41,0.52672094,0.86,0.5948415,0.3484462,0.01,0.002490939,0.0040517,0.02,0.0041723377,0.0081034,
South Africa,ZAF,2008,0.35045084,0.4561,0.0217,21,1.2596198,0.02,1.19,0.02,0.43,0.68956923,1.19,0.2424872,0.49432978,0.02,0.004042666,0.008308063,0.02,0.004177434,0.008308063,
South Africa,ZAF,2009,0.38785627,0.4491,0.0233,0.03,1.4516199,0.03,1.39,0.02,0.42,0.8031088,1.39,0.27896264,0.6001727,0.03,0.005765202,0.012953367,0.02,0.004477645,0.008635579,
South Africa,ZAF,2010,0.31502998,0.3963,0.0276,34,1.1428998,0.03,2.09,0.02,0.37,1.0330069,2.09,0.21685886,0.8601531,0.03,0.0064513125,0.012346695,0.02,0.0052369544,0.00823113,
South Africa,ZAF,2011,0.6983461,412,0.0803,37,3.0638242,0.04,2.04,0.02,0.39,1.0184466,2.04,0.5849326,0.8343899,0.04,0.0070638903,0.016360587,0.02,0.015330545,0.008180293,
South Africa,ZAF,2012,0.3148212,0.4226,86,37,1.0185099,0.04,1.19,0.03,0.4,0.6890826,1.19,0.19629449,0.49398094,0.04,0.007130908,0.016604401,0.03,0.016574528,0.012453301,
South Africa,ZAF,2013,0.370654,0.4777,243,37,1.1039158,0.01,1.11,0.05,0.45,0.6792168,1.11,0.21054028,0.4653893,0.01,0.007056696,0.0041926964,0.05,0.04634528,0.020963483,
South Africa,ZAF,2014,0.81809825,0.364211,1.074961,1066,1.7950599,1.06,0.9,1.08,0.34,1.428813,0.9,0.33642033,0.38045317,1.06,0.19978388,0.44808924,1.08,0.20146333,0.45654383,
South Africa,ZAF,2015,1.2246652,0.316528,2.399424,3071,0.59061617,2.5,0.8,2.4,0.39,2.625679,0.8,0.11238025,0.3449168,2.5,0.5843385,1.077865,2.4,0.45655346,1.0347505,
South Africa,ZAF,2016,1.6210166,0.331492,3.340541,4209,1.0265151,3.7,0.67,3.01,0.31,3.2586126,0.67,0.18547933,0.28391033,3.7,0.7605173,1.567863,3.01,0.60359687,1.2754778,
South Africa,ZAF,2017,2.406186,0.386364,5.057583,5.86696,1.9617273,4.92,0.81,3.94,0.37,4.2202606,0.81,0.35358673,0.3404792,4.92,1.0574758,2.068096,3.94,0.9115916,1.6561581,
South Africa,ZAF,2018,2.6591578,0.431334,6.203429,6.416343,1.1697576,6.47,1.1,4.24,0.41,5.1554656,1.1,0.21737102,0.46407628,6.47,1.1923215,2.7296124,4.24,1.1527566,1.788803,
South Africa,ZAF,2019,2.6449363,0.431334,6.771429,6.680313,0.97396034,6.62,0.73,4.81,0.41,5.35897,0.73,0.17233434,0.311221,6.62,1.182027,2.8223057,4.81,1.1981493,2.050648,
South Africa,ZAF,2020,3.150246,0.43251574,8.291375,6.9903393,0.6949495,5.94,1.44,5.03,0.42,5.7805815,1.44,0.13266341,0.6487948,5.94,1.3344312,2.6762786,5.03,1.5827943,2.2662764,
South Africa,ZAF,2021,3.408608,0.431334,7.8980756,8.188991,1.4010102,8.36,1.47,6.65,0.4,7.5627236,1.47,0.2650949,0.6586022,8.36,1.5494962,3.7455194,6.65,1.4944501,2.9793906,
South Korea,KOR,1965,2.807815,0.0,0.0,0.0,0.710427,0.0,0.710427,0.0,0.0,,0.710427,2.807815,,0.0,0.0,,0.0,0.0,,
South Korea,KOR,1966,3.2099154,0.0,0.0,0.0,0.985322,0.0,0.985322,0.0,0.0,,0.985322,3.2099154,,0.0,0.0,,0.0,0.0,,
South Korea,KOR,1967,2.7027178,0.0,0.0,0.0,0.953171,0.0,0.953171,0.0,0.0,,0.953171,2.7027178,,0.0,0.0,,0.0,0.0,,
South Korea,KOR,1968,2.2995977,0.0,0.0,0.0,0.929483,0.0,0.929483,0.0,0.0,,0.929483,2.2995977,,0.0,0.0,,0.0,0.0,,
South Korea,KOR,1969,2.9266608,0.0,0.0,0.0,1.428512,0.0,1.428512,0.0,0.0,,1.428512,2.9266608,,0.0,0.0,,0.0,0.0,,
South Korea,KOR,1970,2.155395,0.0,0.0,0.0,1.220684,0.0,1.220684,0.0,0.0,,1.220684,2.155395,,0.0,0.0,,0.0,0.0,,
South Korea,KOR,1971,2.1541755,0.0,0.0,0.0,1.319976,0.0,1.319976,0.0,0.0,,1.319976,2.1541755,,0.0,0.0,,0.0,0.0,,
South Korea,KOR,1972,2.1534865,0.0,0.0,0.0,1.368076,0.0,1.368076,0.0,0.0,,1.368076,2.1534865,,0.0,0.0,,0.0,0.0,,
South Korea,KOR,1973,1.6347564,0.0,0.0,0.0,1.284465,0.0,1.284465,0.0,0.0,,1.284465,1.6347564,,0.0,0.0,,0.0,0.0,,
South Korea,KOR,1974,2.332909,0.0,0.0,0.0,1.905858,0.0,1.905858,0.0,0.0,,1.905858,2.332909,,0.0,0.0,,0.0,0.0,,
South Korea,KOR,1975,1.8735325,0.0,0.0,0.0,1.682809,0.0,1.682809,0.0,0.0,,1.682809,1.8735325,,0.0,0.0,,0.0,0.0,,
South Korea,KOR,1976,1.7800428,0.0,0.0,0.0,1.788661,0.0,1.788661,0.0,0.0,,1.788661,1.7800428,,0.0,0.0,,0.0,0.0,,
South Korea,KOR,1977,1.2054132,0.0,0.0,0.0,1.392729,0.0,1.392729,0.0,0.0,,1.392729,1.2054132,,0.0,0.0,,0.0,0.0,,
South Korea,KOR,1978,1.3965911,0.0,0.0,0.0,1.807524,0.0,1.807524,0.0,0.0,,1.807524,1.3965911,,0.0,0.0,,0.0,0.0,,
South Korea,KOR,1979,1.5390952,0.0,0.0,0.0,2.296168,0.0,2.296168,0.0,0.0,,2.296168,1.5390952,,0.0,0.0,,0.0,0.0,,
South Korea,KOR,1980,1.2506891,0.0,0.0,0.0,1.920375,0.0,1.920375,0.0,0.0,,1.920375,1.2506891,,0.0,0.0,,0.0,0.0,,
South Korea,KOR,1981,1.6159816,0.0,0.0,0.0,2.597707,0.0,2.597707,0.0,0.0,,2.597707,1.6159816,,0.0,0.0,,0.0,0.0,,
South Korea,KOR,1982,1.0666206,0.0,0.0,0.0,1.715362,0.0,1.715362,0.0,0.0,,1.715362,1.0666206,,0.0,0.0,,0.0,0.0,,
South Korea,KOR,1983,1.3120518,0.0,0.0,0.0,2.294191,0.0,2.294191,0.0,0.0,,2.294191,1.3120518,,0.0,0.0,,0.0,0.0,,
South Korea,KOR,1984,1.046283,0.0,0.0,0.0,1.998143,0.0,1.998143,0.0,0.0,,1.998143,1.046283,,0.0,0.0,,0.0,0.0,,
South Korea,KOR,1985,1.5088706,0.0,0.0,0.0,3.184966,0.0,3.184966,0.0,0.0,5.0823493,3.184966,1.5088706,5.0823493,0.0,0.0,0.0,0.0,0.0,0.0,
South Korea,KOR,1986,1.3128159,0.0,0.0,0.0,3.10988,0.0,3.10988,0.0,0.0,4.4630504,3.10988,1.3128159,4.4630504,0.0,0.0,0.0,0.0,0.0,0.0,
South Korea,KOR,1987,1.5100772,0.0,0.0,0.0,3.965371,0.0,3.965371,0.0,0.0,4.941189,3.965371,1.5100772,4.941189,0.0,0.0,0.0,0.0,0.0,0.0,
South Korea,KOR,1988,0.67799705,0.0,0.0,0.0,1.987232,0.0,1.987232,0.0,0.0,2.1343105,1.987232,0.67799705,2.1343105,0.0,0.0,0.0,0.0,0.0,0.0,
South Korea,KOR,1989,0.930187,0.0,0.0,0.0,2.963969,0.0,2.963969,0.0,0.0,2.8603222,2.963969,0.930187,2.8603222,0.0,0.0,0.0,0.0,0.0,0.0,
South Korea,KOR,1990,1.2995164,0.0,1,0.0,4.683946,0.0,4.683946,1,0.0,3.9548495,4.683946,1.2992404,3.9540055,0.0,0.0,0.0,1,0.0002762048,0.0008441612,0.0
South Korea,KOR,1991,0.85526013,0.0,1,0.0,3.486046,0.0,3.486046,1,0.0,2.6494057,3.486046,0.855016,2.648646,0.0,0.0,0.0,1,0.0002442276,0.0007597852,0.0
South Korea,KOR,1992,0.6740405,0.0,2,0.0,3.097448,0.0,3.097448,2,0.0,2.1165414,3.097448,0.6736053,2.1151757,0.0,0.0,0.0,2,0.00043513984,0.0013657537,0.0
South Korea,KOR,1993,0.83896744,0.0,2,1,4.227549,1,4.227549,2,0.0,2.6130474,4.227549,0.8383731,2.6111946,1,0.00019747055,0.0006176616,2,0.00039680404,0.0012353231,0.0
South Korea,KOR,1994,0.4319862,0.0,2,1,2.346092,1,2.346092,2,0.0,1.2810979,2.346092,0.43143514,1.2794617,1,0.00018311506,0.00054535875,2,0.00036795763,0.0010907175,0.0
South Korea,KOR,1995,0.51026404,0.25,2,0.0,2.759923,0.0,2.759923,2,0.25,1.4797227,2.759923,0.46450448,1.3559179,0.0,0.0,0.0,2,0.00033675987,0.0009825766,0.0
South Korea,KOR,1996,0.43619704,403,3,0.0,2.424357,0.0,2.424357,3,403,1.2532259,2.424357,0.36944294,1.0734571,0.0,0.0,0.0,3,0.00045665607,0.0013283405,0.0
South Korea,KOR,1997,0.40268636,78,3,1,2.813992,1,2.813992,3,78,1.174428,2.813992,0.3904488,1.141174,1,0.00013816399,0.00040553563,3,0.00041579542,0.0012166069,0.0
South Korea,KOR,1998,0.65976983,58,4,2,4.279418,2,4.279418,4,58,1.8311406,4.279418,0.649358,1.8041589,2,0.00030361753,0.0008431796,4,0.00060723507,0.0016863592,0.0
South Korea,KOR,1999,0.5936903,87,0.004572,0.005839,4.15926,0.005839,4.15926,0.004572,87,1.6237404,4.15926,0.5791616,1.5865823,0.005839,0.00081362034,0.0022273322,0.004572,0.0006370307,0.0017440253,0.0
South Korea,KOR,2000,0.5420218,79,0.005284,0.016685,4.009553,0.02,3.97,0.0,0.08,1.4934685,3.97,0.5279014,1.4567739,0.02,0.0021967683,0.0073389113,0.0,0.0006950898,0.0,0.0
South Korea,KOR,2001,0.31219828,88,0.006184,0.01259,2.329939,0.01,4.11,0.01,0.08,1.4421759,4.11,0.29758742,1.4079199,0.01,0.0016080325,0.0034255958,0.01,0.0007898141,0.0034255958,0.0
South Korea,KOR,2002,0.41857693,179,0.007044,0.014881,3.2327778,0.01,3.2,0.01,0.17,1.0887018,3.2,0.39216912,1.0276833,0.01,0.0018052222,0.00321151,0.01,0.00085431355,0.00321151,0.010612133
South Korea,KOR,2003,0.5985387,188,0.007752,0.024865,4.8855767,0.03,4.85,0.01,0.18,1.5639943,4.85,0.5705631,1.4961286,0.03,0.0029038675,0.009254403,0.01,0.0009049348,0.0030848011,0.01686995
South Korea,KOR,2004,0.53463805,0.2928692,0.009872,0.047442,4.311079,0.05,4.29,0.01,0.28,1.3374931,4.29,0.48883483,1.2392755,0.05,0.005379468,0.01444377,0.01,0.001119394,0.002888754,0.053947262
South Korea,KOR,2005,0.45353886,0.25981373,0.014399,0.129888,3.6732996,0.13,3.64,0.01,0.24,1.1032438,3.64,0.4003173,0.9989571,0.13,0.014155234,0.035677038,0.01,0.0015692068,0.0027443876,0.13318573
South Korea,KOR,2006,0.4502669,0.24129018,0.031022,0.238911,3.4675376,0.24,3.43,0.03,0.24000001,1.0378252,3.43,0.3694532,0.9034875,0.24,0.02545508,0.06321778,0.03,0.0033052831,0.007902223,0.53019184
South Korea,KOR,2007,0.5043082,0.38390425,0.071279,0.375641,3.6316493,0.38,3.6,0.07,0.37,1.0973732,3.6,0.37334386,0.89378816,0.38,0.03861696,0.09434431,0.07,0.0073276833,0.017379215,0.9665246
South Korea,KOR,2008,0.5293463,0.6530758,0.284315,0.436034,3.0701118,0.44,3.04,0.28,0.63,1.0458606,3.04,0.3085312,0.7242406,0.44,0.04381928,0.1048243,0.28,0.028572267,0.066706374,2.0659764
South Korea,KOR,2009,0.57009465,0.5390645,0.566191,0.685353,2.8131711,0.69,2.79,0.57,0.6,1.0892226,2.79,0.27942818,0.6535335,0.69,0.06807511,0.16162658,0.57,0.05623892,0.13351761,2.956218
South Korea,KOR,2010,0.91955906,2.8877256,0.773382,0.81695,3.6819692,0.82,3.63,0.77,3.02,1.7249681,3.63,0.33560804,0.75990707,0.82,0.074464224,0.17165944,0.77,0.07049304,0.1611924,4.14984
South Korea,KOR,2011,1.2539451,5.806806,0.922697,0.862884,4.597667,0.86,4.54,0.92,5.97,2.4562805,4.54,0.39706513,0.90736485,0.86,0.07452064,0.17187968,0.92,0.079686224,0.18387128,3.908308
South Korea,KOR,2012,1.2884827,6.5782027,1.126906,0.91276,3.9690382,0.91,3.87,1.1,6.8799996,2.495697,3.87,0.3365898,0.7569238,0.91,0.07740559,0.17798467,1.1,0.09556599,0.2151463,4.185823
South Korea,KOR,2013,1.5155629,7.344154,1.667325,1.148179,4.2892675,1.15,4.23,1.59,7.65,2.8267047,4.23,0.36021703,0.8178496,1.15,0.096425235,0.22234681,1.59,0.14002365,0.30741864,4.292412
South Korea,KOR,2014,1.764075,10.856149,2.693985,1.145557,2.7514188,1.15,2.72,2.55,11.25,3.3683445,2.72,0.22754504,0.51850015,1.15,0.094738685,0.2192188,2.55,0.2227952,0.48609388,4.5089393
South Korea,KOR,2015,1.904119,11.745787,4.229723,1.342439,2.1457193,1.34,2.12,3.88,11.9,3.6668572,2.12,0.17338268,0.40404037,1.34,0.108474426,0.25538403,3.88,0.3417785,0.7394702,5.1328425
South Korea,KOR,2016,2.026812,11.736701,5.515817,1.6831422,2.8462753,1.68,2.76,5.07,11.86,3.986717,2.76,0.22218148,0.5148965,1.68,0.13138682,0.3134153,5.07,0.43056706,0.94584256,5.15045
South Korea,KOR,2017,2.4301844,14.238496,7.737852,2.1690142,2.8088205,2.17,2.83,7.05,13.929999,4.801686,2.83,0.21556422,0.5230473,2.17,0.16646202,0.40106457,7.05,0.593845,1.3029978,4.978256
South Korea,KOR,2018,2.7460184,14.556831,10.154964,2.464879,3.359418,2.46,3.32,9.21,14.42,5.2304897,3.32,0.2524222,0.59045315,2.46,0.18520775,0.4375044,9.21,0.7630306,1.6379739,7.9460115
South Korea,KOR,2019,2.9800334,13.684058,14.16304,2.679158,2.788679,2.68,2.75,13.0,13.490001,5.7575755,2.75,0.21151549,0.49603173,2.68,0.20320854,0.48340547,13.0,1.0742371,2.3448772,8.137662
South Korea,KOR,2020,3.1428554,8.608856,19.297853,3.149798,3.8772297,3.15,3.88,17.97,8.81,6.1312203,3.88,0.30582967,0.7036123,3.15,0.24845104,0.57123166,17.97,1.5221839,3.2587404,8.0241995
South Korea,KOR,2021,3.7249858,15.214928,21.81574,3.166891,3.055118,3.18,3.05,23.95,15.57,7.7737374,3.05,0.2288519,0.51824915,3.18,0.23722455,0.54033846,23.95,1.6341672,4.06953,9.013269
Spain,ESP,1965,17.253439,0.0,0.0,0.0,19687,0.0,19687,0.0,0.0,,19687,17.253439,,0.0,0.0,,0.0,0.0,,
Spain,ESP,1966,21.110806,0.0,0.0,0.0,27258,0.0,27258,0.0,0.0,,27258,21.110806,,0.0,0.0,,0.0,0.0,,
Spain,ESP,1967,16.279375,0.0,0.0,0.0,22657,0.0,22657,0.0,0.0,,22657,16.279375,,0.0,0.0,,0.0,0.0,,
Spain,ESP,1968,16.654005,0.0,0.0,0.0,24388,0.0,24388,0.0,0.0,,24388,16.654005,,0.0,0.0,,0.0,0.0,,
Spain,ESP,1969,18.46006,0.0,0.0,0.0,30603,0.0,30603,0.0,0.0,,30603,18.46006,,0.0,0.0,,0.0,0.0,,
Spain,ESP,1970,15.559319,47,0.0,0.0,27772,0.0,27772,0.0,47,,27772,15.530946,,0.0,0.0,,0.0,0.0,,
Spain,ESP,1971,16.187815,52,0.0,0.0,31816,0.0,31816,0.0,52,,31816,16.159304,,0.0,0.0,,0.0,0.0,,
Spain,ESP,1972,16.69035,61,0.0,0.0,35469,0.0,35469,0.0,61,,35469,16.65942,,0.0,0.0,,0.0,0.0,,
Spain,ESP,1973,12.4298525,56,0.0,0.0,28912,0.0,28912,0.0,56,,28912,12.403915,,0.0,0.0,,0.0,0.0,,
Spain,ESP,1974,12.622826,51,0.0,0.0,30568,0.0,30568,0.0,51,,30568,12.600131,,0.0,0.0,,0.0,0.0,,
Spain,ESP,1975,10.509173,113,0.0,0.0,26065,0.0,26065,0.0,113,,26065,10.460218,,0.0,0.0,,0.0,0.0,,
Spain,ESP,1976,7.937401,187,0.0,0.0,20932,0.0,20932,0.0,187,,20932,7.8615813,,0.0,0.0,,0.0,0.0,,
Spain,ESP,1977,14.476511,309,0.0,0.0,39628,0.0,39628,0.0,309,,39628,14.355668,,0.0,0.0,,0.0,0.0,,
Spain,ESP,1978,14.644488,316,0.0,0.0,40251,0.0,40251,0.0,316,,40251,14.521417,,0.0,0.0,,0.0,0.0,,
Spain,ESP,1979,15.632556,251,0.0,0.0,46397,0.0,46397,0.0,251,,46397,15.54179,,0.0,0.0,,0.0,0.0,,
Spain,ESP,1980,9.981172,362,0.0,0.0,29.55,0.0,29.55,0.0,362,,29.55,9.850895,,0.0,0.0,,0.0,0.0,,
Spain,ESP,1981,7.4071198,424,0.0,0.0,21942,0.0,21942,0.0,424,,21942,7.2557592,,0.0,0.0,,0.0,0.0,,
Spain,ESP,1982,8.885109,487,0.0,0.0,26331,0.0,26331,0.0,487,,26331,8.711176,,0.0,0.0,,0.0,0.0,,
Spain,ESP,1983,8.936359,0.56,0.0,0.0,27047,0.0,27047,0.0,0.56,,27047,8.740983,,0.0,0.0,,0.0,0.0,,
Spain,ESP,1984,10.203864,0.55,0.0,0.0,31484,0.0,31484,0.0,0.55,,31484,10.014994,,0.0,0.0,,0.0,0.0,,
Spain,ESP,1985,10.242602,611,0.0,0.0,31287,0.0,31287,0.0,611,25.20347,31287,10.031123,24.720701,0.0,0.0,0.0,0.0,0.0,0.0,
Spain,ESP,1986,8.501705,538,0.0,0.0,26494,0.0,26494,0.0,538,21.030579,26494,8.31933,20.61202,0.0,0.0,0.0,0.0,0.0,0.0,
Spain,ESP,1987,8.477233,563,0.0,0.0,27383,0.0,27383,0.0,563,21.065016,27383,8.29316,20.640642,0.0,0.0,0.0,0.0,0.0,0.0,
Spain,ESP,1988,10.430665,673,0.0,0.0,35246,0.0,35246,0.0,673,25.88588,35246,10.219998,25.400866,0.0,0.0,0.0,0.0,0.0,0.0,
Spain,ESP,1989,5.5330205,578,0.006060606,13,19349,13,19349,0.006060606,578,13.563719,19349,5.3552456,13.157706,13,0.003598023,0.008840259,0.006060606,0.0016769816,0.0041213324,
Spain,ESP,1990,7.19887,542,6,14,25414,0.01,25.47,0.01,0.54,17.21447,25.47,7.031449,16.844124,0.01,0.00387346,0.006613319,0.01,0.0016608117,0.006613319,0.0
Spain,ESP,1991,7.4529076,542,7,15,27282,0.01,27.25,0.01,0.54,17.970922,27.25,7.2906666,17.609047,0.01,0.0040084934,0.0064620357,0.01,0.0018702303,0.0064620357,0.0
Spain,ESP,1992,5.0132504,575,8,103,18.92,0.1,18.92,0.01,0.57,12.508775,18.92,4.826579,12.074798,0.1,0.026275786,0.06382028,0.01,0.0020417646,0.006382028,0.0
Spain,ESP,1993,6.6250877,579,9,116,24377,0.12,24.42,0.01,0.58,16.164928,24.42,6.427325,15.7082205,0.12,0.03058497,0.07719027,0.01,0.0023728115,0.0064325226,0.0
Spain,ESP,1994,7.3138194,639,0.01,175,28.18,0.17,28.24,0.01,0.64,18.060907,28.24,7.093602,17.551275,0.17,0.04405182,0.10565569,0.01,0.0025172564,0.0062150406,0.0
Spain,ESP,1995,5.9382825,1011,15,0.27,23112,0.27,23.08,0.02,1.01,14.722221,23.08,5.6045094,13.937198,0.27,0.06547324,0.16304348,0.02,0.0036373928,0.012077294,0.0
Spain,ESP,1996,9.653098,1083,12,364,39802,0.36,39.79,0.02,1.08,23.793047,39.79,9.29236,22.950914,0.36,0.08498114,0.20764838,0.02,0.0028015773,0.011536022,0.0
Spain,ESP,1997,8.211403,1463,13,742,34778,0.74,34.75,0.02,1.46,19.546366,34.75,7.6949043,18.372635,0.74,0.1641733,0.3912446,0.02,0.0028763497,0.010574178,0.0
Spain,ESP,1998,7.8152103,1531,15,1352,34005,1.35,33.99,0.02,1.53,19.075443,33.99,7.1777925,17.575884,1.35,0.2853808,0.69807124,0.02,0.0031661992,0.010341796,0.0
Spain,ESP,1999,5.6294966,1724,17,2744,22863,2.74,22.82,0.03,1.62,13.232505,22.82,4.682792,11.097602,2.74,0.5620251,1.3324903,0.03,0.003481939,0.014589311,0.0
Spain,ESP,2000,7.0082307,1493,18,4727,29.57,4.73,28.26,0.01,1.49,15.611987,28.26,5.7237535,12.791961,4.73,0.91498756,2.1410465,0.01,0.0034841937,0.0045265253,0.85129654
Spain,ESP,2001,9.167547,1631,24,6759,41027,6.76,40.89,0.02,1.63,21.152443,40.89,7.543161,17.544085,6.76,1.2426993,2.9004161,0.02,0.0044126054,0.008581113,0.8489706
Spain,ESP,2002,6.4462705,2586,0.03,9342,22.92,9.34,21.22,0.02,2.59,13.826016,21.22,4.1422033,8.844983,9.34,1.6883273,3.8931265,0.02,0.0054217298,0.008336459,1.4820771
Spain,ESP,2003,9.7589035,3184,41,12075,41054,12.07,40.48,0.02,3.18,21.667315,40.48,6.9754415,15.732609,12.07,2.0516505,4.6910224,0.02,0.0069662617,0.0077730278,2.090464
Spain,ESP,2004,8.440905,3.33,56,15.7,31676,15.7,31.08,0.02,3.33,18.319021,31.08,5.1589704,11.3575735,15.7,2.55701,5.7372556,0.02,0.0091205435,0.007308606,2.546627
Spain,ESP,2005,6.9234943,2653,41,21176,17872,21.18,18.39,0.05,2.65,14.859735,18.39,2.8726604,6.464881,21.18,3.4037297,7.445687,0.05,0.0065901475,0.017577164,3.4133594
Spain,ESP,2006,8.360923,2774,119,23297,25.89,23.3,25.96,0.12,2.77,17.6624,25.96,4.0763354,8.792251,23.3,3.6680717,7.89135,0.12,0.018736336,0.040642146,3.0383132
Spain,ESP,2007,9.064817,2898,508,27568,27233,27.57,27.31,0.52,2.9,19.334726,27.31,4.1695633,9.057142,27.57,4.2208543,9.143369,0.52,0.07777837,0.17245382,4.2587085
Spain,ESP,2008,9.948371,3255,2578,32946,23532,32.95,23.36,2.58,3.26,20.00515,23.36,3.6822438,7.5192323,32.95,5.155329,10.606109,2.58,0.4034007,0.8304632,4.3520007
Spain,ESP,2009,12.662101,3.4088092,6.0669346,37.8869,26.352478,38.12,26.41,6.06,3.49,25.410765,26.41,4.4206285,9.059102,38.12,6.355528,13.075841,6.06,1.0177283,2.0786884,10.473661
Spain,ESP,2010,16.742804,3.817644,7.064429,43.68136,42.035698,44.27,42.3,7.19,4.01,32.79222,42.3,6.823475,14.1874895,44.27,7.090608,14.848231,7.19,1.1467385,2.411538,11.731279
Spain,ESP,2011,15.473434,4515,8.679536,42433,30596,42.92,30.6,9.4,4.61,30.040842,30.6,5.0311346,10.5021105,42.92,6.9775834,14.730412,9.4,1.4272426,3.2261384,9.744389
Spain,ESP,2012,15.889772,4.9770093,11.965909,49472,20545,49.47,20.55,11.97,4.98,29.604794,20.55,3.3766222,6.995269,49.47,8.130846,16.839705,11.97,1.9666269,4.0746164,7.081611
Spain,ESP,2013,19.901302,5.290421,13.110889,55.767128,36.7799,55.65,36.87,13.1,5.8,39.585037,36.87,6.324763,13.099087,55.65,9.589854,19.7712,13.1,2.254581,4.654137,8.566667
Spain,ESP,2014,20.088554,5.414057,13.673027,52013,39169,52.01,39.17,13.67,5.41,40.103294,39.17,6.8215475,14.246744,52.01,9.058417,18.916855,13.67,2.3812504,4.971994,11.827222
Spain,ESP,2015,17.507902,5.7641673,13.85843,49325,28.14,49.33,28.14,13.86,5.76,34.989906,28.14,4.811559,10.141271,49.33,8.4339075,17.777857,13.86,2.3696039,4.9949546,12.883056
Spain,ESP,2016,18.609848,5.6646805,13.641701,48914,36.38557,48.9,36.4,13.64,5.69,38.581806,36.4,6.1262336,13.422324,48.9,8.235643,18.03164,13.64,2.2968512,5.029684,13.852011
Spain,ESP,2017,15.68235,6078,14.320671,49127,18322,49.13,18.32,14.4,6.08,32.220592,18.32,3.0321388,6.713082,49.13,8.130111,18.002932,14.4,2.3699522,5.276658,21.54365
Spain,ESP,2018,18.230534,6.175547,12744,50896,34334,50.9,34.33,12.74,5.91,38.20803,34.33,5.548805,12.626895,50.9,8.225432,18.721495,12.74,2.0595903,4.6858907,25.122383
Spain,ESP,2019,17.37585,5.637065,15.108287,53.08907,22.486076,55.65,24.65,15.1,5.59,37.28081,24.65,3.7245984,9.099634,55.65,8.793685,20.543392,15.1,2.5025396,5.574218,24.21578
Spain,ESP,2020,22.102654,6.137239,20.667141,56.443676,30.506727,56.44,30.51,20.67,6.17,43.81088,30.51,5.56599,11.746814,56.44,10.298219,21.730257,20.67,3.7707455,7.958264,20.759722
Spain,ESP,2021,22.341663,6.615242,26.806072,62.353806,29.566423,62.06,29.63,27.1,6.96,46.43477,29.63,4.980959,10.941251,62.06,10.504543,22.916435,27.1,4.5159316,10.007016,19.984388
Spain,ESP,2022,,,,,,61.85,18.8,32.77,6.82,42.21762,18.8,,6.6008916,61.85,,21.716232,32.77,,11.505917,
Sri Lanka,LKA,1965,10.32447,0.0,0.0,0.0,365,0.0,365,0.0,0.0,,365,10.32447,,0.0,0.0,,0.0,0.0,,
Sri Lanka,LKA,1966,10.94352,0.0,0.0,0.0,399,0.0,399,0.0,0.0,,399,10.94352,,0.0,0.0,,0.0,0.0,,
Sri Lanka,LKA,1967,10.974932,0.0,0.0,0.0,0.41,0.0,0.41,0.0,0.0,,0.41,10.974932,,0.0,0.0,,0.0,0.0,,
Sri Lanka,LKA,1968,12.205965,0.0,0.0,0.0,474,0.0,474,0.0,0.0,,474,12.205965,,0.0,0.0,,0.0,0.0,,
Sri Lanka,LKA,1969,13.611147,0.0,0.0,0.0,549,0.0,549,0.0,0.0,,549,13.611147,,0.0,0.0,,0.0,0.0,,
Sri Lanka,LKA,1970,11.076228,0.0,0.0,0.0,0.7403,0.0,0.7403,0.0,0.0,,0.7403,11.076228,,0.0,0.0,,0.0,0.0,,
Sri Lanka,LKA,1971,12.125497,0.0,0.0,0.0,0.8255,0.0,0.8255,0.0,0.0,,0.8255,12.125497,,0.0,0.0,,0.0,0.0,,
Sri Lanka,LKA,1972,11.86213,0.0,0.0,0.0,0.8471,0.0,0.8471,0.0,0.0,,0.8471,11.86213,,0.0,0.0,,0.0,0.0,,
Sri Lanka,LKA,1973,9.413183,0.0,0.0,0.0,0.6957,0.0,0.6957,0.0,0.0,,0.6957,9.413183,,0.0,0.0,,0.0,0.0,,
Sri Lanka,LKA,1974,15.722433,0.0,0.0,0.0,0.9976,0.0,0.9976,0.0,0.0,,0.9976,15.722433,,0.0,0.0,,0.0,0.0,,
Sri Lanka,LKA,1975,16.26267,0.0,0.0,0.0,1.0766,0.0,1.0766,0.0,0.0,,1.0766,16.26267,,0.0,0.0,,0.0,0.0,,
Sri Lanka,LKA,1976,17.044489,0.0,0.0,0.0,1.1095,0.0,1.1095,0.0,0.0,,1.1095,17.044489,,0.0,0.0,,0.0,0.0,,
Sri Lanka,LKA,1977,17.357145,0.0,0.0,0.0,1.2139,0.0,1.2139,0.0,0.0,,1.2139,17.357145,,0.0,0.0,,0.0,0.0,,
Sri Lanka,LKA,1978,18.628532,0.0,0.0,0.0,1.3663,0.0,1.3663,0.0,0.0,,1.3663,18.628532,,0.0,0.0,,0.0,0.0,,
Sri Lanka,LKA,1979,18.950075,0.0,0.0,0.0,1.4618,0.0,1.4618,0.0,0.0,,1.4618,18.950075,,0.0,0.0,,0.0,0.0,,
Sri Lanka,LKA,1980,19.017767,0.0,0.0,0.0,1.4801,0.0,1.4801,0.0,0.0,,1.4801,19.017767,,0.0,0.0,,0.0,0.0,,
Sri Lanka,LKA,1981,19.232897,0.0,0.0,0.0,1.5716,0.0,1.5716,0.0,0.0,,1.5716,19.232897,,0.0,0.0,,0.0,0.0,,
Sri Lanka,LKA,1982,18.261444,0.0,0.0,0.0,1.6076,0.0,1.6076,0.0,0.0,,1.6076,18.261444,,0.0,0.0,,0.0,0.0,,
Sri Lanka,LKA,1983,14.019515,0.0,0.0,0.0,1.2172,0.0,1.2172,0.0,0.0,,1.2172,14.019515,,0.0,0.0,,0.0,0.0,,
Sri Lanka,LKA,1984,22.732344,0.0,0.0,0.0,2.0922,0.0,2.0922,0.0,0.0,,2.0922,22.732344,,0.0,0.0,,0.0,0.0,,
Sri Lanka,LKA,1985,27.567667,0.0,0.0,0.0,2.3956,0.0,2.3956,0.0,0.0,97.18459,2.3956,27.567667,97.18459,0.0,0.0,0.0,0.0,0.0,0.0,
Sri Lanka,LKA,1986,28.917849,0.0,0.0,0.0,2.6451,0.0,2.6451,0.0,0.0,99.75111,2.6451,28.917849,99.75111,0.0,0.0,0.0,0.0,0.0,0.0,
Sri Lanka,LKA,1987,23.145031,0.0,0.0,0.0,2177,0.0,2177,0.0,0.0,80.41519,2177,23.145031,80.41519,0.0,0.0,0.0,0.0,0.0,0.0,
Sri Lanka,LKA,1988,27.9051,0.0,0.0,0.0,2.5967,0.0,2.5967,0.0,0.0,92.792305,2.5967,27.9051,92.792305,0.0,0.0,0.0,0.0,0.0,0.0,
Sri Lanka,LKA,1989,30.912357,0.0,0.0,0.0,2.8012,0.0,2.8012,0.0,0.0,98.01603,2.8012,30.912357,98.01603,0.0,0.0,0.0,0.0,0.0,0.0,
Sri Lanka,LKA,1990,31.11434,0.0,0.0,0.0,3.1448,0.0,3.1448,0.0,0.0,99.841255,3.1448,31.11434,99.841255,0.0,0.0,0.0,0.0,0.0,0.0,
Sri Lanka,LKA,1991,30.897804,0.0,0.0,0.0,3.1166,0.0,3.1166,0.0,0.0,92.286285,3.1166,30.897804,92.286285,0.0,0.0,0.0,0.0,0.0,0.0,
Sri Lanka,LKA,1992,26.798069,0.0,0.0,0.0,2.8999,0.0,2.8999,0.0,0.0,81.92502,2.8999,26.798069,81.92502,0.0,0.0,0.0,0.0,0.0,0.0,
Sri Lanka,LKA,1993,32.161766,0.0,0.0,0.0,3796,0.0,3796,0.0,0.0,95.40805,3796,32.161766,95.40805,0.0,0.0,0.0,0.0,0.0,0.0,
Sri Lanka,LKA,1994,31.979883,0.0,0.0,0.0,4.0891,0.0,4.0891,0.0,0.0,93.21542,4.0891,31.979883,93.21542,0.0,0.0,0.0,0.0,0.0,0.0,
Sri Lanka,LKA,1995,32.76565,0.0,0.0,0.0,4.5141,0.0,4.5141,0.0,0.0,94.03553,4.5141,32.76565,94.03553,0.0,0.0,0.0,0.0,0.0,0.0,
Sri Lanka,LKA,1996,22.438143,0.0,0.0,0.0,3.2519,0.0,3.2519,0.0,0.0,71.818214,3.2519,22.438143,71.818214,0.0,0.0,0.0,0.0,0.0,0.0,
Sri Lanka,LKA,1997,23.044756,0.0,0.0,0.0,3.44727,0.0,3.44727,0.0,0.0,67.016136,3.44727,23.044756,67.016136,0.0,0.0,0.0,0.0,0.0,0.0,
Sri Lanka,LKA,1998,24.549494,0.0,0.0,0.0,3.91495,0.0,3.91495,0.0,0.0,68.98116,3.91495,24.549494,68.98116,0.0,0.0,0.0,0.0,0.0,0.0,
Sri Lanka,LKA,1999,24.375671,0.0,0.0,0.0035,4.1774936,0.0035,4.1774936,0.0,0.0,66.56838,4.1774936,24.355244,66.51266,0.0035,0.020428348,0.055725835,0.0,0.0,0.0,
Sri Lanka,LKA,2000,17.715664,0.0,0.000432,0.0034,3.2042077,0.0,3.16,0.01,0.0,49.14729,3.16,17.6945,48.99225,0.0,0.018779065,0.0,0.01,0.00238629,0.15503876,
Sri Lanka,LKA,2001,17.628239,0.0,0.000903096,0.0035,3.1178436,0.0,3.08,0.01,0.0,47.32006,3.08,17.603388,47.16692,0.0,0.019752437,0.0,0.01,0.005098264,0.15313935,
Sri Lanka,LKA,2002,14.758176,0.0,0.001501112,0.003605747,2.7004118,0.0,2.67,0.01,0.0,39.411762,2.67,14.730299,39.264706,0.0,0.019674731,0.0,0.01,0.00820213,0.14705881,
Sri Lanka,LKA,2003,17.510588,0.0,0.002403992,0.003405747,3.3187416,0.0,3.26,0.01,0.0,44.129555,3.26,17.479965,43.994602,0.0,0.017959654,0.0,0.01,0.012662567,0.13495277,
Sri Lanka,LKA,2004,16.025322,0.00012,0.003539072,0.002705747,2.9692228,0.0,2.93,0.01,0.0,37.309643,2.93,15.990964,37.18274,0.0,0.014587946,0.0,0.01,0.019052586,0.12690355,
Sri Lanka,LKA,2005,16.077099,0.00228,0.004615336,0.002405747,3.4595318,0.0,3.42,0.01,0.0,38.409855,3.42,16.032768,38.29787,0.0,0.011149523,0.0,0.01,0.021399891,0.11198208,
Sri Lanka,LKA,2006,19.959389,0.00178,0.00538678,0.002305747,4.643377,0.0,3.85,0.01,0.0,45.897743,3.85,19.917805,45.778835,0.0,0.009882641,0.0,0.01,0.02311533,0.118906066,
Sri Lanka,LKA,2007,16.628553,0.0011,0.00597646,0.002305747,3.956473,0.0,3.91,0.02,0.01,41.430073,3.91,16.588642,41.114616,0.0,0.009679363,0.0,0.02,0.025042776,0.21030493,
Sri Lanka,LKA,2008,18.3665,0.00572,0.006375132,0.003241747,4.139193,0.0,4.09,0.02,0.06,43.347195,4.09,18.295282,42.515594,0.0,0.014331099,0.0,0.02,0.028181579,0.20790021,
Sri Lanka,LKA,2009,17.016684,0.02301,0.006787804,0.003501447,3.8911111,0.0,3.87,0.02,0.06,41.10302,3.87,16.858175,40.270554,0.0,0.01516879,0.0,0.02,0.02938953,0.20811655,
Sri Lanka,LKA,2010,22.894518,0.03251,0.007195476,0.053161446,5.6445594,0.05,5.58,0.02,0.04,54.50192,5.58,22.5048,53.448277,0.05,0.21195428,0.47892722,0.02,0.028689168,0.1915709,
Sri Lanka,LKA,2011,17.231127,0.031626,0.008714148,0.091620445,4.583892,0.09,4.57,0.02,0.04,42.180515,4.57,16.731339,40.84004,0.09,0.3344173,0.8042896,0.02,0.031791616,0.17873101,
Sri Lanka,LKA,2012,12.257574,0.022173,0.01000782,0.14680775,3.3021636,0.15,3.26,0.02,0.05,30.606861,3.26,11.61518,28.671944,0.15,0.5163884,1.3192613,0.02,0.035206646,0.1759015,
Sri Lanka,LKA,2013,24.80347,0.026389,0.01438312,0.23458175,6.9292426,0.23,6.85,0.02,0.04,61.234993,6.85,23.840546,58.747856,0.23,0.80709505,1.9725558,0.02,0.049486123,0.1715266,
Sri Lanka,LKA,2014,15.6329,0.041393,0.02808402,0.27245376,4.5626483,0.27,4.51,0.03,0.08,40.85213,4.51,14.521174,37.67753,0.27,0.8671166,2.2556393,0.03,0.089380585,0.25062656,
Sri Lanka,LKA,2015,18.154892,0.05731,0.04872,0.34321,5.97989,0.34,5.91,0.03,0.08,50.0,5.91,16.858448,46.462265,0.34,0.9675743,2.672956,0.03,0.137351,0.23584905,
Sri Lanka,LKA,2016,12.23384,0.07196,0.08297,0.34487,4.23154,0.34,4.18,0.05,0.13,34.331627,4.18,10.9095745,30.533236,0.34,0.8891291,2.4835646,0.05,0.21390976,0.3652301,
Sri Lanka,LKA,2017,12.293098,67,0.22461,0.36681,4.03136,0.37,3.98,0.11,0.19,31.654188,3.98,10.537182,27.093262,0.37,0.9587689,2.5187204,0.11,0.58708644,0.74880874,
Sri Lanka,LKA,2018,18.060566,0.0871,0.32131,0.32631,6.41146,0.33,6.34,0.23,0.2,47.42819,6.34,16.163015,42.351368,0.33,0.8226135,2.204409,0.23,0.81000876,1.5364062,
Sri Lanka,LKA,2019,14.141156,0.1175,0.5004,0.3482,4.8119,0.35,4.81,0.36,0.25,36.33501,4.81,11.72639,30.289673,0.35,0.8485481,2.2040303,0.36,1.2194529,2.2670026,
Sri Lanka,LKA,2020,15.967422,0.11782192,0.65202206,0.48655945,4.9956613,0.34,4.98,0.44,0.24,38.51091,4.98,12.707037,31.964056,0.34,1.2376198,2.182285,0.44,1.6584927,2.8241336,
Sri Lanka,LKA,2021,21.404533,0.12831242,0.7612115,0.68447256,7.085865,0.37,5.0,0.54,0.26,37.713936,5.0,17.457203,30.562346,0.37,1.6863117,2.2616136,0.54,1.8753705,3.3007336,
Sweden,SWE,1965,34.933456,0.0,0.0,0.0,46423,0.0,46423,0.0,0.0,,46423,34.933456,,0.0,0.0,,0.0,0.0,,
Sweden,SWE,1966,32.10004,0.0,0.0,0.0,45489,0.0,45489,0.0,0.0,,45489,32.10004,,0.0,0.0,,0.0,0.0,,
Sweden,SWE,1967,33.95441,0.0,0.0,0.0,49286,0.0,49286,0.0,0.0,,49286,33.95441,,0.0,0.0,,0.0,0.0,,
Sweden,SWE,1968,31.443342,0.0,0.0,0.0,48739,0.0,48739,0.0,0.0,,48739,31.443342,,0.0,0.0,,0.0,0.0,,
Sweden,SWE,1969,26.987406,0.0,0.0,0.0,41.83,0.0,41.83,0.0,0.0,,41.83,26.987406,,0.0,0.0,,0.0,0.0,,
Sweden,SWE,1970,25.301186,0.13,0.0,0.0,41489,0.0,41489,0.0,0.13,,41489,25.21589,,0.0,0.0,,0.0,0.0,,
Sweden,SWE,1971,31.153437,0.16,0.0,0.0,52012,0.0,52012,0.0,0.16,,52012,31.050323,,0.0,0.0,,0.0,0.0,,
Sweden,SWE,1972,31.288212,226,0.0,0.0,53743,0.0,53743,0.0,226,,53743,31.146816,,0.0,0.0,,0.0,0.0,,
Sweden,SWE,1973,33.030903,399,0.0,0.0,59872,0.0,59872,0.0,399,,59872,32.794968,,0.0,0.0,,0.0,0.0,,
Sweden,SWE,1974,34.125145,357,0.0,0.0,57265,0.0,57265,0.0,357,,57265,33.897015,,0.0,0.0,,0.0,0.0,,
Sweden,SWE,1975,32.381832,0.31,0.0,0.0,57648,0.0,57648,0.0,0.31,,57648,32.194935,,0.0,0.0,,0.0,0.0,,
Sweden,SWE,1976,29.012697,354,0.0,0.0,54832,0.0,54832,0.0,354,,54832,28.81189,,0.0,0.0,,0.0,0.0,,
Sweden,SWE,1977,28.689623,0.36,0.0,0.0,53495,0.0,53495,0.0,0.36,,53495,28.482697,,0.0,0.0,,0.0,0.0,,
Sweden,SWE,1978,26.57862,276,0.0,0.0,57753,0.0,57753,0.0,276,,57753,26.442204,,0.0,0.0,,0.0,0.0,,
Sweden,SWE,1979,26.679983,347,0.0,0.0,61.08,0.0,61.08,0.0,347,,61.08,26.517353,,0.0,0.0,,0.0,0.0,,
Sweden,SWE,1980,27.514145,721,0.0,0.0,58868,0.0,58868,0.0,721,,58868,27.155102,,0.0,0.0,,0.0,0.0,,
Sweden,SWE,1981,28.2397,921,0.0,0.0,59753,0.0,59753,0.0,921,,59753,27.777496,,0.0,0.0,,0.0,0.0,,
Sweden,SWE,1982,27.447363,1002,0.0,0.0,55066,0.0,55066,0.0,1002,,55066,26.918581,,0.0,0.0,,0.0,0.0,,
Sweden,SWE,1983,32.015358,1447,0.0,3,63544,3,63544,0.0,1447,,63544,31.245771,,3,0.0014735168,,0.0,0.0,,
Sweden,SWE,1984,32.467693,1848,0.0,5,67906,5,67906,0.0,1848,,67906,31.5388,,5,0.0023211136,,0.0,0.0,,
Sweden,SWE,1985,31.184616,1802,0.0,6,70988,6,70988,0.0,1802,53.08152,70988,30.350336,51.76316,6,0.0025664167,0.0043750913,0.0,0.0,0.0,
Sweden,SWE,1986,26.016823,1.98,0.0,6,60933,6,60933,0.0,1.98,45.379406,60933,25.132704,43.94703,6,0.0024759124,0.004327412,0.0,0.0,0.0,
Sweden,SWE,1987,31.165653,1959,0.0,6,71854,6,71854,0.0,1959,50.363983,71854,30.272146,49.02334,6,0.0025289538,0.0040935795,0.0,0.0,0.0,
Sweden,SWE,1988,31.078043,2041,0.0,5,69883,5,69883,0.0,2041,49.18895,69883,30.126038,47.789787,5,0.0021544176,0.0034192712,0.0,0.0,0.0,
Sweden,SWE,1989,32.67113,2189,0.0,5,71.75,5,71.75,0.0,2189,51.676205,71.75,31.627264,50.142914,5,0.002202922,0.0034942797,0.0,0.0,0.0,
Sweden,SWE,1990,32.335453,1943,0.0,6,72509,0.01,72.5,0.0,1.94,51.00014,72.5,31.423817,49.664337,0.01,0.0026014508,0.006850254,0.0,0.0,0.0,0.0
Sweden,SWE,1991,29.826092,1.86,0.0,13,63249,0.01,63.24,0.0,1.86,44.30156,63.24,28.902588,43.02919,0.01,0.005940542,0.0068041096,0.0,0.0,0.0,0.0
Sweden,SWE,1992,34.725967,2.01,0.0,31,74364,0.03,74.33,0.0,2.01,52.333317,74.33,33.727757,50.935383,0.03,0.014060035,0.020557802,0.0,0.0,0.0,0.0
Sweden,SWE,1993,35.322853,2171,1,52,74647,0.05,74.65,0.0,2.17,52.91891,74.65,34.224022,51.390614,0.05,0.02384085,0.034421038,0.0,0.00045653313,0.0,0.0
Sweden,SWE,1994,28.229177,2229,1,75,59097,0.07,59.1,0.0,2.23,43.027332,59.1,27.09124,41.415558,0.07,0.034381486,0.04905396,0.0,0.00045647507,0.0,0.0
Sweden,SWE,1995,32.06243,2354,1,105,68096,0.1,68.1,0.0,2.35,47.578903,68.1,30.862635,45.926624,0.1,0.047588363,0.06743998,0.0,0.00045129968,0.0,0.0
Sweden,SWE,1996,25.265974,2118,1,144,51.74,0.14,51.74,0.0,2.12,38.404095,51.74,24.131914,36.796814,0.14,0.06716265,0.09956618,0.0,0.0004644286,0.0,0.0
Sweden,SWE,1997,32.551292,2773,1,203,69056,0.2,69.06,0.0,2.77,48.274235,69.06,31.110737,46.28376,0.2,0.091454476,0.13403927,0.0,0.0004486033,0.0,0.0
Sweden,SWE,1998,32.49207,2.78,1,308,74743,0.32,75.0,0.0,2.78,49.18446,75.0,31.114119,47.232197,0.32,0.12821467,0.20152403,0.0,0.00041451535,0.0,0.0
Sweden,SWE,1999,32.139984,2697,1,358,71691,0.36,71.69,0.0,2.7,48.275642,71.69,30.737734,46.299408,0.36,0.1534936,0.23249806,0.0,0.0004269341,0.0,0.0
Sweden,SWE,2000,38.59571,4098,1,457,78584,0.46,78.58,0.0,4.1,57.247128,78.58,36.338226,54.10728,0.46,0.21132255,0.31673896,0.0,0.0004604508,0.0,0.0
Sweden,SWE,2001,35.828453,3777,2,482,79061,0.48,79.06,0.0,3.78,51.559402,79.06,33.863285,48.923267,0.48,0.20644951,0.2970297,0.0,0.00085857784,0.0,0.16962355
Sweden,SWE,2002,32.522167,4175,2,608,66358,0.61,66.36,0.0,4.18,48.500343,66.36,30.168947,45.235176,0.61,0.27642062,0.4158146,0.0,0.000908603,0.0,0.37980092
Sweden,SWE,2003,27.901482,4.51,2,679,53.54,0.68,53.54,0.0,4.51,43.378387,53.54,25.240177,39.545017,0.68,0.3200986,0.50225276,0.0,0.0009437158,0.0,1.0517358
Sweden,SWE,2004,30.187603,7201,2,0.85,60588,0.86,60.12,0.0,7.2,44.94693,60.12,26.348093,39.63346,0.86,0.36964217,0.56694573,0.0,0.0008677385,0.0,1.9810077
Sweden,SWE,2005,34.73209,7491,2,949,72692,0.94,72.8,0.0,7.49,51.291286,72.8,30.572054,45.968307,0.94,0.39912063,0.59354675,0.0,0.00084046304,0.0,0.41834274
Sweden,SWE,2006,32.33128,8359,2,987,61638,0.98,61.72,0.0,8.36,49.5952,61.72,27.412111,43.076492,0.98,0.43894592,0.68397546,0.0,0.00089002296,0.0,0.47564375
Sweden,SWE,2007,34.59903,9836,3,1.43,66163,1.43,66.16,0.0,9.84,52.029293,66.16,28.80632,44.45639,1.43,0.62259936,0.9608923,0.0,0.0013045141,0.0,0.57034683
Sweden,SWE,2008,36.92847,10337,4,1996,68997,2.0,69.07,0.0,10.34,54.309544,69.07,30.321852,46.077385,2.0,0.8771746,1.3342229,0.0,0.0017593924,0.0,1.540661
Sweden,SWE,2009,39.14199,11.46,7,2485,65414,2.49,65.85,0.01,11.46,58.42606,65.85,31.154072,48.20644,2.49,1.183506,1.8228403,0.01,0.0033349402,0.007320644,2.1265106
Sweden,SWE,2010,38.351444,12192,9,3502,66398,3.49,66.4,0.01,12.19,55.29808,66.4,29.646269,44.728867,3.49,1.5636199,2.35096,0.01,0.0040171556,0.006736275,2.411469
Sweden,SWE,2011,39.861126,11536,13,6078,67064,6.11,66.43,0.01,11.54,55.95555,66.43,30.100601,44.20415,6.11,2.728013,4.065744,0.01,0.0058348402,0.0066542453,2.2329483
Sweden,SWE,2012,43.305737,12194,19,7165,78939,7.16,78.93,0.02,12.19,59.063873,78.93,33.174526,47.425346,7.16,3.011129,4.3021092,0.02,0.007984833,0.012017065,2.6494768
Sweden,SWE,2013,38.95485,11.45,35,9842,61361,9.84,61.36,0.04,11.45,54.035156,61.36,27.358225,40.096714,9.84,4.3881235,6.430112,0.04,0.015605006,0.026138665,2.646395
Sweden,SWE,2014,40.648502,10696,47,11234,63763,11.23,63.76,0.05,10.7,55.83849,63.76,28.389797,41.523933,11.23,5.0018187,7.3135786,0.05,0.020926233,0.032562684,2.6483138
Sweden,SWE,2015,46.599625,10765,97,16268,75312,16.32,75.31,0.1,10.77,63.271606,75.31,32.243637,46.487656,16.32,6.964885,10.074074,0.1,0.04152901,0.061728396,2.544423
Sweden,SWE,2016,42.0827,11.488078,143,15479,62018,15.48,62.02,0.14,11.49,57.17493,62.02,26.881958,39.784462,15.48,6.7094364,9.9300785,0.14,0.061983943,0.089806914,2.4066656
Sweden,SWE,2017,43.339447,12076,0.23,17609,64964,17.61,65.14,0.23,12.08,57.88224,65.14,27.115255,39.663887,17.61,7.3498025,10.722767,0.23,0.09599944,0.14004749,2.1583188
Sweden,SWE,2018,42.218502,11913,391,16623,62.05,16.62,62.21,0.41,11.91,55.797012,62.21,26.28328,38.08154,16.62,7.0412083,10.17385,0.41,0.16562068,0.25097942,4.238693
Sweden,SWE,2019,43.813766,13036,663,19847,65207,19.85,65.37,0.68,13.04,58.745995,65.37,26.46185,38.813683,19.85,8.05417,11.786012,0.68,0.26905403,0.40375254,5.001016
Sweden,SWE,2020,51.05897,11177,1035,27526,72141,27.53,72.39,1.05,11.18,68.471825,72.39,30.645115,44.19684,27.53,11.692899,16.80811,1.05,0.43966255,0.64106476,4.891601
Sweden,SWE,2021,50.924007,13.329401,1449,27.306503,71.458435,27.24,73.89,1.53,13.08,67.3808,73.89,29.473484,43.016823,27.24,11.262739,15.858415,1.53,0.5976493,0.890726,7.1293397
Sweden,SWE,2022,,,,,,33.24,69.16,2.34,12.66,68.38304,69.16,,40.284256,33.24,,19.361605,2.34,,1.3630009,
Switzerland,CHE,1965,39.05084,0.0,0.0,0.0,24.097282,0.0,24.097282,0.0,0.0,,24.097282,39.05084,,0.0,0.0,,0.0,0.0,,
Switzerland,CHE,1966,41.49439,0.0,0.0,0.0,27.518608,0.0,27.518608,0.0,0.0,,27.518608,41.49439,,0.0,0.0,,0.0,0.0,,
Switzerland,CHE,1967,42.143433,0.0,0.0,0.0,29.850212,0.0,29.850212,0.0,0.0,,29.850212,42.143433,,0.0,0.0,,0.0,0.0,,
Switzerland,CHE,1968,39.673504,0.0,0.0,0.0,29.515339,0.0,29.515339,0.0,0.0,,29.515339,39.673504,,0.0,0.0,,0.0,0.0,,
Switzerland,CHE,1969,36.7013,0.0,0.0,0.0,28.24513,0.0,28.24513,0.0,0.0,,28.24513,36.7013,,0.0,0.0,,0.0,0.0,,
Switzerland,CHE,1970,34.634697,0.0,0.0,0.0,29.172628,0.0,29.172628,0.0,0.0,,29.172628,34.634697,,0.0,0.0,,0.0,0.0,,
Switzerland,CHE,1971,33.697243,0.0,0.0,0.0,29.043726,0.0,29.043726,0.0,0.0,,29.043726,33.697243,,0.0,0.0,,0.0,0.0,,
Switzerland,CHE,1972,28.542725,0.0,0.0,0.0,24.234034,0.0,24.234034,0.0,0.0,,24.234034,28.542725,,0.0,0.0,,0.0,0.0,,
Switzerland,CHE,1973,28.314793,0.0,0.0,0.0,26.586607,0.0,26.586607,0.0,0.0,,26.586607,28.314793,,0.0,0.0,,0.0,0.0,,
Switzerland,CHE,1974,31.026619,0.0,0.0,0.0,27.850393,0.0,27.850393,0.0,0.0,,27.850393,31.026619,,0.0,0.0,,0.0,0.0,,
Switzerland,CHE,1975,34.594242,0.0,0.0,0.0,32.23579,0.0,32.23579,0.0,0.0,,32.23579,34.594242,,0.0,0.0,,0.0,0.0,,
Switzerland,CHE,1976,29.048126,0.0,0.0,0.0,25.849403,0.0,25.849403,0.0,0.0,,25.849403,29.048126,,0.0,0.0,,0.0,0.0,,
Switzerland,CHE,1977,35.28424,0.0,0.0,0.0,34.88988,0.0,34.88988,0.0,0.0,,34.88988,35.28424,,0.0,0.0,,0.0,0.0,,
Switzerland,CHE,1978,32.51401,98,0.0,0.0,31.560526,0.0,31.560526,0.0,98,,31.560526,32.405384,,0.0,0.0,,0.0,0.0,,
Switzerland,CHE,1979,30.90444,287,0.0,0.0,29.68438,0.0,29.68438,0.0,287,,29.68438,30.585205,,0.0,0.0,,0.0,0.0,,
Switzerland,CHE,1980,32.372673,173,0.0,0.0,33.447933,0.0,33.447933,0.0,173,,33.447933,32.192917,,0.0,0.0,,0.0,0.0,,
Switzerland,CHE,1981,34.292164,436,0.0,0.0,35.12508,0.0,35.12508,0.0,436,,35.12508,33.83872,,0.0,0.0,,0.0,0.0,,
Switzerland,CHE,1982,35.782177,0.39,0.0,0.0,35.971413,0.0,35.971413,0.0,0.39,,35.971413,35.368214,,0.0,0.0,,0.0,0.0,,
Switzerland,CHE,1983,33.554874,396,0.0,0.0,35.06285,0.0,35.06285,0.0,396,,35.06285,33.150684,,0.0,0.0,,0.0,0.0,,
Switzerland,CHE,1984,29.559744,369,0.0,0.0,29.893864,0.0,29.893864,0.0,369,,29.893864,29.171026,,0.0,0.0,,0.0,0.0,,
Switzerland,CHE,1985,29.6324,365,0.0,0.0,32.05207,0.0,32.05207,0.0,365,57.540207,32.05207,29.27254,56.89233,0.0,0.0,0.0,0.0,0.0,0.0,
Switzerland,CHE,1986,29.059496,458,0.0,0.0,32.90528,0.0,32.90528,0.0,458,58.11356,32.90528,28.629314,57.315796,0.0,0.0,0.0,0.0,0.0,0.0,
Switzerland,CHE,1987,30.830393,511,0.0,0.0,34.674698,0.0,34.674698,0.0,511,58.904114,34.674698,30.347586,58.04865,0.0,0.0,0.0,0.0,0.0,0.0,
Switzerland,CHE,1988,31.572079,513,0.0,0.0,35.79507,0.0,35.79507,0.0,513,59.977894,35.79507,31.091053,59.13046,0.0,0.0,0.0,0.0,0.0,0.0,
Switzerland,CHE,1989,28.203423,529,0.0,0.0,29.77493,0.0,29.77493,0.0,529,55.490753,29.77493,27.672663,54.522083,0.0,0.0,0.0,0.0,0.0,0.0,
Switzerland,CHE,1990,26.99222,438,1,0.0,29.797848,0.0,29.797848,1,438,53.979496,29.797848,26.569715,53.195786,0.0,0.0,0.0,1,0.0008878827,0.0017852226,
Switzerland,CHE,1991,28.263733,436,2,0.0,32.080162,0.0,32.080162,2,436,56.006073,32.080162,27.853329,55.251705,0.0,0.0,0.0,2,0.0017372724,0.0034446027,
Switzerland,CHE,1992,28.394737,485,3,0.0,32.703655,0.0,32.703655,3,485,55.767498,32.703655,27.944786,54.947575,0.0,0.0,0.0,3,0.0025606067,0.005040499,
Switzerland,CHE,1993,31.083035,491,4,0.0,35.781193,0.0,35.781193,4,491,58.932392,35.781193,30.625925,58.12824,0.0,0.0,0.0,4,0.0034252459,0.0064981887,
Switzerland,CHE,1994,32.318325,0.55,5,0.0,39.072556,0.0,39.072556,5,0.55,59.91988,39.072556,31.830553,59.080677,0.0,0.0,0.0,5,0.0040712873,0.0075603803,
Switzerland,CHE,1995,30.77135,574,6,0.0,35.171566,0.0,35.171566,6,574,56.872494,35.171566,30.233532,55.94984,0.0,0.0,0.0,6,0.0051599536,0.009544616,
Switzerland,CHE,1996,26.179201,614,7,1,28.74798,1,28.74798,7,614,51.231163,28.74798,25.582235,50.146187,1,0.0008861041,0.0017443377,7,0.006227808,0.012210364,
Switzerland,CHE,1997,28.93256,658,7,2,34.046455,2,34.046455,7,658,55.186493,34.046455,28.333914,54.126118,2,0.0016651833,0.0031795448,7,0.005824233,0.011128408,
Switzerland,CHE,1998,28.326658,689,8,3,33.475414,3,33.475414,8,689,53.999878,33.475414,27.70203,52.89383,3,0.0024798422,0.0047402396,8,0.0066232774,0.012640639,
Switzerland,CHE,1999,32.331284,749,0.01,3,40.008263,3,40.008263,0.01,749,59.416866,40.008263,31.680716,58.306362,3,0.0023729233,0.0043720743,0.01,0.007918572,0.014573581,
Switzerland,CHE,2000,30.638752,833,11,3,36.837334,0.0,33.85,0.01,0.14,55.06073,33.85,29.897543,54.81781,0.0,0.0024321245,0.0,0.01,0.008927726,0.016194332,
Switzerland,CHE,2001,31.928984,876,13,4,41.32288,0.0,38.29,0.01,0.14,57.69173,38.29,31.197525,57.46661,0.0,0.003019583,0.0,0.01,0.0098145725,0.015008255,
Switzerland,CHE,2002,29.157331,909,15,5,35.171818,0.0,32.32,0.01,0.14,53.11631,32.32,28.340181,52.87093,0.0,0.004025827,0.0,0.01,0.012086454,0.01635858,
Switzerland,CHE,2003,28.983334,0.93,18,5,34.76713,0.0,31.95,0.02,0.14,52.570396,31.95,28.13629,52.308445,0.0,0.004046219,0.0,0.02,0.014567008,0.032743942,
Switzerland,CHE,2004,28.4365,0.97,18,6,33.751717,0.01,30.94,0.02,0.15,52.170998,30.94,27.540138,51.869236,0.01,0.00489234,0.016764458,0.02,0.014687324,0.033528917,
Switzerland,CHE,2005,27.377468,1016,21,8,31.229898,0.01,28.66,0.02,0.16,53.49527,28.66,26.395624,53.142963,0.01,0.0067643914,0.018542554,0.02,0.01774927,0.03708511,
Switzerland,CHE,2006,26.049185,1135,24,15,30.961859,0.01,28.27,0.02,0.16,49.128258,28.27,24.989973,48.800278,0.01,0.012106829,0.017262213,0.02,0.019370912,0.034524426,
Switzerland,CHE,2007,29.711977,1179,29,16,35.253403,0.02,32.36,0.03,0.15,52.46536,32.36,28.59582,52.143085,0.02,0.012978412,0.032226875,0.03,0.023523396,0.048340313,
Switzerland,CHE,2008,29.249441,1229,37,19,36.039383,0.02,33.21,0.03,0.15,53.268494,33.21,28.116545,52.949615,0.02,0.014823073,0.031887755,0.03,0.028866,0.047831632,
Switzerland,CHE,2009,28.93271,1229,54,23,35.72711,0.02,32.83,0.05,0.13,53.01766,32.83,27.780495,52.696632,0.02,0.01788425,0.03210273,0.05,0.041989014,0.08025682,
Switzerland,CHE,2010,29.882568,1272,94,37,36.06428,0.04,33.26,0.09,0.14,54.037067,33.26,28.617752,53.601933,0.04,0.029360253,0.064464144,0.09,0.074590944,0.14504433,
Switzerland,CHE,2011,28.442818,1385,168,0.07,32.393364,0.07,29.91,0.17,0.15,51.18243,29.91,26.91353,50.523647,0.07,0.058158435,0.11824324,0.17,0.13958022,0.28716215,
Switzerland,CHE,2012,31.854078,1527,299,88,38.60409,0.09,35.78,0.3,0.15,56.59966,35.78,30.16268,55.758144,0.09,0.06875736,0.14025246,0.3,0.23361878,0.46750823,
Switzerland,CHE,2013,30.987797,1607,0.5,0.09,38.464718,0.09,35.63,0.5,0.15,56.19592,35.63,29.116404,55.052532,0.09,0.06812672,0.13906057,0.5,0.37848195,0.7725587,
Switzerland,CHE,2014,32.27639,1671,842,101,38.04005,0.1,35.12,0.84,0.14,54.89839,35.12,29.981306,53.260536,0.1,0.079603255,0.151653,0.84,0.66362315,1.2738853,
Switzerland,CHE,2015,33.1626,1601,1119,0.11,38.26185,0.11,35.38,1.12,0.12,59.098953,35.38,30.657255,56.92679,0.11,0.08813735,0.17699115,1.12,0.89659727,1.8020917,
Switzerland,CHE,2016,32.287403,1725,1333,109,34.62793,0.11,31.98,1.33,0.15,58.38261,31.98,29.324347,55.61739,0.11,0.09230569,0.19130434,1.33,1.1288388,2.3130436,
Switzerland,CHE,2017,32.014774,1838,1683,133,34.095364,0.13,31.48,1.68,0.16,59.078064,31.48,28.637695,55.59873,0.13,0.111710615,0.22960085,1.68,1.413601,2.9671495,
Switzerland,CHE,2018,31.950867,1811,1945,122,34.60919,0.12,32.1,1.95,0.15,55.114822,32.1,28.454914,51.549698,0.12,0.10030569,0.19270916,1.95,1.5991362,3.131524,
Switzerland,CHE,2019,33.137398,1862,2178,146,37.63397,0.15,35.16,2.18,0.15,56.601505,35.16,29.54292,52.87218,0.15,0.11461098,0.22556393,2.18,1.7097447,3.2781954,
Switzerland,CHE,2020,36.21057,1968,2599,145,37.463486,0.15,37.87,2.6,0.17,60.519287,37.87,31.844797,56.186943,0.15,0.123253234,0.22255194,2.6,2.209208,3.8575666,
Switzerland,CHE,2021,36.716644,1.9268767,3.0062954,0.14460382,36.356102,0.15,36.96,2.89,0.11,66.05731,36.96,31.890774,60.869564,0.15,0.12684327,0.24703558,2.89,2.6370564,4.759552,
Taiwan,TWN,1965,10.86843,0.0,0.0,0.0,2586,0.0,2586,0.0,0.0,,2586,10.86843,,0.0,0.0,,0.0,0.0,,
Taiwan,TWN,1966,10.439054,0.0,0.0,0.0,2661,0.0,2661,0.0,0.0,,2661,10.439054,,0.0,0.0,,0.0,0.0,,
Taiwan,TWN,1967,9.467523,0.0,0.0,0.0,2634,0.0,2634,0.0,0.0,,2634,9.467523,,0.0,0.0,,0.0,0.0,,
Taiwan,TWN,1968,12.089816,0.0,0.0,0.0,3864,0.0,3864,0.0,0.0,,3864,12.089816,,0.0,0.0,,0.0,0.0,,
Taiwan,TWN,1969,9.123023,0.0,0.0,0.0,3052,0.0,3052,0.0,0.0,,3052,9.123023,,0.0,0.0,,0.0,0.0,,
Taiwan,TWN,1970,7.867681,0.0,0.0,0.0,2865,0.0,2865,0.0,0.0,,2865,7.867681,,0.0,0.0,,0.0,0.0,,
Taiwan,TWN,1971,6.759338,0.0,0.0,0.0,3091,0.0,3091,0.0,0.0,,3091,6.759338,,0.0,0.0,,0.0,0.0,,
Taiwan,TWN,1972,7.4420853,0.0,0.0,0.0,3636,0.0,3636,0.0,0.0,,3636,7.4420853,,0.0,0.0,,0.0,0.0,,
Taiwan,TWN,1973,5.9530554,0.0,0.0,0.0,3399,0.0,3399,0.0,0.0,,3399,5.9530554,,0.0,0.0,,0.0,0.0,,
Taiwan,TWN,1974,8.604859,0.0,0.0,0.0,4705,0.0,4705,0.0,0.0,,4705,8.604859,,0.0,0.0,,0.0,0.0,,
Taiwan,TWN,1975,8.733822,0.0,0.0,0.0,5261,0.0,5261,0.0,0.0,,5261,8.733822,,0.0,0.0,,0.0,0.0,,
Taiwan,TWN,1976,5.838051,0.0,0.0,0.0,4282,0.0,4282,0.0,0.0,,4282,5.838051,,0.0,0.0,,0.0,0.0,,
Taiwan,TWN,1977,4.9982214,0.0,0.0,0.0,4023,0.0,4023,0.0,0.0,,4023,4.9982214,,0.0,0.0,,0.0,0.0,,
Taiwan,TWN,1978,5.2226777,0.0,0.0,0.0,4966,0.0,4966,0.0,0.0,,4966,5.2226777,,0.0,0.0,,0.0,0.0,,
Taiwan,TWN,1979,4.524598,0.0,0.0,0.0,4567,0.0,4567,0.0,0.0,,4567,4.524598,,0.0,0.0,,0.0,0.0,,
Taiwan,TWN,1980,2.749599,0.0,0.0,0.0,2926,0.0,2926,0.0,0.0,,2926,2.749599,,0.0,0.0,,0.0,0.0,,
Taiwan,TWN,1981,4.8077273,0.0,0.0,0.0,4791,0.0,4791,0.0,0.0,,4791,4.8077273,,0.0,0.0,,0.0,0.0,,
Taiwan,TWN,1982,4.304235,0.00828249,0.0,0.0,4.7812243,0.0,4.7812243,0.0,0.00828249,,4.7812243,4.297092,,0.0,0.0,,0.0,0.0,,
Taiwan,TWN,1983,4.0560904,0.004545145,0.0,0.0,4.98775,0.0,4.98775,0.0,0.004545145,,4.98775,4.052549,,0.0,0.0,,0.0,0.0,,
Taiwan,TWN,1984,3.418206,0.00350599,0.0,0.0,4.385302,0.0,4.385302,0.0,0.00350599,,4.385302,3.4155867,,0.0,0.0,,0.0,0.0,,
Taiwan,TWN,1985,4.4680967,0.00295588,0.0,0.0,6.0011296,0.0,6.0011296,0.0,0.00295588,10.80712,6.0011296,4.465986,10.8018,0.0,0.0,0.0,0.0,0.0,0.0,
Taiwan,TWN,1986,4.194708,0.0045321,0.0,0.0,6.1299214,0.0,6.1299214,0.0,0.0045321,9.841289,6.1299214,4.191734,9.834017,0.0,0.0,0.0,0.0,0.0,0.0,
Taiwan,TWN,1987,3.481769,0.0028272,0.0,0.0,5.508951,0.0,5.508951,0.0,0.0028272,7.9674087,5.508951,3.4800556,7.963322,0.0,0.0,0.0,0.0,0.0,0.0,
Taiwan,TWN,1988,2.674821,0.00310436,0.0,0.0,4.673866,0.0,4.673866,0.0,0.00310436,6.132828,4.673866,2.6731179,6.128758,0.0,0.0,0.0,0.0,0.0,0.0,
Taiwan,TWN,1989,2.7342827,0.19544277,0.0,0.0,4.8634553,0.0,4.8634553,0.0,0.19544277,6.018356,4.8634553,2.6207952,5.7858458,0.0,0.0,0.0,0.0,0.0,0.0,
Taiwan,TWN,1990,3.3431942,0.21162774,0.0,0.0,6.38118,0.0,6.38118,0.0,0.21162774,7.3096232,6.38118,3.2278013,7.074986,0.0,0.0,0.0,0.0,0.0,0.0,
Taiwan,TWN,1991,1.9690255,0.24322364,0.0,0.0,3.8536472,0.0,3.8536472,0.0,0.24322364,4.130845,3.8536472,1.8435191,3.8856041,0.0,0.0,0.0,0.0,0.0,0.0,
Taiwan,TWN,1992,3.0788274,0.2616219,0.0,0.0,6.555993,0.0,6.555993,0.0,0.2616219,6.46037,6.555993,2.9517674,6.2124577,0.0,0.0,0.0,0.0,0.0,0.0,
Taiwan,TWN,1993,1.8557117,0.2327173,0.0,0.0,4.108831,0.0,4.108831,0.0,0.2327173,3.7685075,4.108831,1.7488519,3.5665061,0.0,0.0,0.0,0.0,0.0,0.0,
Taiwan,TWN,1994,2.141311,0.25695983,0.0,0.0,5.0615253,0.0,5.0615253,0.0,0.25695983,4.2672524,5.0615253,2.0300536,4.0610824,0.0,0.0,0.0,0.0,0.0,0.0,
Taiwan,TWN,1995,1.9825535,0.3838267,0.0,0.0,4.839462,0.0,4.839462,0.0,0.3838267,3.9238408,4.839462,1.8261933,3.6355023,0.0,0.0,0.0,0.0,0.0,0.0,
Taiwan,TWN,1996,1.9023186,0.46987763,0.0,0.0,4.7430544,0.0,4.7430544,0.0,0.46987763,3.6720493,4.7430544,1.7185277,3.341062,0.0,0.0,0.0,0.0,0.0,0.0,
Taiwan,TWN,1997,1.9892831,0.5255885,0.0,0.0,5.2454824,0.0,5.2454824,0.0,0.5255885,3.8349447,5.2454824,1.7951086,3.4856846,0.0,0.0,0.0,0.0,0.0,0.0,
Taiwan,TWN,1998,2.2135477,0.6072004,0.0,0.0,6.2018576,0.0,6.2018576,0.0,0.6072004,4.1715035,6.2018576,2.001953,3.799508,0.0,0.0,0.0,0.0,0.0,0.0,
Taiwan,TWN,1999,1.8112775,0.7588659,0.0,0.0,5.051025,0.0,5.051025,0.0,0.7588659,3.4364924,5.051025,1.5585027,2.9876308,0.0,0.0,0.0,0.0,0.0,0.0,
Taiwan,TWN,2000,1.6464219,1.0473703,0.00012,0.00138286,4.5599804,0.0,4.56,0.0,1.05,3.107689,4.56,1.3189446,2.5260358,0.0,0.00039941896,0.0,0.0,3.477934e-05,0.0,
Taiwan,TWN,2001,1.820539,1.3202769,0.000264,0.012228773,5.0902977,0.01,5.09,0.0,1.33,3.4858506,5.09,1.4175481,2.7594059,0.01,0.0034054741,0.005421229,0.0,7.3464216e-05,0.0,
Taiwan,TWN,2002,1.2093642,1.5993352,0.000348,0.0158796,2.778901,0.02,2.78,0.0,1.61,2.2586427,2.78,0.73955023,1.4238156,0.02,0.0042260517,0.010243278,0.0,9.269657e-05,0.0,
Taiwan,TWN,2003,1.2677935,1.7726351,0.000461,0.02376162,3.0345163,0.02,3.03,0.0,1.79,2.3586745,3.03,0.7679074,1.4766082,0.02,0.0060130605,0.009746589,0.0,0.000116585725,0.0,
Taiwan,TWN,2004,1.2749457,1.8489127,0.000584,0.025252812,3.2098691,0.03,3.21,0.0,1.87,2.3760812,3.21,0.7745092,1.4926068,0.03,0.006093242,0.013949595,0.0,0.00014095088,0.0,
Taiwan,TWN,2005,1.473228,1.8503994,0.00096,0.09130043,4.0713735,0.09,4.07,0.0,1.87,2.695936,4.07,0.963311,1.8196452,0.09,0.021602215,0.04023785,0.0,0.00022723446,0.0,
Taiwan,TWN,2006,1.475401,1.8496343,0.001457,0.27607474,4.088351,0.28,4.09,0.0,1.86,2.6897504,4.09,0.93650126,1.7658234,0.28,0.063239284,0.12088767,0.0,0.0003331961,0.0,
Taiwan,TWN,2007,1.5262464,1.8839118,0.00218,0.43953452,4.41755,0.44,4.42,0.0,1.9,2.826205,4.42,0.96510035,1.8479034,0.44,0.096024916,0.18395418,0.0,0.00047645322,0.0,
Taiwan,TWN,2008,1.5631176,1.8168589,0.004473143,0.5882652,4.305105,0.59,4.31,0.0,1.83,2.865781,4.31,0.96661776,1.8352921,0.59,0.13208215,0.25123486,0.0,0.0010054291,0.0,
Taiwan,TWN,2009,1.4994724,1.7474228,0.009112535,0.78663546,3.7482882,0.79,3.75,0.01,1.76,2.7829232,3.75,0.8592098,1.6538767,0.79,0.18031828,0.3484167,0.01,0.0020884932,0.0044103377,
Taiwan,TWN,2010,1.5620868,1.8338163,0.021727003,1.0263377,4.1941013,1.03,4.19,0.02,1.85,2.9057376,4.19,0.8912163,1.7172132,1.03,0.21808937,0.42213115,0.02,0.0046168305,0.008196721,
Taiwan,TWN,2011,1.6331027,1.8345631,0.061622538,1.4926766,3.9997265,1.49,4.0,0.06,1.85,2.9686685,4.0,0.85085857,1.6046857,1.49,0.3175359,0.5977454,0.06,0.013108911,0.024070285,
Taiwan,TWN,2012,1.9954244,1.8303318,0.15986983,1.4134685,5.669558,1.41,5.67,0.16,1.85,3.6737664,5.67,1.2068933,2.2915573,1.41,0.3008887,0.56985813,0.16,0.034031905,0.06466476,
Taiwan,TWN,2013,1.9780341,1.8484012,0.32109624,1.6400076,5.4228897,1.64,5.42,0.32,1.86,3.708758,5.42,1.1233313,2.1754837,1.64,0.33972144,0.65826446,0.32,0.06651389,0.12844184,
Taiwan,TWN,2014,1.7324574,1.912524,0.5287621,1.5004843,4.317862,1.5,4.32,0.53,1.93,3.2236714,4.32,0.8697575,1.6819156,1.5,0.30224624,0.58399844,0.53,0.106509835,0.2063461,
Taiwan,TWN,2015,1.8325284,1.9383065,0.85026795,1.5252357,4.470146,1.53,4.47,0.85,1.95,3.4494925,4.47,0.8959219,1.7521852,1.53,0.3056929,0.5997413,0.85,0.1704136,0.3331896,
Taiwan,TWN,2016,2.2558503,1.9036957,1.1090046,1.4571018,6.562041,1.46,6.56,1.11,1.92,4.236638,6.56,1.2987136,2.5151446,1.46,0.28837946,0.559773,1.11,0.21948652,0.42558086,
Taiwan,TWN,2017,2.1802807,1.8582038,1.6674529,1.7224586,5.446815,1.72,5.45,1.67,1.87,4.012288,5.45,1.0731953,2.0417337,1.72,0.33937898,0.6443637,1.67,0.3285411,0.6256322,
Taiwan,TWN,2018,2.1791105,1.9685836,2.71208,1.7071841,4.481584,1.71,4.48,2.71,1.98,3.9976485,4.48,0.86607224,1.6460905,1.71,0.3299156,0.62830687,2.71,0.5241131,0.9957378,
Taiwan,TWN,2019,2.7165449,1.9841806,4.0159483,1.8922317,5.544796,1.89,5.54,4.02,2.0,4.9634657,5.54,1.0871145,2.0444312,1.89,0.3709915,0.6974684,4.02,0.78736806,1.4835043,
Taiwan,TWN,2020,2.7744627,1.9713054,6.0746737,2.3088717,3.0191524,2.31,3.02,6.07,1.99,4.837253,3.02,0.6070697,1.091001,2.31,0.46425155,0.8345074,6.07,1.2214522,2.1928399,
Taiwan,TWN,2021,3.0361571,1.980124,7.920296,2.2420712,3.4688082,2.21,3.47,7.97,2.0,5.438749,3.47,0.6564165,1.205908,2.21,0.42427614,0.7680278,7.97,1.4987893,2.7697654,
Thailand,THA,1965,8.098696,0.0,0.0,0.0,841,0.0,841,0.0,0.0,,841,8.098696,,0.0,0.0,,0.0,0.0,,
Thailand,THA,1966,8.597767,0.0,0.0,0.0,1064,0.0,1064,0.0,0.0,,1064,8.597767,,0.0,0.0,,0.0,0.0,,
Thailand,THA,1967,9.705655,0.0,0.0,0.0,1368,0.0,1368,0.0,0.0,,1368,9.705655,,0.0,0.0,,0.0,0.0,,
Thailand,THA,1968,7.769662,0.0,0.0,0.0,1405,0.0,1405,0.0,0.0,,1405,7.769662,,0.0,0.0,,0.0,0.0,,
Thailand,THA,1969,5.4768367,0.0,0.0,0.0,1046,0.0,1046,0.0,0.0,,1046,5.4768367,,0.0,0.0,,0.0,0.0,,
Thailand,THA,1970,7.854706,0.0,0.0,0.0,1787,0.0,1787,0.0,0.0,,1787,7.854706,,0.0,0.0,,0.0,0.0,,
Thailand,THA,1971,8.126887,0.0,0.0,0.0,2048,0.0,2048,0.0,0.0,,2048,8.126887,,0.0,0.0,,0.0,0.0,,
Thailand,THA,1972,5.650623,0.0,0.0,0.0,1728,0.0,1728,0.0,0.0,,1728,5.650623,,0.0,0.0,,0.0,0.0,,
Thailand,THA,1973,5.797546,0.0,0.0,0.0,1.88,0.0,1.88,0.0,0.0,,1.88,5.797546,,0.0,0.0,,0.0,0.0,,
Thailand,THA,1974,7.2853966,0.0,0.0,0.0,2458,0.0,2458,0.0,0.0,,2458,7.2853966,,0.0,0.0,,0.0,0.0,,
Thailand,THA,1975,9.127364,0.0,0.0,0.0,3399,0.0,3399,0.0,0.0,,3399,9.127364,,0.0,0.0,,0.0,0.0,,
Thailand,THA,1976,9.248512,0.0,0.0,0.0,3637,0.0,3637,0.0,0.0,,3637,9.248512,,0.0,0.0,,0.0,0.0,,
Thailand,THA,1977,7.5471907,0.0,0.0,0.0,3265,0.0,3265,0.0,0.0,,3265,7.5471907,,0.0,0.0,,0.0,0.0,,
Thailand,THA,1978,4.5728025,0.0,0.0,0.0,2.11,0.0,2.11,0.0,0.0,,2.11,4.5728025,,0.0,0.0,,0.0,0.0,,
Thailand,THA,1979,6.6539116,0.0,0.0,0.0,3263,0.0,3263,0.0,0.0,,3263,6.6539116,,0.0,0.0,,0.0,0.0,,
Thailand,THA,1980,2.589578,0.0,0.0,0.0,1273,0.0,1273,0.0,0.0,,1273,2.589578,,0.0,0.0,,0.0,0.0,,
Thailand,THA,1981,6.015194,0.0,0.0,0.0,2974,0.0,2974,0.0,0.0,,2974,6.015194,,0.0,0.0,,0.0,0.0,,
Thailand,THA,1982,7.5709677,0.0,0.0,0.0,3836,0.0,3836,0.0,0.0,,3836,7.5709677,,0.0,0.0,,0.0,0.0,,
Thailand,THA,1983,6.5891356,0.0,0.0,0.0,3.66,0.0,3.66,0.0,0.0,,3.66,6.5891356,,0.0,0.0,,0.0,0.0,,
Thailand,THA,1984,6.626251,0.0,0.0,0.0,4081,0.0,4081,0.0,0.0,,4081,6.626251,,0.0,0.0,,0.0,0.0,,
Thailand,THA,1985,5.7355323,0.0,0.0,0.0,3691,0.0,3691,0.0,0.0,16.026957,3691,5.7355323,16.026957,0.0,0.0,0.0,0.0,0.0,0.0,
Thailand,THA,1986,8.074997,0.0,0.0,0.0,5.5317,0.0,5.5317,0.0,0.0,22.422956,5.5317,8.074997,22.422956,0.0,0.0,0.0,0.0,0.0,0.0,
Thailand,THA,1987,5.1940317,0.00492,0.0,0.0,4.05623,0.0,4.05623,0.0,0.00492,14.21294,4.05623,5.1872444,14.195722,0.0,0.0,0.0,0.0,0.0,0.0,
Thailand,THA,1988,4.2621784,0.03019,0.0,0.0,3.71817,0.0,3.71817,0.0,0.03019,11.564287,3.71817,4.2251425,11.471146,0.0,0.0,0.0,0.0,0.0,0.0,
Thailand,THA,1989,5.435299,0.02157,0.0,0.0,5.51221,0.0,5.51221,0.0,0.02157,14.814671,5.51221,5.4124346,14.756926,0.0,0.0,0.0,0.0,0.0,0.0,
Thailand,THA,1990,4.073402,0.025009,0.0,0.0,4.90011,0.0,4.90011,0.0,0.025009,11.164903,4.90011,4.051181,11.108209,0.0,0.0,0.0,0.0,0.0,0.0,0.0
Thailand,THA,1991,3.4002542,0.029667,0.0,0.0,4.50535,0.0,4.50535,0.0,0.029667,9.048247,4.50535,3.376343,8.989056,0.0,0.0,0.0,0.0,0.0,0.0,0.0
Thailand,THA,1992,2.8629646,0.020861,0.0,0.0,4.15894,0.0,4.15894,0.0,0.020861,7.329365,4.15894,2.847637,7.292784,0.0,0.0,0.0,0.0,0.0,0.0,0.0
Thailand,THA,1993,2.1971903,0.029429,0.0,0.0,3.612501,0.0,3.612501,0.0,0.029429,5.750053,3.612501,2.1781178,5.703589,0.0,0.0,0.0,0.0,0.0,0.0,0.0
Thailand,THA,1994,2.3979282,0.05076354,0.0,0.0,4.403602,0.0,4.403602,0.0,0.05076354,6.2647166,4.403602,2.368511,6.193321,0.0,0.0,0.0,0.0,0.0,0.0,0.0
Thailand,THA,1995,3.2421882,0.14274906,0.0,0.0,6.593011,0.0,6.593011,0.0,0.14274906,8.447449,6.593011,3.168196,8.268424,0.0,0.0,0.0,0.0,0.0,0.0,0.0
Thailand,THA,1996,3.1586607,0.2071208,0.0,0.0,7.215002,0.0,7.215002,0.0,0.2071208,8.531997,7.215002,3.0637734,8.293903,0.0,0.0,0.0,0.0,0.0,0.0,0.0
Thailand,THA,1997,2.9777153,0.27350026,0.0,0.0,7082,0.0,7082,0.0,0.27350026,7.938052,7082,2.8585992,7.64289,0.0,0.0,0.0,0.0,0.0,0.0,0.0
Thailand,THA,1998,2.3759058,0.3095111,0.0,0.0,5.088822,0.0,5.088822,0.0,0.3095111,6.0294333,5.088822,2.2295802,5.683738,0.0,0.0,0.0,0.0,0.0,0.0,0.0
Thailand,THA,1999,1.6081548,0.4474333,0.0,0.0,3.409668,0.0,3.409668,0.0,0.4474333,4.2754407,3.409668,1.4086717,3.7794793,0.0,0.0,0.0,0.0,0.0,0.0,0.0
Thailand,THA,2000,2.5746095,0.5268975,0.0,0.0,5.891444,0.0,5.89,0.0,0.49,7.126103,5.89,2.347993,6.5788007,0.0,0.0,0.0,0.0,0.0,0.0,0.0
Thailand,THA,2001,2.5714476,0.62108785,0.0,0.0,6.174345,0.0,6.17,0.0,0.59,7.061527,6.17,2.3181396,6.4452105,0.0,0.0,0.0,0.0,0.0,0.0,0.0
Thailand,THA,2002,2.8180337,0.7524022,0.0,0.0,7.36694,0.0,7.37,0.0,0.7,7.944477,7.37,2.5349517,7.255365,0.0,0.0,0.0,0.0,0.0,0.0,0.0
Thailand,THA,2003,2.7227082,1.2314934,0.0,0.0,7.207755,0.0,7.21,0.0,1.15,7.6718354,7.21,2.2917788,6.6165,0.0,0.0,0.0,0.0,0.0,0.0,0.0
Thailand,THA,2004,2.3133497,1.8419179,0.0,0.0,5.896294,0.0,5.9,0.0,1.73,6.516355,5.9,1.7158674,5.0388594,0.0,0.0,0.0,0.0,0.0,0.0,0.034402356
Thailand,THA,2005,2.2752101,1.856268,0.0,0.0,5.671181,0.0,5.67,0.0,1.75,6.0325203,5.67,1.5895143,4.609756,0.0,0.0,0.0,0.0,0.0,0.0,0.623943
Thailand,THA,2006,2.9778264,1.9895779,0.03648,0.000131,7.95005,0.0,7.95,0.0,1.87,7.598855,7.95,2.1678722,6.1518226,0.0,3.5671557e-05,0.0,0.0,0.009947599,0.0,0.9670266
Thailand,THA,2007,2.9363692,2.4194698,0.03876,0.000394,7.961357,0.0,7.96,0.0,2.24,7.708585,7.96,2.0660908,6.015719,0.0,0.00010223109,0.0,0.0,0.010058801,0.0,1.6659788
Thailand,THA,2008,2.9482808,2.1396863,0.03888,0.000482,6.95069,0.0,6.95,0.0,2.0,6.562546,6.95,1.76759,5.096055,0.0,0.00012267489,0.0,0.0,0.009887345,0.0,6.0350504
Thailand,THA,2009,3.0501225,2.252298,0.0444,1,6.965736,0.0,6.97,0.01,2.11,6.626331,6.97,1.6958727,5.080916,0.0,0.00024457887,0.0,0.01,0.010809587,0.0072896928,7.4379945
Thailand,THA,2010,2.8064702,3.3656135,0.05832,0.003924,5.346753,0.0,5.35,0.02,3.21,5.708583,5.35,1.2140607,3.5595474,0.0,0.00089080015,0.0,0.02,0.0132424245,0.013306719,9.69942
Thailand,THA,2011,3.4573398,3.9790473,0.09444,5,7.934922,0.0,7.93,0.09,3.81,8.039962,7.93,1.7460041,5.3894253,0.0,0.0011011822,0.0,0.09,0.020780616,0.061166238,10.68797
Thailand,THA,2012,3.7705746,4.696402,0.498475,0.017179,8.431217,0.14,8.43,0.5,4.35,8.539612,8.43,1.7216157,5.3643017,0.14,0.0035078654,0.08908686,0.5,0.10178631,0.31816736,14.64217
Thailand,THA,2013,3.859155,5.6263814,1.257475,0.351304,5.412084,0.31,5.41,1.26,5.35,7.6765037,5.41,1.0925756,3.3681984,0.31,0.07092022,0.19300212,1.26,0.25385535,0.78446025,18.71267
Thailand,THA,2014,4.2589955,6.717463,1.933475,396,5.163573,0.31,5.16,1.93,6.28,8.395728,5.16,1.0047046,3.1668098,0.31,0.07705188,0.19025408,1.93,0.37620676,1.1844851,20.92237
Thailand,THA,2015,4.1909814,7.3368325,2378,328,3.760733,0.33,3.76,2.38,6.86,7.994962,3.76,0.7114853,2.2551432,0.33,0.062053643,0.1979248,2.38,0.4498889,1.4274577,22.57383
Thailand,THA,2016,4.5999756,8.816594,3377,345,3.543078,0.34,3.54,3.38,8.71,8.984024,3.54,0.6530386,1.9914492,0.34,0.06358831,0.19126913,3.38,0.6224281,1.9014401,20.25946
Thailand,THA,2017,5.3063264,9.29357,4543,1109,4.687186,1.11,4.69,4.54,9.58,10.957095,4.69,0.84391963,2.579758,1.11,0.19967349,0.6105611,4.54,0.8179592,2.4972496,22.43427
Thailand,THA,2018,6.3802214,11.746234,4537,1641,7.597013,1.64,7.6,4.54,12.06,14.190005,7.6,1.3195095,4.173531,1.64,0.2850219,0.900604,4.54,0.7880222,2.4931355,24.55093
Thailand,THA,2019,6.9562197,12.587671,5146,3.67,6.309958,3.67,6.31,5.15,12.89,14.700173,6.31,1.0914316,3.3104243,3.67,0.6347989,1.9253974,5.15,0.89010215,2.7018518,27.45843
Thailand,THA,2020,6.9914207,11.701059,5.1600986,3.680055,4.539848,3.22,4.54,5.03,11.94,13.796373,4.54,0.8466403,2.5327754,3.22,0.6862967,1.7963737,5.03,0.9623114,2.8061368,27.65614
Thailand,THA,2021,7.113618,12.982535,5.242457,3.67,4.539992,4.3,4.68,4.29,13.84,14.506635,4.68,0.8369817,2.5042806,4.3,0.67659223,2.300942,4.29,0.96648645,2.2955906,24.957928
Trinidad and Tobago,TTO,1965,0.0,0.0,0.0,0.0,0.0,0.0,0.0,0.0,0.0,,0.0,0.0,,0.0,0.0,,0.0,0.0,,
Trinidad and Tobago,TTO,1966,0.0,0.0,0.0,0.0,0.0,0.0,0.0,0.0,0.0,,0.0,0.0,,0.0,0.0,,0.0,0.0,,
Trinidad and Tobago,TTO,1967,0.0,0.0,0.0,0.0,0.0,0.0,0.0,0.0,0.0,,0.0,0.0,,0.0,0.0,,0.0,0.0,,
Trinidad and Tobago,TTO,1968,0.0,0.0,0.0,0.0,0.0,0.0,0.0,0.0,0.0,,0.0,0.0,,0.0,0.0,,0.0,0.0,,
Trinidad and Tobago,TTO,1969,0.0,0.0,0.0,0.0,0.0,0.0,0.0,0.0,0.0,,0.0,0.0,,0.0,0.0,,0.0,0.0,,
Trinidad and Tobago,TTO,1970,0.0,0.0,0.0,0.0,0.0,0.0,0.0,0.0,0.0,,0.0,0.0,,0.0,0.0,,0.0,0.0,,
Trinidad and Tobago,TTO,1971,0.24740219,35,0.0,0.0,0.0,0.0,0.0,0.0,35,,0.0,0.0,,0.0,0.0,,0.0,0.0,,
Trinidad and Tobago,TTO,1972,0.17949839,35,0.0,0.0,0.0,0.0,0.0,0.0,35,,0.0,0.0,,0.0,0.0,,0.0,0.0,,
Trinidad and Tobago,TTO,1973,0.14994937,29,0.0,0.0,0.0,0.0,0.0,0.0,29,,0.0,0.0,,0.0,0.0,,0.0,0.0,,
Trinidad and Tobago,TTO,1974,0.13420564,25,0.0,0.0,0.0,0.0,0.0,0.0,25,,0.0,0.0,,0.0,0.0,,0.0,0.0,,
Trinidad and Tobago,TTO,1975,0.15323229,23,0.0,0.0,0.0,0.0,0.0,0.0,23,,0.0,0.0,,0.0,0.0,,0.0,0.0,,
Trinidad and Tobago,TTO,1976,0.11258216,19,0.0,0.0,0.0,0.0,0.0,0.0,19,,0.0,0.0,,0.0,0.0,,0.0,0.0,,
Trinidad and Tobago,TTO,1977,0.13099113,23,0.0,0.0,0.0,0.0,0.0,0.0,23,,0.0,0.0,,0.0,0.0,,0.0,0.0,,
Trinidad and Tobago,TTO,1978,0.16403463,29,0.0,0.0,0.0,0.0,0.0,0.0,29,,0.0,0.0,,0.0,0.0,,0.0,0.0,,
Trinidad and Tobago,TTO,1979,0.18565418,29,0.0,0.0,0.0,0.0,0.0,0.0,29,,0.0,0.0,,0.0,0.0,,0.0,0.0,,
Trinidad and Tobago,TTO,1980,0.17309026,26,0.0,0.0,0.0,0.0,0.0,0.0,26,,0.0,0.0,,0.0,0.0,,0.0,0.0,,
Trinidad and Tobago,TTO,1981,0.11979267,19,0.0,0.0,0.0,0.0,0.0,0.0,19,,0.0,0.0,,0.0,0.0,,0.0,0.0,,
Trinidad and Tobago,TTO,1982,0.09663005,18,0.0,0.0,0.0,0.0,0.0,0.0,18,,0.0,0.0,,0.0,0.0,,0.0,0.0,,
Trinidad and Tobago,TTO,1983,0.08803455,16,0.0,0.0,0.0,0.0,0.0,0.0,16,,0.0,0.0,,0.0,0.0,,0.0,0.0,,
Trinidad and Tobago,TTO,1984,0.07256678,13,0.0,0.0,0.0,0.0,0.0,0.0,13,,0.0,0.0,,0.0,0.0,,0.0,0.0,,
Trinidad and Tobago,TTO,1985,0.091819726,17,0.0,0.0,0.0,0.0,0.0,0.0,17,0.5623553,0.0,0.0,0.0,0.0,0.0,0.0,0.0,0.0,0.0,
Trinidad and Tobago,TTO,1986,0.13506165,26,0.0,0.0,0.0,0.0,0.0,0.0,26,0.7900335,0.0,0.0,0.0,0.0,0.0,0.0,0.0,0.0,0.0,
Trinidad and Tobago,TTO,1987,0.17057733,31,0.0,0.0,0.0,0.0,0.0,0.0,31,0.8905487,0.0,0.0,0.0,0.0,0.0,0.0,0.0,0.0,0.0,
Trinidad and Tobago,TTO,1988,0.1351906,27,0.0,0.0,0.0,0.0,0.0,0.0,27,0.774749,0.0,0.0,0.0,0.0,0.0,0.0,0.0,0.0,0.0,
Trinidad and Tobago,TTO,1989,0.13232675,26,0.0,0.0,0.0,0.0,0.0,0.0,26,0.7584598,0.0,0.0,0.0,0.0,0.0,0.0,0.0,0.0,0.0,
Trinidad and Tobago,TTO,1990,0.1421816,31,0.0,0.0,0.0,0.0,0.0,0.0,31,0.866648,0.0,0.0,0.0,0.0,0.0,0.0,0.0,0.0,0.0,
Trinidad and Tobago,TTO,1991,0.115011245,25,0.0,0.0,0.0,0.0,0.0,0.0,25,0.672043,0.0,0.0,0.0,0.0,0.0,0.0,0.0,0.0,0.0,
Trinidad and Tobago,TTO,1992,0.13038902,0.03,0.0,0.0,0.0,0.0,0.0,0.0,0.03,0.75452715,0.0,0.0,0.0,0.0,0.0,0.0,0.0,0.0,0.0,
Trinidad and Tobago,TTO,1993,0.11545403,28,0.0,0.0,0.0,0.0,0.0,0.0,28,0.73356044,0.0,0.0,0.0,0.0,0.0,0.0,0.0,0.0,0.0,
Trinidad and Tobago,TTO,1994,0.12450814,32,0.0,0.0,0.0,0.0,0.0,0.0,32,0.78643405,0.0,0.0,0.0,0.0,0.0,0.0,0.0,0.0,0.0,
Trinidad and Tobago,TTO,1995,0.11839997,33,0.0,0.0,0.0,0.0,0.0,0.0,33,0.7661945,0.0,0.0,0.0,0.0,0.0,0.0,0.0,0.0,0.0,
Trinidad and Tobago,TTO,1996,0.053836137,17,0.0,0.0,0.0,0.0,0.0,0.0,17,0.3743669,0.0,0.0,0.0,0.0,0.0,0.0,0.0,0.0,0.0,
Trinidad and Tobago,TTO,1997,0.057017732,18,0.0,0.0,0.0,0.0,0.0,0.0,18,0.36086607,0.0,0.0,0.0,0.0,0.0,0.0,0.0,0.0,0.0,
Trinidad and Tobago,TTO,1998,0.056172792,18,0.0,0.0,0.0,0.0,0.0,0.0,18,0.34822983,0.0,0.0,0.0,0.0,0.0,0.0,0.0,0.0,0.0,
Trinidad and Tobago,TTO,1999,0.050541118,18,0.0,0.0,0.0,0.0,0.0,0.0,18,0.34305316,0.0,0.0,0.0,0.0,0.0,0.0,0.0,0.0,0.0,
Trinidad and Tobago,TTO,2000,0.054040425,0.02,0.000127,0.0,0.0,0.0,0.0,0.0,0.02,0.38986355,0.0,0.0,0.0,0.0,0.0,0.0,0.0,0.0003155625,0.0,
Trinidad and Tobago,TTO,2001,0.07365426,29,0.000635,0.0,0.0,0.0,0.0,0.0,0.02,0.37664783,0.0,0.0,0.0,0.0,0.0,0.0,0.0,0.0014558147,0.0,
Trinidad and Tobago,TTO,2002,0.06166655,26,0.000965,0.0,0.0,0.0,0.0,0.0,0.02,0.37664783,0.0,0.0,0.0,0.0,0.0,0.0,0.0,0.0020163557,0.0,
Trinidad and Tobago,TTO,2003,0.02733469,12,0.001498,0.0,0.0,0.0,0.0,0.0,0.03,0.4950495,0.0,0.0,0.0,0.0,0.0,0.0,0.0,0.0027779336,0.0,
Trinidad and Tobago,TTO,2004,0.046458136,23,0.002175,0.0,0.0,0.0,0.0,0.0,0.03,0.49586776,0.0,0.0,0.0,0.0,0.0,0.0,0.0,0.0036594595,0.0,
Trinidad and Tobago,TTO,2005,0.041819725,22,0.002339,0.0,0.0,0.0,0.0,0.0,0.03,0.4524887,0.0,0.0,0.0,0.0,0.0,0.0,0.0,0.0036394787,0.0,
Trinidad and Tobago,TTO,2006,0.04218804,26,0.002686,0.0,0.0,0.0,0.0,0.0,0.03,0.44510388,0.0,0.0,0.0,0.0,0.0,0.0,0.0,0.003555644,0.0,
Trinidad and Tobago,TTO,2007,0.031051729,19,0.002881,0.0,0.0,0.0,0.0,0.0,0.03,0.41551247,0.0,0.0,0.0,0.0,0.0,0.0,0.0,0.003673841,0.0,
Trinidad and Tobago,TTO,2008,0.03328308,0.02,0.00313,0.0,0.0,0.0,0.0,0.0,0.0,0.0,0.0,0.0,0.0,0.0,0.0,0.0,0.0,0.004034097,0.0,
Trinidad and Tobago,TTO,2009,0.032574173,19,0.003535,0.0,0.0,0.0,0.0,0.0,0.0,0.0,0.0,0.0,0.0,0.0,0.0,0.0,0.0,0.0045554335,0.0,
Trinidad and Tobago,TTO,2010,0.004750972,0.0,0.004004,0.0,0.0,0.0,0.0,0.0,0.0,0.0,0.0,0.0,0.0,0.0,0.0,0.0,0.0,0.004750972,0.0,
Trinidad and Tobago,TTO,2011,0.0048135966,0.0,0.004004,0.0,0.0,0.0,0.0,0.0,0.0,0.0,0.0,0.0,0.0,0.0,0.0,0.0,0.0,0.0048135966,0.0,
Trinidad and Tobago,TTO,2012,0.0048528085,0.0,0.004004,0.0,0.0,0.0,0.0,0.0,0.0,0.0,0.0,0.0,0.0,0.0,0.0,0.0,0.0,0.0048528085,0.0,
Trinidad and Tobago,TTO,2013,0.004740282,0.0,0.004004,0.0,0.0,0.0,0.0,0.0,0.0,0.0,0.0,0.0,0.0,0.0,0.0,0.0,0.0,0.004740282,0.0,
Trinidad and Tobago,TTO,2014,0.005310354,0.0,0.004488,0.0,0.0,0.0,0.0,0.0,0.0,0.0,0.0,0.0,0.0,0.0,0.0,0.0,0.0,0.005310354,0.0,
Trinidad and Tobago,TTO,2015,0.006235237,0.0,0.005151,0.0,0.0,0.0,0.0,0.01,0.0,0.11111111,0.0,0.0,0.0,0.0,0.0,0.0,0.01,0.006235237,0.11111111,
Trinidad and Tobago,TTO,2016,0.0069855326,0.0,0.005151,0.0,0.0,0.0,0.0,0.01,0.0,0.11286682,0.0,0.0,0.0,0.0,0.0,0.0,0.01,0.0069855326,0.11286682,
Trinidad and Tobago,TTO,2017,0.0065434193,0.0,0.005151,0.0,0.0,0.0,0.0,0.01,0.0,0.11402508,0.0,0.0,0.0,0.0,0.0,0.0,0.01,0.0065434193,0.11402508,
Trinidad and Tobago,TTO,2018,0.0062400484,0.0,0.004669991,0.0,0.0,0.0,0.0,0.01,0.0,0.11520737,0.0,0.0,0.0,0.0,0.0,0.0,0.01,0.0062400484,0.11520737,
Trinidad and Tobago,TTO,2019,0.006373613,0.0,0.004669991,0.0,0.0,0.0,0.0,0.01,0.0,0.11574074,0.0,0.0,0.0,0.0,0.0,0.0,0.01,0.006373613,0.11574074,
Trinidad and Tobago,TTO,2020,0.0073120086,0.0,0.004683797,0.0,0.0,0.0,0.0,0.01,0.0,0.12180268,0.0,0.0,0.0,0.0,0.0,0.0,0.01,0.0073120086,0.12180268,
Trinidad and Tobago,TTO,2021,0.007159467,0.0,0.004671,0.0,0.0,0.0,0.0,0.01,0.0,0.11454754,0.0,0.0,0.0,0.0,0.0,0.0,0.01,0.007159467,0.11454754,
Turkey,TUR,1965,7.396099,0.1,0.0,0.0,2179,0.0,2179,0.0,0.1,,2179,7.0469694,,0.0,0.0,,0.0,0.0,,
Turkey,TUR,1966,6.9609694,122,0.0,0.0,2.3381,0.0,2.3381,0.0,122,,2.3381,6.5897694,,0.0,0.0,,0.0,0.0,,
Turkey,TUR,1967,6.99738,173,0.0,0.0,2.3818,0.0,2.3818,0.0,173,,2.3818,6.4885964,,0.0,0.0,,0.0,0.0,,
Turkey,TUR,1968,7.877497,179,0.0,0.0,3.1748,0.0,3.1748,0.0,179,,3.1748,7.425532,,0.0,0.0,,0.0,0.0,,
Turkey,TUR,1969,7.791776,178,0.0,0.0,3.4449,0.0,3.4449,0.0,178,,3.4449,7.3801084,,0.0,0.0,,0.0,0.0,,
Turkey,TUR,1970,6.4751015,166,0.0,0.0,3.0328,0.0,3.0328,0.0,166,,3.0328,6.1138415,,0.0,0.0,,0.0,0.0,,
Turkey,TUR,1971,5.071615,162,0.0,0.0,2.6102,0.0,2.6102,0.0,162,,2.6102,4.7531495,,0.0,0.0,,0.0,0.0,,
Turkey,TUR,1972,5.530314,175,0.0,0.0,3.2042,0.0,3.2042,0.0,175,,3.2042,5.2223997,,0.0,0.0,,0.0,0.0,,
Turkey,TUR,1973,4.0500865,197,0.0,0.0,2.6034,0.0,2.6034,0.0,197,,2.6034,3.7442226,,0.0,0.0,,0.0,0.0,,
Turkey,TUR,1974,5.0477066,207,0.0,0.0,3.3558,0.0,3.3558,0.0,207,,3.3558,4.7325606,,0.0,0.0,,0.0,0.0,,
Turkey,TUR,1975,7.7707553,0.22,0.0,0.0,5.9036,0.0,5.9036,0.0,0.22,,5.9036,7.47023,,0.0,0.0,,0.0,0.0,,
Turkey,TUR,1976,9.604342,161,0.0,0.0,8.3748,0.0,8.3748,0.0,161,,8.3748,9.409071,,0.0,0.0,,0.0,0.0,,
Turkey,TUR,1977,9.040463,218,0.0,0.0,8.5723,0.0,8.5723,0.0,218,,8.5723,8.798902,,0.0,0.0,,0.0,0.0,,
Turkey,TUR,1978,9.207899,137,0.0,0.0,9.3348,0.0,9.3348,0.0,137,,9.3348,9.064287,,0.0,0.0,,0.0,0.0,,
Turkey,TUR,1979,10.752221,145,0.0,0.0,10.2889,0.0,10.2889,0.0,145,,10.2889,10.591089,,0.0,0.0,,0.0,0.0,,
Turkey,TUR,1980,11.387237,136,0.0,0.0,11.3482,0.0,11.3482,0.0,136,,11.3482,11.241796,,0.0,0.0,,0.0,0.0,,
Turkey,TUR,1981,12.502702,0.11,0.0,0.0,12.6161,0.0,12.6161,0.0,0.11,,12.6161,12.386117,,0.0,0.0,,0.0,0.0,,
Turkey,TUR,1982,12.745108,0.0,0.0,0.0,14.1667,0.0,14.1667,0.0,0.0,,14.1667,12.745108,,0.0,0.0,,0.0,0.0,,
Turkey,TUR,1983,9.873127,0.0,0.0,0.0,11.3427,0.0,11.3427,0.0,0.0,,11.3427,9.873127,,0.0,0.0,,0.0,0.0,,
Turkey,TUR,1984,11.116494,0.0221,0.0,0.0,13.4263,0.0,13.4263,0.0,0.0221,,13.4263,11.098963,,0.0,0.0,,0.0,0.0,,
Turkey,TUR,1985,9.229307,6,0.0,0.0,12.0449,0.0,12.0449,0.0,6,35.217087,12.0449,9.224896,35.199554,0.0,0.0,0.0,0.0,0.0,0.0,
Turkey,TUR,1986,8.374288,0.0436,0.0,0.0,11.8726,0.0,11.8726,0.0,0.0436,30.019548,11.8726,8.34488,29.90971,0.0,0.0,0.0,0.0,0.0,0.0,
Turkey,TUR,1987,11.513276,0.0579,0.0,0.0,18.6178,0.0,18.6178,0.0,0.0579,42.10705,18.6178,11.479019,41.97651,0.0,0.0,0.0,0.0,0.0,0.0,
Turkey,TUR,1988,16.268532,0.0684,0.0,0.0,28.9496,0.0,28.9496,0.0,0.0684,60.392765,28.9496,16.231731,60.25041,0.0,0.0,0.0,0.0,0.0,0.0,
Turkey,TUR,1989,10.282754,0.0626,0.0,0.0,17.9396,0.0,17.9396,0.0,0.0626,34.590878,17.9396,10.248438,34.470592,0.0,0.0,0.0,0.0,0.0,0.0,
Turkey,TUR,1990,12.219702,0.0801,0.0,0.0,23.1476,0.0,23.15,0.0,0.08,40.371914,23.15,12.179259,40.23288,0.0,0.0,0.0,0.0,0.0,0.0,
Turkey,TUR,1991,11.752681,0.1197,0.0,0.0,22.6833,0.0,22.68,0.0,0.12,37.848606,22.68,11.691105,37.649403,0.0,0.0,0.0,0.0,0.0,0.0,
Turkey,TUR,1992,13.079587,0.1167,0.0,0.0,26568,0.0,26.57,0.0,0.120000005,39.628803,26.57,13.021931,39.45063,0.0,0.0,0.0,0.0,0.0,0.0,
Turkey,TUR,1993,15.372353,134,0.0,0.0,33.9509,0.0,33.95,0.0,0.14,46.18616,33.95,15.311311,45.99648,0.0,0.0,0.0,0.0,0.0,0.0,
Turkey,TUR,1994,14.304976,0.13,0.0,0.0,30.5859,0.0,30.59,0.0,0.13,39.21869,30.59,14.244038,39.052723,0.0,0.0,0.0,0.0,0.0,0.0,
Turkey,TUR,1995,14.924197,0.3083,0.0,0.0,35.5409,0.0,35.54,0.0,0.31,41.56522,35.54,14.7899885,41.205795,0.0,0.0,0.0,0.0,0.0,0.0,
Turkey,TUR,1996,15.543943,0.2591,0.0,0.0,40.4752,0.0,40.47,0.0,0.26,42.936962,40.47,15.441066,42.662872,0.0,0.0,0.0,0.0,0.0,0.0,
Turkey,TUR,1997,14.665958,0.3768,0.0,0.0,39.8161,0.0,39.82,0.0,0.37,38.9061,39.82,14.521226,38.547916,0.0,0.0,0.0,0.0,0.0,0.0,
Turkey,TUR,1998,15.141606,326,0.0,0.0055,42229,0.0,42.23,0.0,0.32999998,38.33198,42.23,15.018119,38.034767,0.0,0.0019543772,0.0,0.0,0.0,0.0,
Turkey,TUR,1999,12.753752,0.2139,0.0,0.0205,34.6775,0.02,34.68,0.0,0.21,29.98111,34.68,12.66547,29.783579,0.02,0.0074873446,0.017176228,0.0,0.0,0.0,
Turkey,TUR,2000,10.657172,0.2415,0.0,0.0334,30.8785,0.03,30.88,0.0,0.25,25.062334,30.88,10.55969,24.837126,0.03,0.011421969,0.024129333,0.0,0.0,0.0,
Turkey,TUR,2001,9.108514,0.2736,0.0,0.0624,24.0099,0.06,24.01,0.0,0.27,19.919796,24.01,8.978266,19.649725,0.06,0.023333877,0.049103852,0.0,0.0,0.0,
Turkey,TUR,2002,11.535796,0.2346,0.0,48,33.6838,0.05,33.68,0.0,0.22999999,26.444479,33.68,11.437141,26.226444,0.05,0.01629814,0.038934745,0.0,0.0,0.0,
Turkey,TUR,2003,11.330117,0.1676,0.0,0.0614,35.3295,0.06,35.33,0.0,0.17,25.487387,35.33,11.255766,25.322535,0.06,0.019561656,0.043004587,0.0,0.0,0.0,
Turkey,TUR,2004,13.691692,0.1692,0.0,0.0577,46.0837,0.06,46.08,0.0,0.17,30.926939,46.08,13.623309,30.77334,0.06,0.017057339,0.040069453,0.0,0.0,0.0,
Turkey,TUR,2005,11.418583,0.1284,0.0,59,39.5605,0.06,39.56,0.0,0.120000005,24.599195,39.56,11.364723,24.487776,0.06,0.016949194,0.0371402,0.0,0.0,0.0,
Turkey,TUR,2006,11.456921,0.14785,0.0,0.1305,44.2442,0.13,44.24,0.0,0.15,25.271046,44.24,11.3844185,25.112108,0.13,0.033578783,0.07379236,0.0,0.0,0.0,
Turkey,TUR,2007,8.7794895,0.254942,0.0,0.3511,35.8508,0.36,35.85,0.0,0.25,19.048117,35.85,8.6321745,18.729427,0.36,0.08453805,0.18807794,0.0,0.0,0.0,
Turkey,TUR,2008,8.211599,0.304695,0.0,0.8465,33.2698,0.85,33.27,0.0,0.3,17.356663,33.27,7.934018,16.776764,0.85,0.20186917,0.42862186,0.0,0.0,0.0,
Turkey,TUR,2009,8.923344,0.687389,0.0,1.49537,35.9584,1.5,35.96,0.0,0.69,19.59123,35.96,8.40862,18.466595,1.5,0.34968176,0.77029735,0.0,0.0,0.0,
Turkey,TUR,2010,12.280028,1.001144,0.0024,2.91643,51.79546,2.92,51.8,0.0,1.0,26.400076,51.8,11.411336,24.542784,2.92,0.6425344,1.3834928,0.0,0.00052917586,0.0,
Turkey,TUR,2011,11.913782,1.037141,0.002861538,4.7239,52.33856,4.72,52.34,0.0,1.03,25.335835,52.34,10.7271385,22.827984,4.72,0.968195,2.058618,0.0,0.00058611203,0.0,
Turkey,TUR,2012,12.522766,1.491272,0.004257787,5.86075,57.86501,5.86,57.86,0.0,1.49,27.241205,57.86,11.09997,24.170774,5.86,1.1242399,2.4479907,0.0,0.0008161977,0.0,
Turkey,TUR,2013,13.313222,2.242158,0.006784615,7.55745,59.42051,7.56,59.42,0.0,2.24,28.857298,59.42,11.411603,24.771751,7.56,1.4513947,3.1517072,0.0,0.0013036135,0.0,
Turkey,TUR,2014,9.769227,3.446564,0.0174,8.52005,40.6447,8.52,40.64,0.02,3.44,20.912487,40.64,7.530734,16.15134,8.52,1.5786124,3.3860586,0.02,0.00322391,0.007948494,
Turkey,TUR,2015,14.063813,4.665543,0.19412,11.65247,67.14584,11.65,67.15,0.19,4.66,32.014236,67.15,11.275583,25.699413,11.65,1.9567616,4.4586473,0.19,0.03259794,0.07271614,
Turkey,TUR,2016,14.479534,7.1901,1.0431,15.5171,67.2309,15.52,67.23,1.04,6.4500003,32.97161,67.23,10.669019,24.56429,15.52,2.4624424,5.670649,1.04,0.16553183,0.37999195,
Turkey,TUR,2017,13.170472,9.0998,2.8893,17.9038,58.2185,17.9,58.22,2.89,8.23,29.43022,58.22,8.668245,19.640388,17.9,2.6657252,6.038525,2.89,0.43019247,0.9749351,
Turkey,TUR,2018,14.846624,11.0539,7.7998,19.9492,59.9385,19.95,59.94,7.8,10.08,32.176003,59.94,8.9715605,19.72619,19.95,2.9859848,6.565524,7.8,1.1674696,2.5669718,
Turkey,TUR,2019,19.254936,13.5759,9.2498,21.7307,88.8228,21.73,88.82,9.25,12.46,43.680435,88.82,12.763903,29.33386,21.73,3.1227176,7.176591,9.25,1.3292031,3.0549226,
Turkey,TUR,2020,19.15011,15.7643,10.9502,24.8282,78.0943,24.83,78.09,10.95,14.469999,42.02082,78.09,11.462695,25.568068,24.83,3.644287,8.129788,10.95,1.6072723,3.5852268,
Turkey,TUR,2021,16.517044,18.72745,12.833868,31.137426,55.695232,31.21,55.74,12.97,17.12,35.32963,55.74,7.6846533,16.825645,31.21,4.296244,9.421034,12.97,1.7707769,3.915117,
Turkmenistan,TKM,1985,0.006192074,,,,3,,3,,,,3,0.006192074,0.027304998,,,,,,,
Turkmenistan,TKM,1986,0.0049751503,,,,3,,3,,,,3,0.0049751503,0.024201356,,,,,,,
Turkmenistan,TKM,1987,0.0050011007,,,,3,,3,,,,3,0.0050011007,0.022612497,,,,,,,
Turkmenistan,TKM,1988,0.0049674627,,,,3,,3,,,,3,0.0049674627,0.023272052,,,,,,,
Turkmenistan,TKM,1989,0.0048344634,,,,3,,3,,,,3,0.0048344634,0.020678246,,,,,,,
Turkmenistan,TKM,1990,0.0058338353,0.0,0.0,0.0,3,0.0,3,0.0,0.0,0.020533882,3,0.0058338353,0.020533882,0.0,0.0,0.0,0.0,0.0,0.0,
Turkmenistan,TKM,1991,0.0056805327,0.0,0.0,0.0,3,0.0,3,0.0,0.0,0.020062193,3,0.0056805327,0.020062193,0.0,0.0,0.0,0.0,0.0,0.0,
Turkmenistan,TKM,1992,0.008334941,0.0,0.0,0.0,0.0042,0.0,0.0042,0.0,0.0,0.031859696,0.0042,0.008334941,0.031859696,0.0,0.0,0.0,0.0,0.0,0.0,
Turkmenistan,TKM,1993,0.012083901,0.0,0.0,0.0,5,0.0,5,0.0,0.0,0.03956698,5,0.012083901,0.03956698,0.0,0.0,0.0,0.0,0.0,0.0,
Turkmenistan,TKM,1994,0.009070907,0.0,0.0,0.0,4,0.0,4,0.0,0.0,0.038022812,4,0.009070907,0.038022812,0.0,0.0,0.0,0.0,0.0,0.0,
Turkmenistan,TKM,1995,0.011020049,0.0,0.0,0.0,4,0.0,4,0.0,0.0,0.040383648,4,0.011020049,0.040383648,0.0,0.0,0.0,0.0,0.0,0.0,
Turkmenistan,TKM,1996,0.00944812,0.0,0.0,0.0,5,0.0,5,0.0,0.0,0.04935834,5,0.00944812,0.04935834,0.0,0.0,0.0,0.0,0.0,0.0,
Turkmenistan,TKM,1997,0.012338526,0.0,0.0,0.0,5,0.0,5,0.0,0.0,0.052642662,5,0.012338526,0.052642662,0.0,0.0,0.0,0.0,0.0,0.0,
Turkmenistan,TKM,1998,0.011901928,0.0,0.0,0.0,6,0.0,6,0.0,0.0,0.06372133,6,0.011901928,0.06372133,0.0,0.0,0.0,0.0,0.0,0.0,
Turkmenistan,TKM,1999,0.0103807915,0.0,0.0,0.0,5,0.0,5,0.0,0.0,0.05643341,5,0.0103807915,0.05643341,0.0,0.0,0.0,0.0,0.0,0.0,
Turkmenistan,TKM,2000,0.007789437,0.0,0.0,0.0,0.003154,0.0,0.0,0.0,0.0,0.0,0.0,0.007789437,0.0,0.0,0.0,0.0,0.0,0.0,0.0,
Turkmenistan,TKM,2001,0.006134593,0.0,0.0,0.0,0.003154,0.0,0.0,0.0,0.0,0.0,0.0,0.006134593,0.0,0.0,0.0,0.0,0.0,0.0,0.0,
Turkmenistan,TKM,2002,0.0072076363,0.0,0.0,0.0,0.003154,0.0,0.0,0.0,0.0,0.0,0.0,0.0072076363,0.0,0.0,0.0,0.0,0.0,0.0,0.0,
Turkmenistan,TKM,2003,0.005189047,0.0,0.0,0.0,0.003154,0.0,0.0,0.0,0.0,0.0,0.0,0.005189047,0.0,0.0,0.0,0.0,0.0,0.0,0.0,
Turkmenistan,TKM,2004,0.0052081347,0.0,0.0,0.0,0.003154,0.0,0.0,0.0,0.0,0.0,0.0,0.0052081347,0.0,0.0,0.0,0.0,0.0,0.0,0.0,
Turkmenistan,TKM,2005,0.005111974,0.0,0.0,0.0,0.003154,0.0,0.0,0.0,0.0,0.0,0.0,0.005111974,0.0,0.0,0.0,0.0,0.0,0.0,0.0,
Turkmenistan,TKM,2006,0.0050275014,0.0,0.0,0.0,0.003154,0.0,0.0,0.0,0.0,0.0,0.0,0.0050275014,0.0,0.0,0.0,0.0,0.0,0.0,0.0,
Turkmenistan,TKM,2007,0.00514901,0.0,0.0,0.0,0.003154,0.0,0.0,0.0,0.0,0.0,0.0,0.00514901,0.0,0.0,0.0,0.0,0.0,0.0,0.0,
Turkmenistan,TKM,2008,0.0062377746,0.0,0.0,0.0,0.003154,0.0,0.0,0.0,0.0,0.0,0.0,0.0062377746,0.0,0.0,0.0,0.0,0.0,0.0,0.0,
Turkmenistan,TKM,2009,0.0038020334,0.0,0.0,0.0,0.003154,0.0,0.0,0.0,0.0,0.0,0.0,0.0038020334,0.0,0.0,0.0,0.0,0.0,0.0,0.0,
Turkmenistan,TKM,2010,0.0036830562,0.0,0.0001595,0.0,0.003154,0.0,0.0,0.0,0.0,0.0,0.0,0.0035060823,0.0,0.0,0.0,0.0,0.0,0.00017697368,0.0,
Turkmenistan,TKM,2011,0.003594085,0.0,0.00045675,0.0,0.003154,0.0,0.0,0.0,0.0,0.0,0.0,0.0031388074,0.0,0.0,0.0,0.0,0.0,0.00045527754,0.0,
Turkmenistan,TKM,2012,0.0037522675,0.0,0.000981432,0.0,0.003154,0.0,0.0,0.0,0.0,0.0,0.0,0.0028608853,0.0,0.0,0.0,0.0,0.0,0.00089138205,0.0,
Turkmenistan,TKM,2013,0.005074127,0.0,0.00184875,0.0,0.003154,0.0,0.0,0.0,0.0,0.0,0.0,0.003199807,0.0,0.0,0.0,0.0,0.0,0.0018743206,0.0,
Turkmenistan,TKM,2014,0.0061142617,0.0,0.0031175,0.0,0.003154,0.0,0.0,0.0,0.0,0.0,0.0,0.0030771124,0.0,0.0,0.0,0.0,0.0,0.0030371496,0.0,
Turkmenistan,TKM,2015,0.006777034,0.0,0.00522,0.0,0.003154,0.0,0.0,0.0,0.0,0.0,0.0,0.002553907,0.0,0.0,0.0,0.0,0.0,0.0042231274,0.0,
Turkmenistan,TKM,2016,0.00823534,0.0,0.006979068,0.0,0.003154,0.0,0.0,0.0,0.0,0.0,0.0,0.0025624805,0.0,0.0,0.0,0.0,0.0,0.0056728595,0.0,
Turkmenistan,TKM,2017,0.008254031,0.0,0.00696,0.0,0.003154,0.0,0.0,0.0,0.0,0.0,0.0,0.0025724638,0.0,0.0,0.0,0.0,0.0,0.0056815674,0.0,
Turkmenistan,TKM,2018,0.007368346,0.0,0.00696,0.0,0.003154,0.0,0.0,0.0,0.0,0.0,0.0,0.002295435,0.0,0.0,0.0,0.0,0.0,0.0050729117,0.0,
Turkmenistan,TKM,2019,0.006747688,0.0,0.00696,0.0,0.003154,0.0,0.0,0.0,0.0,0.0,0.0,0.002103815,0.0,0.0,0.0,0.0,0.0,0.004643873,0.0,
Turkmenistan,TKM,2020,0.0071611474,0.0,0.006979068,0.0,0.003162641,0.0,0.0,0.0,0.0,0.0,0.0,0.0022327248,0.0,0.0,0.0,0.0,0.0,0.004928422,0.0,
Turkmenistan,TKM,2021,0.007483229,0.0,0.00696,0.0,0.005782333,0.0,0.0,0.0,0.0,0.0,0.0,0.0033958037,0.0,0.0,0.0,0.0,0.0,0.004087426,0.0,
Ukraine,UKR,1985,1.1391944,,,,10.7126255,,10.7126255,,,,10.7126255,1.1391944,3.9384654,,,,,,,
Ukraine,UKR,1986,1.1281,,,,10.655173,,10.655173,,,,10.655173,1.1281,3.9072874,,,,,,,
Ukraine,UKR,1987,0.99460196,,,,9.594518,,9.594518,,,,9.594518,0.99460196,3.4083545,,,,,,,
Ukraine,UKR,1988,1.2357125,,,,11.93238,,11.93238,,,,11.93238,1.2357125,4.014932,,,,,,,
Ukraine,UKR,1989,1.0963215,,,,10.129265,,10.129265,,,,10.129265,1.0963215,3.430161,,,,,,,
Ukraine,UKR,1990,0.9731684,0.0,0.0,0.0,10514,0.0,10.51,0.0,0.0,3.5195231,10.51,0.9731684,3.5195231,0.0,0.0,0.0,0.0,0.0,0.0,
Ukraine,UKR,1991,1.1563052,0.0,0.0,0.0,11.71,0.0,11.71,0.0,0.0,4.205121,11.71,1.1563052,4.205121,0.0,0.0,0.0,0.0,0.0,0.0,
Ukraine,UKR,1992,0.92114043,0.0,0.0,0.0,7883,0.0,7.88,0.0,0.0,3.1230183,7.88,0.92114043,3.1230183,0.0,0.0,0.0,0.0,0.0,0.0,
Ukraine,UKR,1993,1.4715108,0.0,0.0,0.0,11039,0.0,11.04,0.0,0.0,4.80606,11.04,1.4715108,4.80606,0.0,0.0,0.0,0.0,0.0,0.0,
Ukraine,UKR,1994,1.8900633,0.0,0.0,0.0,12118,0.0,12.12,0.0,0.0,5.978395,12.12,1.8900633,5.978395,0.0,0.0,0.0,0.0,0.0,0.0,
Ukraine,UKR,1995,1.5910708,0.0,0.0,0.0,9953,0.0,9.95,0.0,0.0,5.133629,9.95,1.5910708,5.133629,0.0,0.0,0.0,0.0,0.0,0.0,
Ukraine,UKR,1996,1.4804907,0.0,0.0,0.0,8632,0.0,8.63,0.0,0.0,4.7210064,8.63,1.4804907,4.7210064,0.0,0.0,0.0,0.0,0.0,0.0,
Ukraine,UKR,1997,1.7526177,0.0,0.0,0.0,9856,0.0,9.86,0.0,0.0,5.5449324,9.86,1.7526177,5.5449324,0.0,0.0,0.0,0.0,0.0,0.0,
Ukraine,UKR,1998,2.9008694,0.0,0.0,3,15739,0.0,15.74,0.0,0.0,9.116711,15.74,2.9003172,9.116711,0.0,0.00055221317,0.0,0.0,0.0,0.0,
Ukraine,UKR,1999,2.6803248,0.0,0.0,3,14324,0.0,14.32,0.0,0.0,8.328486,14.32,2.679764,8.328486,0.0,0.0005606227,0.0,0.0,0.0,0.0,
Ukraine,UKR,2000,2.1038008,0.0,0.0,6,11274,0.01,11.27,0.0,0.0,6.586092,11.27,2.1026812,6.580253,0.01,0.0011195514,0.005838734,0.0,0.0,0.0,
Ukraine,UKR,2001,2.264666,0.0,0.0,16,12032,0.02,12.03,0.0,0.0,6.972976,12.03,2.2616587,6.961403,0.02,0.0030075319,0.011573404,0.0,0.0,0.0,
Ukraine,UKR,2002,1.8132339,0.0,0.0,22,9627,0.02,9.63,0.0,0.0,5.5597157,9.63,1.8090997,5.5481935,0.02,0.0041342312,0.011522728,0.0,0.0,0.0,
Ukraine,UKR,2003,1.6885973,0.0,0.0,31,9238,0.03,9.24,0.0,0.0,5.1442847,9.24,1.6829498,5.127636,0.03,0.0056474856,0.01664817,0.0,0.0,0.0,
Ukraine,UKR,2004,2.1416073,0.0,0.0,33,11753,0.03,11.75,0.0,0.0,6.471816,11.75,2.135611,6.4553347,0.03,0.005996351,0.016481705,0.0,0.0,0.0,
Ukraine,UKR,2005,2.2117321,0.0,0.0,38,12363,0.04,12.36,0.0,0.0,6.6698937,12.36,2.2049546,6.648378,0.04,0.006777342,0.021515787,0.0,0.0,0.0,
Ukraine,UKR,2006,2.263283,0.0,0.0,35,12886,0.03,12.89,0.0,0.0,6.6863327,12.89,2.2571523,6.670807,0.03,0.006130711,0.015525539,0.0,0.0,0.0,
Ukraine,UKR,2007,1.8360311,281,0.0,45,10143,0.05,10.14,0.0,0.28,5.3380237,10.14,1.772723,5.169777,0.05,0.007864795,0.025491996,0.0,0.0,0.0,
Ukraine,UKR,2008,2133,264,0.0,45,11512,0.05,11.51,0.0,0.26,6.137709,11.51,2.0709536,5.976737,0.05,0.0080952775,0.025963236,0.0,0.0,0.0,
Ukraine,UKR,2009,2.5476246,139,0.0,43,11936,0.04,11.94,0.0,0.14,6.980763,11.94,2.505251,6.877088,0.04,0.009025289,0.023038821,0.0,0.0,0.0,
Ukraine,UKR,2010,2.61006,188,0.0,0.05,13152,0.05,13.15,0.0,0.19,7.0914097,13.15,2.558276,6.9643044,0.05,0.009725801,0.026480244,0.0,0.0,0.0,
Ukraine,UKR,2011,2.0985289,134,0.0301,0.0895,10.94383,0.09,10.95,0.03,0.13,5.745063,10.95,2.0471513,5.616825,0.09,0.016741866,0.046165682,0.03,0.0056305053,0.015388561,
Ukraine,UKR,2012,2.138865,134,0.3333,0.2882,10.47863,0.29,10.48,0.33,0.13,5.6614237,10.48,1.9911253,5.2833233,0.29,0.054763112,0.14619882,0.33,0.063332915,0.1663642,
Ukraine,UKR,2013,3.0111837,101,0.57,0.6386,13.80481,0.64,13.8,0.57,0.1,7.8003197,13.8,2.7471335,7.124051,0.64,0.12708032,0.33039078,0.57,0.11342901,0.29425427,
Ukraine,UKR,2014,2.2846859,0.13,429,1.1302,8.47827,1.13,8.48,0.43,0.13,5.5885262,8.48,1.9007795,4.6598525,1.13,0.25338435,0.62094736,0.43,0.09617934,0.23628971,
Ukraine,UKR,2015,1.9133266,145,0.4765,1.0844,5.39632,1.08,5.4,0.48,0.14,4.392477,5.4,1.4482784,3.3407574,1.08,0.2910341,0.6681515,0.48,0.12788431,0.2969562,
Ukraine,UKR,2016,2.366657,136,0.4908,0.9538,7.6758,0.95,7.67,0.49,0.14,5.6797247,7.67,1.9569995,4.7095666,0.95,0.24317804,0.5833231,0.49,0.12513292,0.3008719,
Ukraine,UKR,2017,2.9754004,0.2099,0.7217,0.9834,8.94761,0.98,8.95,0.74,0.21,7.0457196,8.95,2.4414473,5.7958813,0.98,0.26833075,0.6346328,0.74,0.19692327,0.47921255,
Ukraine,UKR,2018,3.4212277,0.3005,1.1075,1.1884,10.4277,1.19,10.43,1.1,0.3,8.228528,10.43,2.7262018,6.5916705,1.19,0.31069344,0.75206983,1.1,0.28954306,0.69519055,
Ukraine,UKR,2019,3.2903612,0.4069,2.9328,2.0202,6.5083,2.02,6.51,2.93,0.41,7.7754483,6.51,1.7914127,4.264378,2.02,0.55606097,1.3232019,2.93,0.8072547,1.9192977,
Ukraine,UKR,2020,4.8960786,0.7554,5.3692,3.2643,7.563803,3.27,7.56,5.97,0.76,11.844058,7.56,2.1637127,5.09915,3.27,0.9337905,2.2055848,5.97,1.5359213,4.02671,
Ukraine,UKR,2021,6.1008415,0.77824664,6.326277,3.9034183,10.418119,4.46,10.67,5.97,0.76,14.038017,10.67,2.9429371,6.852042,4.46,1.1026477,2.864115,5.97,1.7870628,3.8338041,
United Arab Emirates,ARE,1965,0.0,0.0,0.0,0.0,0.0,0.0,0.0,0.0,0.0,,0.0,0.0,,0.0,0.0,,0.0,0.0,,
United Arab Emirates,ARE,1966,0.0,0.0,0.0,0.0,0.0,0.0,0.0,0.0,0.0,,0.0,0.0,,0.0,0.0,,0.0,0.0,,
United Arab Emirates,ARE,1967,0.0,0.0,0.0,0.0,0.0,0.0,0.0,0.0,0.0,,0.0,0.0,,0.0,0.0,,0.0,0.0,,
United Arab Emirates,ARE,1968,0.0,0.0,0.0,0.0,0.0,0.0,0.0,0.0,0.0,,0.0,0.0,,0.0,0.0,,0.0,0.0,,
United Arab Emirates,ARE,1969,0.0,0.0,0.0,0.0,0.0,0.0,0.0,0.0,0.0,,0.0,0.0,,0.0,0.0,,0.0,0.0,,
United Arab Emirates,ARE,1970,0.0,0.0,0.0,0.0,0.0,0.0,0.0,0.0,0.0,,0.0,0.0,,0.0,0.0,,0.0,0.0,,
United Arab Emirates,ARE,1971,0.0,0.0,0.0,0.0,0.0,0.0,0.0,0.0,0.0,,0.0,0.0,,0.0,0.0,,0.0,0.0,,
United Arab Emirates,ARE,1972,0.0,0.0,0.0,0.0,0.0,0.0,0.0,0.0,0.0,,0.0,0.0,,0.0,0.0,,0.0,0.0,,
United Arab Emirates,ARE,1973,0.0,0.0,0.0,0.0,0.0,0.0,0.0,0.0,0.0,,0.0,0.0,,0.0,0.0,,0.0,0.0,,
United Arab Emirates,ARE,1974,0.0,0.0,0.0,0.0,0.0,0.0,0.0,0.0,0.0,,0.0,0.0,,0.0,0.0,,0.0,0.0,,
United Arab Emirates,ARE,1975,0.0,0.0,0.0,0.0,0.0,0.0,0.0,0.0,0.0,,0.0,0.0,,0.0,0.0,,0.0,0.0,,
United Arab Emirates,ARE,1976,0.0,0.0,0.0,0.0,0.0,0.0,0.0,0.0,0.0,,0.0,0.0,,0.0,0.0,,0.0,0.0,,
United Arab Emirates,ARE,1977,0.0,0.0,0.0,0.0,0.0,0.0,0.0,0.0,0.0,,0.0,0.0,,0.0,0.0,,0.0,0.0,,
United Arab Emirates,ARE,1978,0.0,0.0,0.0,0.0,0.0,0.0,0.0,0.0,0.0,,0.0,0.0,,0.0,0.0,,0.0,0.0,,
United Arab Emirates,ARE,1979,0.0,0.0,0.0,0.0,0.0,0.0,0.0,0.0,0.0,,0.0,0.0,,0.0,0.0,,0.0,0.0,,
United Arab Emirates,ARE,1980,0.0,0.0,0.0,0.0,0.0,0.0,0.0,0.0,0.0,,0.0,0.0,,0.0,0.0,,0.0,0.0,,
United Arab Emirates,ARE,1981,0.0,0.0,0.0,0.0,0.0,0.0,0.0,0.0,0.0,,0.0,0.0,,0.0,0.0,,0.0,0.0,,
United Arab Emirates,ARE,1982,0.0,0.0,0.0,0.0,0.0,0.0,0.0,0.0,0.0,,0.0,0.0,,0.0,0.0,,0.0,0.0,,
United Arab Emirates,ARE,1983,0.0,0.0,0.0,0.0,0.0,0.0,0.0,0.0,0.0,,0.0,0.0,,0.0,0.0,,0.0,0.0,,
United Arab Emirates,ARE,1984,0.0,0.0,0.0,0.0,0.0,0.0,0.0,0.0,0.0,,0.0,0.0,,0.0,0.0,,0.0,0.0,,
United Arab Emirates,ARE,1985,0.0,0.0,0.0,0.0,0.0,0.0,0.0,0.0,0.0,0.0,0.0,0.0,0.0,0.0,0.0,0.0,0.0,0.0,0.0,
United Arab Emirates,ARE,1986,0.0,0.0,0.0,0.0,0.0,0.0,0.0,0.0,0.0,0.0,0.0,0.0,0.0,0.0,0.0,0.0,0.0,0.0,0.0,
United Arab Emirates,ARE,1987,0.0,0.0,0.0,0.0,0.0,0.0,0.0,0.0,0.0,0.0,0.0,0.0,0.0,0.0,0.0,0.0,0.0,0.0,0.0,
United Arab Emirates,ARE,1988,0.0,0.0,0.0,0.0,0.0,0.0,0.0,0.0,0.0,0.0,0.0,0.0,0.0,0.0,0.0,0.0,0.0,0.0,0.0,
United Arab Emirates,ARE,1989,0.0,0.0,0.0,0.0,0.0,0.0,0.0,0.0,0.0,0.0,0.0,0.0,0.0,0.0,0.0,0.0,0.0,0.0,0.0,
United Arab Emirates,ARE,1990,0.0,0.0,0.0,0.0,0.0,0.0,0.0,0.0,0.0,0.0,0.0,0.0,0.0,0.0,0.0,0.0,0.0,0.0,0.0,
United Arab Emirates,ARE,1991,0.0,0.0,0.0,0.0,0.0,0.0,0.0,0.0,0.0,0.0,0.0,0.0,0.0,0.0,0.0,0.0,0.0,0.0,0.0,
United Arab Emirates,ARE,1992,0.0,0.0,0.0,0.0,0.0,0.0,0.0,0.0,0.0,0.0,0.0,0.0,0.0,0.0,0.0,0.0,0.0,0.0,0.0,
United Arab Emirates,ARE,1993,0.0,0.0,0.0,0.0,0.0,0.0,0.0,0.0,0.0,0.0,0.0,0.0,0.0,0.0,0.0,0.0,0.0,0.0,0.0,
United Arab Emirates,ARE,1994,0.0,0.0,0.0,0.0,0.0,0.0,0.0,0.0,0.0,0.0,0.0,0.0,0.0,0.0,0.0,0.0,0.0,0.0,0.0,
United Arab Emirates,ARE,1995,0.0,0.0,0.0,0.0,0.0,0.0,0.0,0.0,0.0,0.0,0.0,0.0,0.0,0.0,0.0,0.0,0.0,0.0,0.0,
United Arab Emirates,ARE,1996,0.0,0.0,0.0,0.0,0.0,0.0,0.0,0.0,0.0,0.0,0.0,0.0,0.0,0.0,0.0,0.0,0.0,0.0,0.0,
United Arab Emirates,ARE,1997,0.0,0.0,0.0,0.0,0.0,0.0,0.0,0.0,0.0,0.0,0.0,0.0,0.0,0.0,0.0,0.0,0.0,0.0,0.0,
United Arab Emirates,ARE,1998,0.0,0.0,0.0,0.0,0.0,0.0,0.0,0.0,0.0,0.0,0.0,0.0,0.0,0.0,0.0,0.0,0.0,0.0,0.0,
United Arab Emirates,ARE,1999,0.0,0.0,0.0,0.0,0.0,0.0,0.0,0.0,0.0,0.0,0.0,0.0,0.0,0.0,0.0,0.0,0.0,0.0,0.0,
United Arab Emirates,ARE,2000,0.0,0.0,0.0,0.0,0.0,0.0,0.0,0.0,0.0,0.0,0.0,0.0,0.0,0.0,0.0,0.0,0.0,0.0,0.0,
United Arab Emirates,ARE,2001,0.0,0.0,0.0,0.0,0.0,0.0,0.0,0.0,0.0,0.0,0.0,0.0,0.0,0.0,0.0,0.0,0.0,0.0,0.0,
United Arab Emirates,ARE,2002,0.0,0.0,0.0,0.0,0.0,0.0,0.0,0.0,0.0,0.0,0.0,0.0,0.0,0.0,0.0,0.0,0.0,0.0,0.0,
United Arab Emirates,ARE,2003,0.0,0.0,0.0,0.0,0.0,0.0,0.0,0.0,0.0,0.0,0.0,0.0,0.0,0.0,0.0,0.0,0.0,0.0,0.0,
United Arab Emirates,ARE,2004,0.0,0.0,0.0,0.0,0.0,0.0,0.0,0.0,0.0,0.0,0.0,0.0,0.0,0.0,0.0,0.0,0.0,0.0,0.0,
United Arab Emirates,ARE,2005,0.0,0.0,0.0,0.0,0.0,0.0,0.0,0.0,0.0,0.0,0.0,0.0,0.0,0.0,0.0,0.0,0.0,0.0,0.0,
United Arab Emirates,ARE,2006,0.0,0.0,0.0,0.0,0.0,0.0,0.0,0.0,0.0,0.0,0.0,0.0,0.0,0.0,0.0,0.0,0.0,0.0,0.0,
United Arab Emirates,ARE,2007,0.0,0.0,0.0,0.0,0.0,0.0,0.0,0.0,0.0,0.0,0.0,0.0,0.0,0.0,0.0,0.0,0.0,0.0,0.0,
United Arab Emirates,ARE,2008,0.0,0.0,0.0,0.0,0.0,0.0,0.0,0.0,0.0,0.0,0.0,0.0,0.0,0.0,0.0,0.0,0.0,0.0,0.0,
United Arab Emirates,ARE,2009,0.0019177264,0.0,0.006354,0.0,0.0,0.0,0.0,0.01,0.0,0.012061271,0.0,0.0,0.0,0.0,0.0,0.0,0.01,0.0019177264,0.012061271,
United Arab Emirates,ARE,2010,0.005258371,0.0,0.018424,0.0,0.0,0.0,0.0,0.02,0.0,0.022642363,0.0,0.0,0.0,0.0,0.0,0.0,0.02,0.005258371,0.022642363,
United Arab Emirates,ARE,2011,0.005592252,0.0,0.020696,0.0,0.0,0.0,0.0,0.03,0.0,0.032181934,0.0,0.0,0.0,0.0,0.0,0.0,0.03,0.005592252,0.032181934,
United Arab Emirates,ARE,2012,0.006188438,0.0,0.024242,0.0,0.0,0.0,0.0,0.02,0.0,0.020030046,0.0,0.0,0.0,0.0,0.0,0.0,0.02,0.006188438,0.020030046,
United Arab Emirates,ARE,2013,0.020930015,0.0001,0.085423,0.001489,0.0,0.0,0.0,0.08,0.0,0.077361956,0.0,0.0,0.0,0.0,0.00035787103,0.0,0.08,0.020543955,0.077361956,
United Arab Emirates,ARE,2014,0.07691704,6,0.308431,0.002978,0.0,0.0,0.0,0.3,0.01,0.28292415,0.0,0.0,0.0,0.0,0.00071814476,0.0,0.3,0.074490204,0.2737976,
United Arab Emirates,ARE,2015,0.06952883,6,0.309215,0.001489,0.0,0.0,0.0,0.3,0.01,0.25885102,0.0,0.0,0.0,0.0,0.0003249488,0.0,0.3,0.06764683,0.250501,
United Arab Emirates,ARE,2016,0.06702232,6,0.314378,0.0,0.0,0.0,0.0,0.31,0.01,0.26261798,0.0,0.0,0.0,0.0,0.0,0.0,0.31,0.06552994,0.25441116,
United Arab Emirates,ARE,2017,0.15412748,6,0.739189,0.0,0.0,0.0,0.0,0.74,0.01,0.592698,0.0,0.0,0.0,0.0,0.0,0.0,0.74,0.15264028,0.5847953,
United Arab Emirates,ARE,2018,0.2737676,6,1.30868,0.0,0.0,0.0,0.0,1.31,0.01,1.0318142,0.0,0.0,0.0,0.0,0.0,0.0,1.31,0.2722605,1.0239975,
United Arab Emirates,ARE,2019,0.79182535,6,3.787649,0.0,0.0,0.0,0.0,3.79,0.01,2.930968,0.0,0.0,0.0,0.0,0.0,0.0,3.79,0.79030824,2.923255,
United Arab Emirates,ARE,2020,1.0150354,0.006016438,4.5654154,0.0,0.0,0.0,0.0,5.49,0.01,4.346108,0.0,0.0,0.0,0.0,0.0,0.0,5.49,1.013413,4.3382063,
United Arab Emirates,ARE,2021,,6,5.144477,0.0,,0.0,0.0,6.69,0.01,4.93991,0.0,,0.0,0.0,0.0,0.0,6.69,1.0701531,4.932537,
United Kingdom,GBR,1965,0.58878726,0.0,0.0,0.0,4612,0.0,4612,0.0,0.0,,4612,0.58878726,,0.0,0.0,,0.0,0.0,,
United Kingdom,GBR,1966,0.57627946,0.0,0.0,0.0,4536,0.0,4536,0.0,0.0,,4536,0.57627946,,0.0,0.0,,0.0,0.0,,
United Kingdom,GBR,1967,0.620428,0.0,0.0,0.0,4885,0.0,4885,0.0,0.0,,4885,0.620428,,0.0,0.0,,0.0,0.0,,
United Kingdom,GBR,1968,0.4564072,0.0,0.0,0.0,3722,0.0,3722,0.0,0.0,,3722,0.4564072,,0.0,0.0,,0.0,0.0,,
United Kingdom,GBR,1969,0.38531396,0.0,0.0,0.0,3256,0.0,3256,0.0,0.0,,3256,0.38531396,,0.0,0.0,,0.0,0.0,,
United Kingdom,GBR,1970,0.52578115,0.0,0.0,0.0,4536,0.0,4536,0.0,0.0,,4536,0.52578115,,0.0,0.0,,0.0,0.0,,
United Kingdom,GBR,1971,0.39834356,0.0,0.0,0.0,3373,0.0,3373,0.0,0.0,,3373,0.39834356,,0.0,0.0,,0.0,0.0,,
United Kingdom,GBR,1972,0.39256626,0.0,0.0,0.0,3373,0.0,3373,0.0,0.0,,3373,0.39256626,,0.0,0.0,,0.0,0.0,,
United Kingdom,GBR,1973,0.4255182,0.0,0.0,0.0,3838,0.0,3838,0.0,0.0,,3838,0.4255182,,0.0,0.0,,0.0,0.0,,
United Kingdom,GBR,1974,0.4752093,0.0,0.0,0.0,4071,0.0,4071,0.0,0.0,,4071,0.4752093,,0.0,0.0,,0.0,0.0,,
United Kingdom,GBR,1975,0.47519854,0.0,0.0,0.0,3838,0.0,3838,0.0,0.0,,3838,0.47519854,,0.0,0.0,,0.0,0.0,,
United Kingdom,GBR,1976,0.5503049,0.0,0.0,0.0,4536,0.0,4536,0.0,0.0,,4536,0.5503049,,0.0,0.0,,0.0,0.0,,
United Kingdom,GBR,1977,0.47088912,0.0,0.0,0.0,3954,0.0,3954,0.0,0.0,,3954,0.47088912,,0.0,0.0,,0.0,0.0,,
United Kingdom,GBR,1978,0.4820574,0.0,0.0,0.0,4071,0.0,4071,0.0,0.0,,4071,0.4820574,,0.0,0.0,,0.0,0.0,,
United Kingdom,GBR,1979,0.48675346,0.0,0.0,0.0,4303,0.0,4303,0.0,0.0,,4303,0.48675346,,0.0,0.0,,0.0,0.0,,
United Kingdom,GBR,1980,0.49102557,0.0,0.0,0.0,3954,0.0,3954,0.0,0.0,,3954,0.49102557,,0.0,0.0,,0.0,0.0,,
United Kingdom,GBR,1981,0.5643997,0.0,0.0,0.0,4419,0.0,4419,0.0,0.0,,4419,0.5643997,,0.0,0.0,,0.0,0.0,,
United Kingdom,GBR,1982,0.58695453,0.0,0.0,0.0,4536,0.0,4536,0.0,0.0,,4536,0.58695453,,0.0,0.0,,0.0,0.0,,
United Kingdom,GBR,1983,0.58459073,0.0,0.0,0.0,4536,0.0,4536,0.0,0.0,,4536,0.58459073,,0.0,0.0,,0.0,0.0,,
United Kingdom,GBR,1984,0.5849746,0.0,0.001010101,0.0,4536,0.0,4536,0.001010101,0.0,,4536,0.5848438,,0.0,0.0,,0.001010101,0.00013080922,,
United Kingdom,GBR,1985,0.4892039,0.0,0.001010101,0.0,3.9542,0.0,3.9542,0.001010101,0.0,1.3268555,3.9542,0.4890784,1.3265166,0.0,0.0,0.0,0.001010101,0.00012548488,0.0003388589,
United Kingdom,GBR,1986,0.57397205,0.0,0.001010101,0.0,4.7683,0.0,4.7683,0.001010101,0.0,1.5841147,4.7683,0.57385,1.5837792,0.0,0.0,0.0,0.001010101,0.00012209736,0.00033550258,
United Kingdom,GBR,1987,0.5047145,0.0,0.0,0.0,4.1868,0.0,4.1868,0.0,0.0,1.3858436,4.1868,0.5047145,1.3858436,0.0,0.0,0.0,0.0,0.0,0.0,
United Kingdom,GBR,1988,0.58119583,0.0,0.001010101,0.0,4.8846,0.0,4.8846,0.001010101,0.0,1.5819994,4.8846,0.58107513,1.5816724,0.0,0.0,0.0,0.001010101,0.00012069097,0.00032707877,
United Kingdom,GBR,1989,0.5676243,0.0,0.0,9,4.7683,9,4.7683,0.0,0.0,1.5186038,4.7683,0.566555,1.515743,9,0.0010692809,0.002860912,0.0,0.0,0.0,
United Kingdom,GBR,1990,0.6801178,0.5958,0.0,9,5.1172,0.01,5.21,0.0,0.6,1.831571,5.21,0.6032349,1.6396022,0.01,0.0010608826,0.003147029,0.0,0.0,0.0,0.0
United Kingdom,GBR,1991,0.6104342,0.6879,0.0,9,4.5357,0.01,4.62,0.0,0.69,1.6555673,4.62,0.523658,1.4377295,0.01,0.0010390027,0.0031119687,0.0,0.0,0.0,0.0
United Kingdom,GBR,1992,0.74249935,0.9342,0.0,33,5.3498,0.04,5.43,0.0,0.93,2.0041335,5.43,0.6215036,1.7003821,0.04,0.0038337132,0.012525835,0.0,0.0,0.0,0.0
United Kingdom,GBR,1993,0.6676498,1198,0.0,217,4.3031,0.22,4.3,0.0,1.2,1.7782198,4.3,0.49419725,1.3367738,0.22,0.024921753,0.068393074,0.0,0.0,0.0,0.0
United Kingdom,GBR,1994,0.8253748,1.5185,0.0,344,5.1172,0.34,5.09,0.0,1.52,2.13833,5.09,0.59483325,1.5660576,0.34,0.03998722,0.10460895,0.0,0.0,0.0,0.0
United Kingdom,GBR,1995,0.7896188,1.6416,0.0,392,4652,0.39,4.84,0.0,1.64,2.0662897,4.84,0.5389097,1.4557266,0.39,0.045411132,0.11730029,0.0,0.0,0.0,0.0
United Kingdom,GBR,1996,0.6443789,1.8046,0.0,488,3.39596,0.49,3.39,0.0,1.8,1.6260163,3.39,0.3752134,0.97045684,0.49,0.053918228,0.14027253,0.0,0.0,0.0,0.0
United Kingdom,GBR,1997,0.825345,2.1098,0.0,667,4.39614,0.67,4.17,0.0,2.11,1.9903204,4.17,0.49427167,1.1941923,0.67,0.07499289,0.19187261,0.0,0.0,0.0,0.0
United Kingdom,GBR,1998,0.9855972,2.6542,0.0,877,5.1176143,0.88,5.12,0.0,2.65,2.395591,5.12,0.56929326,1.4179684,0.88,0.09755916,0.24371332,0.0,0.0,0.0,0.0
United Kingdom,GBR,1999,1.1055505,3.4291,1,0.85,5.335597,0.85,5.34,0.0,3.43,2.6338127,5.34,0.5965308,1.4620123,0.85,0.09503175,0.23271732,0.0,0.00011132775,0.0,0.0
United Kingdom,GBR,2000,1.1345575,3.8818,1,946,5.0857453,0.95,5.09,0.0,3.94,2.6657405,5.09,0.5644028,1.3595811,0.95,0.104984626,0.25375286,0.0,0.00011050658,0.0,0.0
United Kingdom,GBR,2001,1.0856745,4526,2,965,4.054648,0.97,4.06,0.0,4.53,2.5001962,4.06,0.44287732,1.0617988,0.97,0.10540413,0.253681,0.0,0.00021894909,0.0,0.0
United Kingdom,GBR,2002,1.2876195,5.0801,3,1259,4.7874846,1.26,4.79,0.0,5.08,2.8939157,4.79,0.5308894,1.2454498,1.26,0.1396119,0.3276131,0.0,0.0003324262,0.0,0.031836398
United Kingdom,GBR,2003,1.2342336,6.1737,3,1288,3.2277005,1.29,3.23,0.0,6.1,2.6854804,3.23,0.35007516,0.8167704,1.29,0.13969599,0.3262024,0.0,0.00032515716,0.0,0.106121324
United Kingdom,GBR,2004,1.6083946,7.3639,4,1939,4.8444605,1.94,4.84,0.0,7.36,3.613688,4.84,0.5192947,1.2369342,1.94,0.20784819,0.49579594,0.0,0.00042881753,0.0,0.10641207
United Kingdom,GBR,2005,1.924693,9.1023,8,2912,4.9229,2.9,4.92,0.01,9.1,4.281523,4.92,0.5185202,1.2442466,2.9,0.3067157,0.73339736,0.01,0.0008429698,0.0025289564,0.09173744
United Kingdom,GBR,2006,2.1163092,9.2769,11,4236,4.5934067,4.23,4.59,0.01,9.28,4.602989,4.59,0.4867085,1.1666328,4.23,0.44883835,1.0751321,0.01,0.0011655383,0.0025416836,2.6513376
United Kingdom,GBR,2007,2.42211,9.324501,14,5.2738175,5.0773044,5.27,5.08,0.01,9.33,5.010433,5.08,0.5510829,1.2926866,5.27,0.57241213,1.3410351,0.01,0.0015195376,0.0025446587,4.5208836
United Kingdom,GBR,2008,2.912039,9.649278,17,7.097248,5.141186,7.12,5.14,0.02,9.57,5.6776843,5.14,0.5648483,1.33562,7.12,0.77975553,1.8501196,0.02,0.0018677493,0.005196965,3.3232377
United Kingdom,GBR,2009,3.545405,10.714948,0.020000206,9.280972,5.2278924,9.28,5.23,0.02,10.72,6.767986,5.23,0.6002735,1.4018441,9.28,1.0656533,2.4874022,0.02,0.002296446,0.0053607807,2.5000198
United Kingdom,GBR,2010,3.6591299,12.262968,0.0402771,10.285645,3.5913758,10.29,3.59,0.04,12.26,6.909292,3.59,0.40042332,0.9474545,10.29,1.1468062,2.7156844,0.04,0.0044907257,0.010556596,3.268623
United Kingdom,GBR,2011,4.891127,13.313794,0.24366343,15.962969,5.69175,15.96,5.69,0.24,13.31,9.642251,5.69,0.6664339,1.5586479,15.96,1.869067,4.371884,0.24,0.02852999,0.06574262,2.0225036
United Kingdom,GBR,2012,5.453807,14.737997,1.3537636,19.84712,5.309068,19.85,5.31,1.35,14.73,11.427304,5.31,0.61023426,1.4713624,19.85,2.2812653,5.500291,1.35,0.15560412,0.37407517,3.48272
United Kingdom,GBR,2013,6.9547257,18.10489,2.010262,28.397152,4.701509,28.4,4.7,2.01,18.1,14.972705,4.7,0.5390164,1.3225279,28.4,3.2556639,7.9914455,2.01,0.23047161,0.56559175,5.859822
United Kingdom,GBR,2014,8.877189,22.621246,4.0540624,31.959244,5.887849,31.96,5.89,4.05,22.62,19.247635,5.89,0.71061444,1.7571075,31.96,3.8572152,9.534322,4.05,0.48929164,1.208198,4.529478
United Kingdom,GBR,2015,10.976621,29.258976,7.532864,40.27472,6.2972684,40.27,6.3,7.53,28.47,24.62277,6.3,0.74481434,1.8786904,40.27,4.763524,12.008708,7.53,0.8909553,2.2454822,3.5043516
United Kingdom,GBR,2016,11.037631,30.065535,10.407928,37.159424,5.3705845,37.16,5.37,10.4,30.06,24.678839,5.37,0.63819724,1.5968835,37.16,4.415728,11.050315,10.4,1.2367948,3.092661,6.3051696
United Kingdom,GBR,2017,12.948246,31.898373,11.475454,49.64112,5.8818703,49.64,5.88,11.46,31.87,29.498657,5.88,0.6966149,1.7547001,49.64,5.879209,14.813488,11.46,1.3590866,3.4198747,8.639752
United Kingdom,GBR,2018,14.526468,34.97612,12.6684,56.90761,5.4432516,56.91,5.44,12.74,34.94,33.29198,5.44,0.6435993,1.645991,56.91,6.7286425,17.219364,12.74,1.4978864,3.8547654,7.972656
United Kingdom,GBR,2019,16.24154,37.31942,12.58009,63.79516,5.8463,64.33,5.93,12.92,37.3,37.456863,5.93,0.70517886,1.8436189,64.33,7.694952,20.0,12.92,1.5174066,4.0167885,6.818681
United Kingdom,GBR,2020,20.078987,39.32228,13.15799,75.36914,6.7539,73.64,6.68,13.32,38.1,42.8604,6.68,0.90444535,2.1732764,73.64,10.093023,23.958096,13.32,1.7620461,4.3335395,6.4753766
United Kingdom,GBR,2021,17.946543,40007,12.38441,64.45951,5.0149,65.02,5.59,12.47,39.12,39.783825,5.59,0.6580011,1.8198984,65.02,8.457683,21.16812,12.47,1.6249489,4.0597734,6.313379
United States,USA,1965,4.36887,13.332232,0.0,0.0,198.97409,0.0,198.97409,0.0,13.332232,,198.97409,4.074629,,0.0,0.0,,0.0,0.0,,
United States,USA,1966,4.171402,14.062007,0.0,0.0,199.9369,0.0,199.9369,0.0,14.062007,,199.9369,3.8774655,,0.0,0.0,,0.0,0.0,,
United States,USA,1967,4.542216,14.073571,0.0,0.0,227.22081,0.0,227.22081,0.0,14.073571,,227.22081,4.258249,,0.0,0.0,,0.0,0.0,,
United States,USA,1968,4.3309736,15.546045,0.0,0.0,228.15471,0.0,228.15471,0.0,15.546045,,228.15471,4.0351424,,0.0,0.0,,0.0,0.0,,
United States,USA,1969,4.5988784,16.22706,0.0,0.0,256.02853,0.0,256.02853,0.0,16.22706,,256.02853,4.3056097,,0.0,0.0,,0.0,0.0,,
United States,USA,1970,4.400803,16.235903,0.0,0.0,253.49237,0.0,253.49237,0.0,16.235903,,253.49237,4.1172185,,0.0,0.0,,0.0,0.0,,
United States,USA,1971,4.614475,16.584414,0.0,0.0,272254,0.0,272254,0.0,16.584414,,272254,4.3307962,,0.0,0.0,,0.0,0.0,,
United States,USA,1972,4.526047,18.67298,0.0,0.0,278.71597,0.0,278.71597,0.0,18.67298,,278.71597,4.2234125,,0.0,0.0,,0.0,0.0,,
United States,USA,1973,4.3547597,19.989693,0.0,0.0,278.2127,0.0,278.2127,0.0,19.989693,,278.2127,4.0446424,,0.0,0.0,,0.0,0.0,,
United States,USA,1974,4.902865,20.404264,0.0,0.0,307.28464,0.0,307.28464,0.0,20.404264,,307.28464,4.5792236,,0.0,0.0,,0.0,0.0,,
United States,USA,1975,5.006975,19.754301,0.0,0.0,306.2148,0.0,306.2148,0.0,19.754301,,306.2148,4.6868434,,0.0,0.0,,0.0,0.0,,
United States,USA,1976,4.5527077,22.564754,0.0,0.0,289.82245,0.0,289.82245,0.0,22.564754,,289.82245,4.2058325,,0.0,0.0,,0.0,0.0,,
United States,USA,1977,3.549314,23.536121,0.0,0.0,225.85725,0.0,225.85725,0.0,23.536121,,225.85725,3.196156,,0.0,0.0,,0.0,0.0,,
United States,USA,1978,4.3275704,24.678787,0.0,0.0,286.32852,0.0,286.32852,0.0,24.678787,,286.32852,3.963944,,0.0,0.0,,0.0,0.0,,
United States,USA,1979,4.2914057,25.756037,0.0,0.0,285.93533,0.0,285.93533,0.0,25.756037,,285.93533,3.9172165,,0.0,0.0,,0.0,0.0,,
United States,USA,1980,4.419221,26.656116,0.0,0.0,282.0021,0.0,282.0021,0.0,26.656116,,282.0021,4.0183063,,0.0,0.0,,0.0,0.0,,
United States,USA,1981,4.3367486,27.377604,0.0,0.0,266.50977,0.0,266.50977,0.0,27.377604,,266.50977,3.9133127,,0.0,0.0,,0.0,0.0,,
United States,USA,1982,5.2567115,26.405048,0.0,0.0,315.5293,0.0,315.5293,0.0,26.405048,,315.5293,4.8297443,,0.0,0.0,,0.0,0.0,,
United States,USA,1983,5.6848154,29.8046,3,0.002694949,338.67764,0.002694949,338.67764,3,29.8046,,338.67764,5.202278,,0.002694949,4.1413e-05,,3,4.6030476e-05,,
United States,USA,1984,5.3343606,35.595325,0.00530101,0.006555556,327.58725,0.006555556,327.58725,0.00530101,35.595325,,327.58725,4.7869487,,0.006555556,9.581531e-05,,0.00530101,7.742097e-05,,
United States,USA,1985,4.765776,36.392895,0.010737374,0.005820202,287.18237,0.005820202,287.18237,0.010737374,36.392895,12.178154,287.18237,4.2072177,10.80791,0.005820202,8.532507e-05,0.00021903927,0.010737374,0.00015730227,0.00040409362,
United States,USA,1986,4.898404,38.70167,0.014173737,0.004231313,296.97498,0.004231313,296.97498,0.014173737,38.70167,12.544127,296.97498,4.3105893,11.097251,0.004231313,6.135883e-05,0.00015811413,0.014173737,0.00020573207,0.00052963896,
United States,USA,1987,4.2147536,42.665432,0.01060303,0.003576768,255.4102,0.003576768,255.4102,0.01060303,42.665432,10.752804,255.4102,3.5868316,9.213249,0.003576768,5.026266e-05,0.00012902248,0.01060303,0.0001489028,0.00038247634,
United States,USA,1988,3.6649997,42.394062,0.009185859,0.000879798,228.38464,0.000879798,228.38464,0.009185859,42.394062,9.291262,228.38464,3.0676105,7.8362975,0.000879798,1.1822808e-05,3.018749e-05,0.009185859,0.00012340135,0.00031518372,
United States,USA,1989,4.3015428,48.854267,0.2531323,2.1333768,274.72418,2.1333768,274.72418,0.2531323,48.854267,10.330222,274.72418,3.6027658,8.70634,2.1333768,0.02797736,0.06760928,0.2531323,0.0033196073,0.008022067,
United States,USA,1990,4.7246766,57.459316,0.37079495,2.8167677,292.2809,2.8167677,292.2809,0.37079495,57.459316,10.917163,292.2809,3.8230917,9.041164,2.8167677,0.036843874,0.08713145,0.37079495,0.0048500705,0.011469849,16.732742
United States,USA,1991,4.7242856,60.55176,0.4782529,2.9807587,287.32602,2.9807587,287.32602,0.4782529,60.55176,10.741865,287.32602,3.7633247,8.784782,2.9807587,0.039041236,0.09113451,0.4782529,0.006264038,0.014622231,19.388733
United States,USA,1992,4.261231,64.815414,0.40884447,2.9166899,251.42567,2.9166899,251.42567,0.40884447,64.815414,9.729862,251.42567,3.2452393,7.655172,2.9166899,0.037646737,0.08880461,0.40884447,0.0052770986,0.01244811,22.044724
United States,USA,1993,4.5714097,66.92472,0.47516188,3.0361888,279.25095,3.0361888,279.25095,0.47516188,66.92472,10.2707815,279.25095,3.530317,8.201978,3.0361888,0.03838379,0.08917698,0.47516188,0.0060070422,0.013956148,25.833727
United States,USA,1994,4.2548165,66.35486,0.5018728,3.4819283,259.3413,3.4819283,259.3413,0.5018728,66.35486,9.532383,259.3413,3.2193832,7.4986076,3.4819283,0.04322358,0.100676656,0.5018728,0.006230094,0.014511175,28.846283
United States,USA,1995,4.762141,63.26508,0.5144716,3.1962152,311.21982,3.1962152,311.21982,0.5144716,63.26508,10.601639,311.21982,3.7807684,8.724164,3.1962152,0.038828343,0.089596815,0.5144716,0.0062499167,0.01442175,30.384048
United States,USA,1996,5.0185714,64.82596,0.54134125,3.2667363,347.54947,3.2667363,347.54947,0.54134125,64.82596,11.360623,347.54947,4.084431,9.487109,3.2667363,0.038390968,0.08917259,0.54134125,0.0063618887,0.014777073,21.78628
United States,USA,1997,5.115221,65.82008,0.5326957,3.3212476,355.9731,3.3212476,355.9731,0.5326957,65.82008,11.45328,355.9731,4.152261,9.578498,3.3212476,0.038740803,0.089367874,0.5326957,0.0062136473,0.014333735,28.832184
United States,USA,1998,4.695757,65.61713,0.52465934,3.0562587,322.08926,3.0562587,322.08926,0.52465934,65.61713,10.147997,322.08926,3.7331295,8.353353,3.0562587,0.035423122,0.079263754,0.52465934,0.006080988,0.013606987,31.444319
United States,USA,1999,4.5834517,66.47772,0.5183421,4.5333314,316.6052,4.5333314,316.6052,0.5183421,66.47772,9.860898,316.6052,3.6056008,8.043632,4.5333314,0.05162703,0.11517324,0.5183421,0.005903045,0.013168934,32.786575
United States,USA,2000,4.027357,66.582825,0.51851267,5.649759,272.76135,5.59,270.03,0.49,74.82,9.229899,270.03,3.0383854,7.1021276,5.59,0.06293467,0.147024,0.49,0.0057758964,0.012887615,36.307648
United States,USA,2001,3.421371,66.83044,0.5743511,6.8053846,210.24,6.74,208.14,0.54,64.64,7.5132055,208.14,2.3835363,5.5837984,6.74,0.07715412,0.18081485,0.54,0.006511542,0.01448665,39.801285
United States,USA,2002,4.0155067,71.78936,0.6015976,10.458869,258.16757,10.35,255.59,0.55,69.85,8.749216,255.59,2.8654375,6.648666,10.35,0.11608443,0.2692347,0.55,0.0066772145,0.014307156,48.259228
United States,USA,2003,4.1800404,71.33214,0.6106543,11.30047,269.97098,11.19,267.27,0.53,70.19,9.025211,267.27,2.967953,6.9080935,11.19,0.12423286,0.2892265,0.53,0.00671329,0.013698841,63.254505
United States,USA,2004,4.1015115,71.94537,0.69813246,14.286607,262.55466,14.14,259.93,0.58,70.490005,8.73341,259.93,2.8128626,6.5772595,14.14,0.15305866,0.35779804,0.58,0.0074793976,0.014676299,77.1594
United States,USA,2005,4.219231,72.59806,0.74890065,17.990454,266.42773,17.81,263.76,0.55,70.92,8.749464,263.76,2.834965,6.536819,17.81,0.19143015,0.44138896,0.55,0.007968791,0.013630765,90.5215
United States,USA,2006,4.6788607,73.08227,0.82443213,26.857714,285544,26.59,282.69,0.51,71.37,9.418474,282.69,3.0432415,6.9852777,26.59,0.28624138,0.65703964,0.51,0.008786548,0.012602114,117.979416
United States,USA,2007,4.3730087,73.86955,1.0954105,34.797905,243.04407,34.45,240.61,0.61,72.240005,8.39841,240.61,2.539321,5.8082304,34.45,0.36356807,0.8316094,0.61,0.011444834,0.014725159,162.89944
United States,USA,2008,5.0045505,73.551476,1.6330626,55.922325,251.05386,55.36,248.54,0.86,72.35,9.1809435,248.54,2.6716993,6.0508385,55.36,0.59512186,1.3477687,0.86,0.017378947,0.020937158,231.80676
United States,USA,2009,5.8000064,73.15986,2.0759604,74.632454,271.53308,73.89,268.82,0.89,71.96,10.547689,268.82,3.0205047,6.8231544,73.89,0.8302034,1.8754663,0.89,0.023092758,0.022589864,262.64377
United States,USA,2010,5.8405547,75.061844,3.0130365,95.60833,257.2747,94.65,254.7,1.21,73.92,10.3180895,254.7,2.7515795,6.1911454,94.65,1.0225409,2.3007143,1.21,0.032224737,0.029412193,309.5003
United States,USA,2011,6.8973193,75.77516,4.738904,121.3905,316.09534,120.18,312.93,1.82,74.81,12.466525,312.93,3.38955,7.6532145,120.18,1.3016932,2.9391983,1.82,0.05081616,0.044511072,345.2215
United States,USA,2012,6.886334,77.0361,9.037014,142.24414,274.03003,140.82,271.29,4.33,75.88,12.184118,271.29,2.9997473,6.713986,140.82,1.5571158,3.485066,4.33,0.09892624,0.10716045,330.10876
United States,USA,2013,7.1346164,80.665535,16.039696,169.5351,266.54984,167.84,263.88,9.04,79.62,12.831115,263.88,2.8236425,6.5065427,167.84,1.7959362,4.138465,9.04,0.16991329,0.2229011,344545
United States,USA,2014,7.262891,84.07023,29.216162,183.49019,255.75058,181.65,253.19,28.92,83.07,13.35031,253.19,2.6652083,6.1813817,181.65,1.9121739,4.434804,28.92,0.30446523,0.706053,364.5882
United States,USA,2015,7.468743,83.73627,39.42626,192645,246.45312,190.72,243.99,39.03,82.75,13.626135,243.99,2.5777395,5.9743047,190.72,2.0149415,4.669943,39.03,0.41237307,0.95568305,375.11325
United States,USA,2016,8.285086,82.722565,55.4202,229.28542,263.76367,226.99,261.13,54.87,81.92,15.288093,261.13,2.7450182,6.3884077,226.99,2.3861992,5.5531907,54.87,0.57676435,1.3423656,399.23404
United States,USA,2017,9.082049,82.80032,78.05758,256.8714,296.80646,254.3,293.84,77.28,81.770004,17.451527,293.84,3.0593252,7.2511725,254.3,2.6476958,6.275433,77.28,0.8045766,1.9070604,411.9172
United States,USA,2018,8.964939,81.8932,94.30808,275.42166,289.5146,272.67,286.62,93.36,80.520004,17.44999,286.62,2.8621294,6.8217683,272.67,2.7228076,6.4897485,93.36,0.9323259,2.2220373,424.44006
United States,USA,2019,9.315263,76.82054,107.97374,298.8712,285.46765,295.88,282.61,106.89,75.38,18.294624,282.61,2.8319073,6.796156,295.88,2.9648738,7.115271,106.89,1.0711253,2.5704722,412.82147
United States,USA,2020,10.532232,74.30732,132.04141,341.35156,282.7805,337.94,279.95,130.72,72.79,20.315693,279.95,3.0197885,6.924006,337.94,3.645264,8.358273,130.72,1.4100589,3.2330987,374.58826
United States,USA,2021,10.655991,75.490265,165.35657,383.60327,257.6901,378.2,246.47,164.42,72.49,20.749863,246.47,2.6109571,5.9358606,378.2,3.88673,9.10838,164.42,1.6754191,3.9598093,398.84695
Uzbekistan,UZB,1985,3.4388773,,,,5.4314427,,5.4314427,,,,5.4314427,3.4388773,11.329905,,,,,,,
Uzbekistan,UZB,1986,2.9812472,,,,4.618273,,4.618273,,,,4.618273,2.9812472,8.852183,,,,,,,
Uzbekistan,UZB,1987,4.197023,,,,6.7705207,,6.7705207,,,,6.7705207,4.197023,12.365118,,,,,,,
Uzbekistan,UZB,1988,4.414184,,,,7.1638474,,7.1638474,,,,7.1638474,4.414184,14.160601,,,,,,,
Uzbekistan,UZB,1989,3.277205,,,,5.502153,,5.502153,,,,5.502153,3.277205,9.847429,,,,,,,
Uzbekistan,UZB,1990,3.7738037,0.0,0.0,0.0,6648,0.0,6648,0.0,0.0,11.802929,6648,3.7738037,11.802929,0.0,0.0,0.0,0.0,0.0,0.0,
Uzbekistan,UZB,1991,3.4650934,0.0,0.0,0.0,6031,0.0,6031,0.0,0.0,11.134497,6031,3.4650934,11.134497,0.0,0.0,0.0,0.0,0.0,0.0,
Uzbekistan,UZB,1992,3.806538,0.0,0.0,0.0,6281,0.0,6281,0.0,0.0,12.337216,6281,3.806538,12.337216,0.0,0.0,0.0,0.0,0.0,0.0,
Uzbekistan,UZB,1993,4.1460834,0.0,0.0,0.0,7358,0.0,7358,0.0,0.0,14.970803,7358,4.1460834,14.970803,0.0,0.0,0.0,0.0,0.0,0.0,
Uzbekistan,UZB,1994,4.1098585,0.0,0.0,0.0,7156,0.0,7156,0.0,0.0,14.970713,7156,4.1098585,14.970713,0.0,0.0,0.0,0.0,0.0,0.0,
Uzbekistan,UZB,1995,3.5991855,0.0,0.0,0.0,6188,0.0,6188,0.0,0.0,13.040273,6188,3.5991855,13.040273,0.0,0.0,0.0,0.0,0.0,0.0,
Uzbekistan,UZB,1996,3.6788318,0.0,0.0,0.0,6525,0.0,6525,0.0,0.0,14.366235,6525,3.6788318,14.366235,0.0,0.0,0.0,0.0,0.0,0.0,
Uzbekistan,UZB,1997,3.2915208,0.0,0.0,0.0,5777,0.0,5777,0.0,0.0,12.54397,5777,3.2915208,12.54397,0.0,0.0,0.0,0.0,0.0,0.0,
Uzbekistan,UZB,1998,3.286878,0.0,0.0,0.0,5758,0.0,5758,0.0,0.0,12.5446615,5758,3.286878,12.5446615,0.0,0.0,0.0,0.0,0.0,0.0,
Uzbekistan,UZB,1999,2.8663542,0.0,0.0,0.0,5692,0.0,5692,0.0,0.0,12.545182,5692,2.8663542,12.545182,0.0,0.0,0.0,0.0,0.0,0.0,
Uzbekistan,UZB,2000,2.8995407,0.0,0.0,0.0,5879,0.0,5.82,0.0,0.0,13.128806,5.82,2.8995407,13.128806,0.0,0.0,0.0,0.0,0.0,0.0,
Uzbekistan,UZB,2001,2.9385922,0.0,0.0,0.0,6017,0.0,5.9,0.0,0.0,13.125695,5.9,2.9385922,13.125695,0.0,0.0,0.0,0.0,0.0,0.0,
Uzbekistan,UZB,2002,2.9276025,0.0,0.0,0.0,6186,0.0,6.12,0.0,0.0,13.11335,6.12,2.9276025,13.11335,0.0,0.0,0.0,0.0,0.0,0.0,
Uzbekistan,UZB,2003,3.6696591,0.0,0.0,0.0,7.1548724,0.0,7.54,0.0,0.0,16.107668,7.54,3.6696591,16.107668,0.0,0.0,0.0,0.0,0.0,0.0,
Uzbekistan,UZB,2004,3.319612,0.0,0.0,0.0,6.4934173,0.0,8.92,0.0,0.0,18.818565,8.92,3.319612,18.818565,0.0,0.0,0.0,0.0,0.0,0.0,
Uzbekistan,UZB,2005,3.4994836,0.0,0.0,0.0,6.875604,0.0,8.84,0.0,0.0,18.820522,8.84,3.4994836,18.820522,0.0,0.0,0.0,0.0,0.0,0.0,
Uzbekistan,UZB,2006,3.1592808,0.0,0.0,0.0,5.8497224,0.0,4.65,0.0,0.0,10.592255,4.65,3.1592808,10.592255,0.0,0.0,0.0,0.0,0.0,0.0,
Uzbekistan,UZB,2007,3.2355347,0.0,0.0,0.0,6.4571,0.0,4.61,0.0,0.0,10.334005,4.61,3.2355347,10.334005,0.0,0.0,0.0,0.0,0.0,0.0,
Uzbekistan,UZB,2008,2.3289878,0.0,0.0,0.0,4.3859,0.0,4.44,0.0,0.0,11.044776,4.44,2.3289878,11.044776,0.0,0.0,0.0,0.0,0.0,0.0,
Uzbekistan,UZB,2009,3.447852,0.0,0.0,0.0,6.4833,0.0,6.42,0.0,0.0,14.394619,6.42,3.447852,14.394619,0.0,0.0,0.0,0.0,0.0,0.0,
Uzbekistan,UZB,2010,4.2804823,0.0,0.0,0.0,8.1921,0.0,8.11,0.0,0.0,16.46032,8.11,4.2804823,16.46032,0.0,0.0,0.0,0.0,0.0,0.0,
Uzbekistan,UZB,2011,2.823631,0.0,0.0,0.0,5.7213,0.0,5.65,0.0,0.0,11.315842,5.65,2.823631,11.315842,0.0,0.0,0.0,0.0,0.0,0.0,
Uzbekistan,UZB,2012,3.2085803,0.0,0.0,0.0,6.3549814,0.0,6.59,0.0,0.0,13.140578,6.59,3.2085803,13.140578,0.0,0.0,0.0,0.0,0.0,0.0,
Uzbekistan,UZB,2013,3.133465,0.0,0.0,0.0,6.27,0.0,5.65,0.0,0.0,10.945371,5.65,3.133465,10.945371,0.0,0.0,0.0,0.0,0.0,0.0,
Uzbekistan,UZB,2014,2.9718068,0.0,0.0,0.0,6.185008,0.0,6.01,0.0,0.0,11.402011,6.01,2.9718068,11.402011,0.0,0.0,0.0,0.0,0.0,0.0,
Uzbekistan,UZB,2015,3.0129926,0.0,0.0,0.0,6.020495,0.0,7.0,0.0,0.0,12.832264,7.0,3.0129926,12.832264,0.0,0.0,0.0,0.0,0.0,0.0,
Uzbekistan,UZB,2016,3.567936,0.0,0.004643,0.0,6.859814,0.0,7.25,0.0,0.0,12.946428,7.25,3.5655248,12.946428,0.0,0.0,0.0,0.0,0.0024108028,0.0,
Uzbekistan,UZB,2017,3.9722855,0.0,0.00629,0.0,7.929553,0.0,8.34,0.01,0.0,14.381675,8.34,3.9691355,14.36445,0.0,0.0,0.0,0.01,0.0031504296,0.017223561,
Uzbekistan,UZB,2018,2.9270332,0.0,0.006827,0.0,5.8973,0.0,5.84,0.01,0.0,9.8435135,5.84,2.92365,9.826687,0.0,0.0,0.0,0.01,0.0033832802,0.016826518,
Uzbekistan,UZB,2019,3.1970327,0.0,0.006827,0.0155,6.462083,0.0,6.46,0.01,0.0,10.7636,6.46,3.186024,10.7469635,0.0,0.0076420065,0.0,0.01,0.0033667285,0.016636167,
Uzbekistan,UZB,2020,2.523421,0.0,0.006845704,0.0,4.999217,0.0,5.0,0.01,0.0,8.954424,5.0,2.5199716,8.93655,0.0,0.0,0.0,0.01,0.0034494738,0.017873101,
Uzbekistan,UZB,2021,2.6506786,0.0,0.049468,0.0002462,5.4893365,0.0,5.0,0.01,0.0,8.46141,5.0,2.6268883,8.44452,0.0,0.000117857475,0.0,0.01,0.023672586,0.01688904,
Venezuela,VEN,1965,2.1140678,0.0,0.0,0.0,1369,0.0,1369,0.0,0.0,,1369,2.1140678,,0.0,0.0,,0.0,0.0,,
Venezuela,VEN,1966,2.1339145,0.0,0.0,0.0,1395,0.0,1395,0.0,0.0,,1395,2.1339145,,0.0,0.0,,0.0,0.0,,
Venezuela,VEN,1967,2.373532,0.0,0.0,0.0,1636,0.0,1636,0.0,0.0,,1636,2.373532,,0.0,0.0,,0.0,0.0,,
Venezuela,VEN,1968,3.6946752,0.0,0.0,0.0,2748,0.0,2748,0.0,0.0,,2748,3.6946752,,0.0,0.0,,0.0,0.0,,
Venezuela,VEN,1969,4.241876,0.0,0.0,0.0,3.19,0.0,3.19,0.0,0.0,,3.19,4.241876,,0.0,0.0,,0.0,0.0,,
Venezuela,VEN,1970,5.4061537,0.0,0.0,0.0,4104,0.0,4104,0.0,0.0,,4104,5.4061537,,0.0,0.0,,0.0,0.0,,
Venezuela,VEN,1971,6.983937,0.0,0.0,0.0,5.39,0.0,5.39,0.0,0.0,,5.39,6.983937,,0.0,0.0,,0.0,0.0,,
Venezuela,VEN,1972,7.378936,0.0,0.0,0.0,6.02,0.0,6.02,0.0,0.0,,6.02,7.378936,,0.0,0.0,,0.0,0.0,,
Venezuela,VEN,1973,6.668883,0.0,0.0,0.0,6225,0.0,6225,0.0,0.0,,6225,6.668883,,0.0,0.0,,0.0,0.0,,
Venezuela,VEN,1974,7.9816523,0.0,0.0,0.0,7707,0.0,7707,0.0,0.0,,7707,7.9816523,,0.0,0.0,,0.0,0.0,,
Venezuela,VEN,1975,8.893406,0.0,0.0,0.0,8931,0.0,8931,0.0,0.0,,8931,8.893406,,0.0,0.0,,0.0,0.0,,
Venezuela,VEN,1976,9.633482,0.0,0.0,0.0,10578,0.0,10578,0.0,0.0,,10578,9.633482,,0.0,0.0,,0.0,0.0,,
Venezuela,VEN,1977,9.939145,0.0,0.0,0.0,12163,0.0,12163,0.0,0.0,,12163,9.939145,,0.0,0.0,,0.0,0.0,,
Venezuela,VEN,1978,9.782297,0.0,0.0,0.0,12232,0.0,12232,0.0,0.0,,12232,9.782297,,0.0,0.0,,0.0,0.0,,
Venezuela,VEN,1979,10.329237,0.0,0.0,0.0,14.24,0.0,14.24,0.0,0.0,,14.24,10.329237,,0.0,0.0,,0.0,0.0,,
Venezuela,VEN,1980,9.454481,0.0,0.0,0.0,14587,0.0,14587,0.0,0.0,,14587,9.454481,,0.0,0.0,,0.0,0.0,,
Venezuela,VEN,1981,9.426736,0.0,0.0,0.0,15088,0.0,15088,0.0,0.0,,15088,9.426736,,0.0,0.0,,0.0,0.0,,
Venezuela,VEN,1982,9.688068,0.0,0.0,0.0,15814,0.0,15814,0.0,0.0,,15814,9.688068,,0.0,0.0,,0.0,0.0,,
Venezuela,VEN,1983,11.105163,0.0,0.0,0.0,18063,0.0,18063,0.0,0.0,,18063,11.105163,,0.0,0.0,,0.0,0.0,,
Venezuela,VEN,1984,12.205676,0.0,0.0,0.0,20243,0.0,20243,0.0,0.0,,20243,12.205676,,0.0,0.0,,0.0,0.0,,
Venezuela,VEN,1985,13.293667,0.0,0.0,0.0,22648,0.0,22648,0.0,0.0,47.89173,22648,13.293667,47.89173,0.0,0.0,0.0,0.0,0.0,0.0,
Venezuela,VEN,1986,13.745109,0.0,0.0,0.0,25159,0.0,25159,0.0,0.0,50.205544,25159,13.745109,50.205544,0.0,0.0,0.0,0.0,0.0,0.0,
Venezuela,VEN,1987,16.863821,0.0,0.0,0.0,30843,0.0,30843,0.0,0.0,56.97739,30843,16.863821,56.97739,0.0,0.0,0.0,0.0,0.0,0.0,
Venezuela,VEN,1988,17.953768,0.0,0.0,0.0,34203,0.0,34203,0.0,0.0,58.722633,34203,17.953768,58.722633,0.0,0.0,0.0,0.0,0.0,0.0,
Venezuela,VEN,1989,18.045057,0.0,0.0,0.0,34666,0.0,34666,0.0,0.0,60.16314,34666,18.045057,60.16314,0.0,0.0,0.0,0.0,0.0,0.0,
Venezuela,VEN,1990,18.11904,0.0,0.0,0.0,36983,0.0,36983,0.0,0.0,62.343864,36983,18.11904,62.343864,0.0,0.0,0.0,0.0,0.0,0.0,
Venezuela,VEN,1991,21.675652,0.0,0.0,0.0,44542,0.0,44542,0.0,0.0,70.3254,44542,21.675652,70.3254,0.0,0.0,0.0,0.0,0.0,0.0,
Venezuela,VEN,1992,21.255587,0.0,0.0,0.0,47271,0.0,47271,0.0,0.0,70.093414,47271,21.255587,70.093414,0.0,0.0,0.0,0.0,0.0,0.0,
Venezuela,VEN,1993,21.57694,0.0,0.0,0.0,47478,0.0,47478,0.0,0.0,68.429855,47478,21.57694,68.429855,0.0,0.0,0.0,0.0,0.0,0.0,
Venezuela,VEN,1994,21.46965,0.0,0.0,0.0,51284,0.0,51284,0.0,0.0,72.00685,51284,21.46965,72.00685,0.0,0.0,0.0,0.0,0.0,0.0,
Venezuela,VEN,1995,20.915274,0.0,0.0,0.0,51.45,0.0,51.45,0.0,0.0,70.05147,51.45,20.915274,70.05147,0.0,0.0,0.0,0.0,0.0,0.0,
Venezuela,VEN,1996,22.46204,0.0,0.0,0.0,53847,0.0,53847,0.0,0.0,71.2375,53847,22.46204,71.2375,0.0,0.0,0.0,0.0,0.0,0.0,
Venezuela,VEN,1997,22.598198,0.0,0.0,0.0,57268,0.0,57268,0.0,0.0,73.358444,57268,22.598198,73.358444,0.0,0.0,0.0,0.0,0.0,0.0,
Venezuela,VEN,1998,21.551678,0.0,0.0,0.0,57923,0.0,57923,0.0,0.0,71.59473,57923,21.551678,71.59473,0.0,0.0,0.0,0.0,0.0,0.0,
Venezuela,VEN,1999,22.529488,0.0,0.0,0.0,60.6,0.0,60.6,0.0,0.0,75.2001,60.6,22.529488,75.2001,0.0,0.0,0.0,0.0,0.0,0.0,
Venezuela,VEN,2000,22.723845,0.0,0.0,0.0,62886,0.0,62.2,0.0,0.0,74.723694,62.2,22.723845,74.723694,0.0,0.0,0.0,0.0,0.0,0.0,
Venezuela,VEN,2001,20.884945,0.0,0.0,0.0,60441,0.0,59.85,0.0,0.0,68.212906,59.85,20.884945,68.212906,0.0,0.0,0.0,0.0,0.0,0.0,
Venezuela,VEN,2002,20.203684,0.0,0.0,0.0,59534,0.0,58.94,0.0,0.0,68.020775,58.94,20.203684,68.020775,0.0,0.0,0.0,0.0,0.0,0.0,
Venezuela,VEN,2003,21.840666,0.0,0.0,0.0,60532,0.0,59.93,0.0,0.0,67.133415,59.93,21.840666,67.133415,0.0,0.0,0.0,0.0,0.0,0.0,
Venezuela,VEN,2004,23.130436,0.0,0.0,0.0,70075,0.0,69.37,0.0,0.0,72.1027,69.37,23.130436,72.1027,0.0,0.0,0.0,0.0,0.0,0.0,
Venezuela,VEN,2005,24.533659,0.0,0.0,0.0,77.08849,0.0,76.46,0.0,0.0,75.41177,76.46,24.533659,75.41177,0.0,0.0,0.0,0.0,0.0,0.0,
Venezuela,VEN,2006,24.401985,0.0,0.0,0.0,81.41334,0.0,80.78,0.0,0.0,74.865616,80.78,24.401985,74.865616,0.0,0.0,0.0,0.0,0.0,0.0,
Venezuela,VEN,2007,23.413424,0.0,0.0,0.0,83.03442,0.0,82.23,0.0,0.0,73.52468,82.23,23.413424,73.52468,0.0,0.0,0.0,0.0,0.0,0.0,
Venezuela,VEN,2008,24.75938,0.0,0.0,0.0,86.7129,0.0,85.97,0.0,0.0,73.80666,85.97,24.75938,73.80666,0.0,0.0,0.0,0.0,0.0,0.0,
Venezuela,VEN,2009,24.415695,0.0,0.0,0.0,85.83926,0.0,85.1,0.0,0.0,72.92203,85.1,24.415695,72.92203,0.0,0.0,0.0,0.0,0.0,0.0,
Venezuela,VEN,2010,22.484463,0.0,0.00246,0.0,76.65978,0.0,76.01,0.0,0.0,68.61347,76.01,22.48374,68.61347,0.0,0.0,0.0,0.0,0.00072207116,0.0,
Venezuela,VEN,2011,23.65197,0.0,0.00298,0.0,83.15471,0.0,82.83,0.0,0.0,71.98853,82.83,23.651121,71.98853,0.0,0.0,0.0,0.0,0.00084772846,0.0,
Venezuela,VEN,2012,22.079144,0.0,0.00522,0.0,81.73554,0.05,81.19,0.0,0.0,68.55118,81.19,22.077734,68.50899,0.05,0.0,0.042190533,0.0,0.0014092599,0.0,
Venezuela,VEN,2013,21.720543,0.0,0.00536,0.08827,81.49598,0.09,82.71,0.0,0.0,68.977005,82.71,21.695618,68.90203,0.09,0.023498965,0.07497501,0.0,0.0014272039,0.0,
Venezuela,VEN,2014,22.182087,0.0,0.00466,0.10943,80.36026,0.09,63.65,0.0,0.0,63.51769,63.65,22.150639,63428,0.09,0.03016348,0.0896861,0.0,0.0012831386,0.0,
Venezuela,VEN,2015,20.7983,0.0,0.00365,0.07354,74.77388,0.09,74.15,0.01,0.0,62.29027,74.15,20.776852,62.20638,0.09,0.020433994,0.07550336,0.01,0.001014609,0.008389262,
Venezuela,VEN,2016,19.946714,0.0,0.00365,0.09759,62.75605,0.09,62.33,0.01,0.0,59.6389,62.33,19.914585,59.54337,0.09,0.030968571,0.08597631,0.01,0.0011590478,0.009552923,
Venezuela,VEN,2017,21.93996,0.01634,0.00396,0.09522,70.03548,0.09,60.51,0.01,0.0,59.885387,60.51,21.902815,59.786583,0.09,0.029778989,0.08892402,0.01,0.0012371612,0.009880447,
Venezuela,VEN,2018,22.038906,0.01634,0.00396,0.09522,58.150475,0.09,58.15,0.01,0.0,59.884857,58.15,21.993937,59.78205,0.09,0.03601453,0.09252596,0.01,0.0014970746,0.010280662,
Venezuela,VEN,2019,22.608103,0.04611,0.00308,0.08329,49.63676,0.09,49.64,0.01,0.0,59.89163,49.64,22.543516,59.77122,0.09,0.037827827,0.10836845,0.01,0.0013975191,0.012040939,
Venezuela,VEN,2020,30.139423,0.0111,0.003088438,0.08351819,61.27791,0.09,62.51,0.01,0.0,66.4438,62.51,30.09027,66.337685,0.09,0.041011292,0.09551098,0.01,0.0015165611,0.010612331,
Venezuela,VEN,2021,28.434155,0.011069672,0.00308,0.08329,61.22147,0.09,61.0,0.01,0.0,64.48549,61.0,28.387844,64.379944,0.09,0.03862083,0.094986804,0.01,0.0014274933,0.01055409,
Vietnam,VNM,1965,3.4132664,0.0,0.0,0.0,0.34,0.0,0.34,0.0,0.0,,0.34,3.4132664,,0.0,0.0,,0.0,0.0,,
Vietnam,VNM,1966,2.240063,0.0,0.0,0.0,0.39,0.0,0.39,0.0,0.0,,0.39,2.240063,,0.0,0.0,,0.0,0.0,,
Vietnam,VNM,1967,1.7923458,0.0,0.0,0.0,0.43,0.0,0.43,0.0,0.0,,0.43,1.7923458,,0.0,0.0,,0.0,0.0,,
Vietnam,VNM,1968,1.9293603,0.0,0.0,0.0,0.48,0.0,0.48,0.0,0.0,,0.48,1.9293603,,0.0,0.0,,0.0,0.0,,
Vietnam,VNM,1969,1.8376924,0.0,0.0,0.0,0.54,0.0,0.54,0.0,0.0,,0.54,1.8376924,,0.0,0.0,,0.0,0.0,,
Vietnam,VNM,1970,1.9573318,0.0,0.0,0.0,0.6,0.0,0.6,0.0,0.0,,0.6,1.9573318,,0.0,0.0,,0.0,0.0,,
Vietnam,VNM,1971,2.2463305,0.0,0.0,0.0,614,0.0,614,0.0,0.0,,614,2.2463305,,0.0,0.0,,0.0,0.0,,
Vietnam,VNM,1972,1.5929766,0.0,0.0,0.0,422,0.0,422,0.0,0.0,,422,1.5929766,,0.0,0.0,,0.0,0.0,,
Vietnam,VNM,1973,1.5021533,0.0,0.0,0.0,0.42,0.0,0.42,0.0,0.0,,0.42,1.5021533,,0.0,0.0,,0.0,0.0,,
Vietnam,VNM,1974,2.01973,0.0,0.0,0.0,0.42,0.0,0.42,0.0,0.0,,0.42,2.01973,,0.0,0.0,,0.0,0.0,,
Vietnam,VNM,1975,2.1631021,0.0,0.0,0.0,0.5,0.0,0.5,0.0,0.0,,0.5,2.1631021,,0.0,0.0,,0.0,0.0,,
Vietnam,VNM,1976,4.162711,0.0,0.0,0.0,557,0.0,557,0.0,0.0,,557,4.162711,,0.0,0.0,,0.0,0.0,,
Vietnam,VNM,1977,4.191827,0.0,0.0,0.0,0.6,0.0,0.6,0.0,0.0,,0.6,4.191827,,0.0,0.0,,0.0,0.0,,
Vietnam,VNM,1978,5.387956,0.0,0.0,0.0,0.8,0.0,0.8,0.0,0.0,,0.8,5.387956,,0.0,0.0,,0.0,0.0,,
Vietnam,VNM,1979,6.24933,0.0,0.0,0.0,1.0,0.0,1.0,0.0,0.0,,1.0,6.24933,,0.0,0.0,,0.0,0.0,,
Vietnam,VNM,1980,8.125603,0.0,0.0,0.0,1488,0.0,1488,0.0,0.0,,1488,8.125603,,0.0,0.0,,0.0,0.0,,
Vietnam,VNM,1981,8.210464,0.0,0.0,0.0,1507,0.0,1507,0.0,0.0,,1507,8.210464,,0.0,0.0,,0.0,0.0,,
Vietnam,VNM,1982,7.957215,0.0,0.0,0.0,1.56,0.0,1.56,0.0,0.0,,1.56,7.957215,,0.0,0.0,,0.0,0.0,,
Vietnam,VNM,1983,5.9674644,0.0,0.0,0.0,1223,0.0,1223,0.0,0.0,,1223,5.9674644,,0.0,0.0,,0.0,0.0,,
Vietnam,VNM,1984,7.7337303,0.0,0.0,0.0,1599,0.0,1599,0.0,0.0,,1599,7.7337303,,0.0,0.0,,0.0,0.0,,
Vietnam,VNM,1985,7.0842223,0.0,0.0,0.0,1477,0.0,1477,0.0,0.0,29.137897,1477,7.0842223,29.137897,0.0,0.0,0.0,0.0,0.0,0.0,
Vietnam,VNM,1986,6.225277,0.0,0.0,0.0,1407,0.0,1407,0.0,0.0,25.456848,1407,6.225277,25.456848,0.0,0.0,0.0,0.0,0.0,0.0,
Vietnam,VNM,1987,5.4386163,0.0,0.0,0.0,1384,0.0,1384,0.0,0.0,22.872252,1384,5.4386163,22.872252,0.0,0.0,0.0,0.0,0.0,0.0,
Vietnam,VNM,1988,7.0410004,0.0,0.0,0.0,1791,0.0,1791,0.0,0.0,26.396463,1791,7.0410004,26.396463,0.0,0.0,0.0,0.0,0.0,0.0,
Vietnam,VNM,1989,15.831217,0.0,0.0,0.0,3838,0.0,3838,0.0,0.0,49.30627,3838,15.831217,49.30627,0.0,0.0,0.0,0.0,0.0,0.0,
Vietnam,VNM,1990,20.584053,0.0,0.0,0.0,5369,0.0,5369,0.0,0.0,61.847717,5369,20.584053,61.847717,0.0,0.0,0.0,0.0,0.0,0.0,
Vietnam,VNM,1991,23.790989,0.0,0.0,0.0,6317,0.0,6317,0.0,0.0,68.58849,6317,23.790989,68.58849,0.0,0.0,0.0,0.0,0.0,0.0,
Vietnam,VNM,1992,24.912485,0.0,0.0,0.0,7228,0.0,7228,0.0,0.0,74.47707,7228,24.912485,74.47707,0.0,0.0,0.0,0.0,0.0,0.0,
Vietnam,VNM,1993,24.039852,0.0,0.0,0.0,7965,0.0,7965,0.0,0.0,74.70456,7965,24.039852,74.70456,0.0,0.0,0.0,0.0,0.0,0.0,
Vietnam,VNM,1994,24.972696,0.0,0.0,0.0,9243,0.0,9243,0.0,0.0,75.21973,9243,24.972696,75.21973,0.0,0.0,0.0,0.0,0.0,0.0,
Vietnam,VNM,1995,24.608881,0.0,0.0,0.0,10582,0.0,10582,0.0,0.0,72.24194,10582,24.608881,72.24194,0.0,0.0,0.0,0.0,0.0,0.0,
Vietnam,VNM,1996,24.358139,0.0,0.0,0.0,12008,0.0,12008,0.0,0.0,70.868744,12008,24.358139,70.868744,0.0,0.0,0.0,0.0,0.0,0.0,
Vietnam,VNM,1997,20.527613,0.0,0.0,0.0,11657,0.0,11657,0.0,0.0,60.92933,11657,20.527613,60.92933,0.0,0.0,0.0,0.0,0.0,0.0,
Vietnam,VNM,1998,18.064955,0.0,0.0,0.0,11095,0.0,11095,0.0,0.0,51.157322,11095,18.064955,51.157322,0.0,0.0,0.0,0.0,0.0,0.0,
Vietnam,VNM,1999,21.659023,0.0,0.0,0.0,13774,0.0,13774,0.0,0.0,58.46598,13774,21.659023,58.46598,0.0,0.0,0.0,0.0,0.0,0.0,
Vietnam,VNM,2000,20.092161,0.0,0.0,0.0,14551,0.0,14.55,0.0,0.0,54.781628,14.55,20.092161,54.781628,0.0,0.0,0.0,0.0,0.0,0.0,
Vietnam,VNM,2001,22.102148,0.0,0.0,0.0,18.21,0.0,18.21,0.0,0.0,59.490356,18.21,22.102148,59.490356,0.0,0.0,0.0,0.0,0.0,0.0,
Vietnam,VNM,2002,20.06266,0.0,0.0,0.0,18198,0.0,18.2,0.0,0.0,50.837994,18.2,20.06266,50.837994,0.0,0.0,0.0,0.0,0.0,0.0,
Vietnam,VNM,2003,19.297657,0.0,0.0,0.0,18986,0.0,18.99,0.0,0.0,46.396286,18.99,19.297657,46.396286,0.0,0.0,0.0,0.0,0.0,0.0,
Vietnam,VNM,2004,14.763954,0.0,0.0,0.0,17818,0.0,17.82,0.0,0.0,38.571426,17.82,14.763954,38.571426,0.0,0.0,0.0,0.0,0.0,0.0,
Vietnam,VNM,2005,12.846748,0.05,0.0,0.0,16535,0.0,16.53,0.0,0.05,31.835636,16.53,12.803586,31.739632,0.0,0.0,0.0,0.0,0.0,0.0,
Vietnam,VNM,2006,16.60724,65,0.0,0.0,19711,0.0,19.71,0.0,65,34.145077,19.71,16.546026,34.041447,0.0,0.0,0.0,0.0,0.0,0.0,
Vietnam,VNM,2007,17.202272,79,0.0,0.0,22437,0.0,22.44,0.0,79,35.09975,22.44,17.134165,34.97506,0.0,0.0,0.0,0.0,0.0,0.0,
Vietnam,VNM,2008,16.009518,55,0.0,0.0017,25984,0.0,25.98,0.0,55,36.68781,25.98,15.970074,36.617336,0.0,0.0010449886,0.0,0.0,0.0,0.0,
Vietnam,VNM,2009,17.94802,62,0.0,0.0116,29977,0.01,29.98,0.0,62,37.264385,29.98,17.89878,37.177578,0.01,0.006926192,0.012400794,0.0,0.0,0.0,
Vietnam,VNM,2010,14.7117405,55,0.005896,0.0407,28.52437,0.04,28.52,0.01,55,31.203663,28.52,14.655302,31.094635,0.04,0.02091093,0.04361099,0.01,0.0030285723,0.0109027475,
Vietnam,VNM,2011,19.027452,56,0.005896,0.0407,41.075672,0.04,41.08,0.01,56,40.577282,41.08,18.975988,40.468918,0.04,0.018802434,0.039404985,0.01,0.0027259474,0.009851246,
Vietnam,VNM,2012,23.388845,57,0.005896,0.0407,53.30537,0.04,53.31,0.01,57,46.391663,53.31,23.33939,46.296135,0.04,0.017820198,0.0347373,0.01,0.0025815575,0.008684325,
Vietnam,VNM,2013,23.877512,58,0.005896,0.0689,57.819687,0.07,57.82,0.01,58,46.56918,57.82,23.818714,46.45669,0.07,0.028383244,0.05624297,0.01,0.0024268047,0.00803471,
Vietnam,VNM,2014,23.07397,59,0.006669,0.0689,62.164936,0.07,62.16,0.01,59,44.106194,62.16,23.020245,44.00708,0.07,0.025514312,0.049557522,0.01,0.002468031,0.007079646,
Vietnam,VNM,2015,18.584494,0.07,0.006669,0.1767,57.170845,0.18,57.17,0.01,0.07,36.359608,57.17,18.498314,36195,0.18,0.057173427,0.11396012,0.01,0.0021593717,0.0063311174,
Vietnam,VNM,2016,19.181915,68,0.00529,201,64167,0.2,64.17,0.01,68,36.671406,64.17,19.096388,36.512093,0.2,0.059818495,0.11379801,0.01,0.0015748991,0.0056899004,
Vietnam,VNM,2017,24.208347,0.076454,0.007992,0.35,87599,0.35,87.6,0.01,0.076454,45.949894,87.6,24.084703,45.72025,0.35,0.09622995,0.18267223,0.01,0.0021982454,0.0052192067,
Vietnam,VNM,2018,20.761816,0.12621,0.104992,487,84489,0.49,84.49,0.1,0.12621,40.733303,84.49,20.58052,40.38912,0.49,0.11862744,0.23423682,0.1,0.025574816,0.04780343,
Vietnam,VNM,2019,15.891139,0.12621,5.25179,722,66542,0.72,66.54,5.25,0.12621,31.940903,66.54,14.55137,29.25864,0.72,0.15788656,0.31659484,5.25,1.1484587,2.308504,
Vietnam,VNM,2020,19.136663,0.12621,10.86,1.07379,73382,1.07,73.38,10.86,0.12621,36.29567,73.38,16.430325,31.172472,1.07,0.24042295,0.4545455,10.86,2.431568,4.6134243,
Vietnam,VNM,2021,22.734407,0.1580361,25.77042,2.391613,75.899475,2.39,75.9,25.77,0.1580361,42.578747,75.9,16.551159,31.008701,2.39,0.5215315,0.9764269,25.77,5.6196747,10.528251,
